shell_index,radius_m,axial_spacing_m,circumferential_points,endpoint_padding_m
0,1.00000000,0.80000000,8,1.00000000
1,1.60000000,1.00000000,8,1.50000000
2,2.50000000,1.40000000,10,2.00000000
3,4.00000000,2.00000000,10,2.80000000
4,6.20000000,3.20000000,12,4.00000000
5,9.50000000,4.80000000,12,5.50000000
6,14.00000000,7.20000000,12,8.00000000
7,20.00000000,10.50000000,12,11.00000000
8,28.00000000,15.00000000,12,15.00000000
