name,kind,material_id,surface_marker,tag_shape,center_x_m,center_y_m,center_z_m,radius_m,z_min_m,z_max_m,surface_points,surface_facets,refinement_points,points_added
injection_borehole,injection_borehole,6,11,vertical_cylinder,5000.0000000000,5000.0000000000,-109.0000000000,0.7500000000,-217.5000000000,-0.5000000000,2330,4656,8860,11190
AVN2,strainmeter_sensor,7,12,sphere,5160.0000000000,5185.0000000000,-720.0000000000,0.2500000000,,,42,80,420,462
AVN87,strainmeter_sensor,8,13,sphere,5460.0000000000,5185.0000000000,-720.0000000000,0.2500000000,,,42,80,420,462
AVN31,strainmeter_sensor,9,14,sphere,5350.0000000000,4720.0000000000,-230.0000000000,0.2500000000,,,42,80,420,462
