name,kind,purpose,source_sensor_id,material_id,color_hint,tag_shape,center_x_m,center_y_m,center_z_m,tag_radius_m,tag_z_min_m,tag_z_max_m,tagged_node_count,minimum_tagged_x_m,maximum_tagged_x_m,minimum_tagged_y_m,maximum_tagged_y_m,minimum_tagged_z_m,maximum_tagged_z_m
injection_borehole,injection_borehole,Injection well from the HEC top toward the model top,,6,,vertical_cylinder,5000.0000000000,5000.0000000000,-109.0000000000,0.7500000000,-217.5000000000,-0.5000000000,2438,4999.2534528512,5000.7465471488,4999.2534528512,5000.7465471488,-217.5000000000,-0.5000000000
AVN2,strainmeter_sensor,Shallow coupled strainmeter,AVN2,7,,sphere,5160.0000000000,5185.0000000000,-720.0000000000,0.2500000000,,,42,5159.7501761367,5160.2498238633,5184.7502121728,5185.2497878272,-720.2391390425,-719.7608609575
AVN87,strainmeter_sensor,Shallow coupled strainmeter,AVN87,8,,sphere,5460.0000000000,5185.0000000000,-720.0000000000,0.2500000000,,,42,5459.7502262860,5460.2497737140,5184.7518578128,5185.2481421872,-720.2481624454,-719.7518375546
AVN31,strainmeter_sensor,Deep strainmeter near HEC,AVN31,9,,sphere,5350.0000000000,4720.0000000000,-230.0000000000,0.2500000000,,,42,5349.7575844670,5350.2424155330,4719.7522424855,4720.2477575145,-230.2442496693,-229.7557503307
