
================================
  PFLOTRAN Development Version
================================

pflotran card:: GRID
pflotran card:: NUMERICAL_METHODS
pflotran card:: TIME
pflotran card:: REFERENCE_PRESSURE
"Reference Pressure units" set to default value.
pflotran card:: MATERIAL_PROPERTY
  Name :: overburden
pflotran card:: MATERIAL_PROPERTY
  Name :: bartlesville_sand
pflotran card:: MATERIAL_PROPERTY
  Name :: basal_layer
pflotran card:: MATERIAL_PROPERTY
  Name :: underburden
pflotran card:: MATERIAL_PROPERTY
  Name :: hec
pflotran card:: MATERIAL_PROPERTY
  Name :: injection_borehole
pflotran card:: MATERIAL_PROPERTY
  Name :: AVN2
pflotran card:: MATERIAL_PROPERTY
  Name :: AVN87
pflotran card:: MATERIAL_PROPERTY
  Name :: AVN31
pflotran card:: CHARACTERISTIC_CURVES
  Name :: default
pflotran card:: OUTPUT
"OUTPUT,SNAPSHOT_FILE,FORMAT,HDF5" set to default value.
pflotran card:: REGION
All
pflotran card:: REGION
top
pflotran card:: REGION
bottom
pflotran card:: REGION
north
pflotran card:: REGION
south
pflotran card:: REGION
east
pflotran card:: REGION
west
pflotran card:: REGION
injection_borehole
pflotran card:: REGION
strainmeter_sensors
pflotran card:: REGION
AVN2
pflotran card:: REGION
AVN87
pflotran card:: REGION
AVN31
pflotran card:: FLOW_CONDITION
initial
pflotran card:: FLOW_CONDITION
far_field_pressure
pflotran card:: FLOW_CONDITION
noflow
pflotran card:: FLOW_CONDITION
injection
pflotran card:: INITIAL_CONDITION
"Initial Condition name" set to default value.
pflotran card:: SOURCE_SINK
pflotran card:: BOUNDARY_CONDITION
pflotran card:: BOUNDARY_CONDITION
pflotran card:: BOUNDARY_CONDITION
pflotran card:: BOUNDARY_CONDITION
pflotran card:: BOUNDARY_CONDITION
pflotran card:: BOUNDARY_CONDITION
pflotran card:: STRATA
pflotran card:: END_SUBSURFACE

 *GEOMECH_GRAV
  gravity    =  [m/s^2]     0.0000E+00  0.0000E+00 -9.8100E+00
word :: GEOMECHANICS_MAPPING_FILE
word :: GEOMECHANICS_GRID
word :: GEOMECHANICS_TIME
word :: GEOMECHANICS_REGION
overburden
word :: GEOMECHANICS_REGION
bartlesville_sand
word :: GEOMECHANICS_REGION
basal_layer
word :: GEOMECHANICS_REGION
underburden
word :: GEOMECHANICS_REGION
hec
word :: GEOMECHANICS_REGION
injection_borehole
word :: GEOMECHANICS_REGION
strainmeter_sensors
word :: GEOMECHANICS_REGION
AVN2
word :: GEOMECHANICS_REGION
AVN87
word :: GEOMECHANICS_REGION
AVN31
word :: GEOMECHANICS_REGION
west
word :: GEOMECHANICS_REGION
east
word :: GEOMECHANICS_REGION
north
word :: GEOMECHANICS_REGION
south
word :: GEOMECHANICS_REGION
bottom
word :: GEOMECHANICS_REGION
top
word :: GEOMECHANICS_MATERIAL_PROPERTY
word :: GEOMECHANICS_MATERIAL_PROPERTY
word :: GEOMECHANICS_MATERIAL_PROPERTY
word :: GEOMECHANICS_MATERIAL_PROPERTY
word :: GEOMECHANICS_MATERIAL_PROPERTY
word :: GEOMECHANICS_MATERIAL_PROPERTY
word :: GEOMECHANICS_MATERIAL_PROPERTY
word :: GEOMECHANICS_MATERIAL_PROPERTY
word :: GEOMECHANICS_MATERIAL_PROPERTY
word :: GEOMECHANICS_STRATA
word :: GEOMECHANICS_STRATA
word :: GEOMECHANICS_STRATA
word :: GEOMECHANICS_STRATA
word :: GEOMECHANICS_STRATA
word :: GEOMECHANICS_STRATA
word :: GEOMECHANICS_STRATA
word :: GEOMECHANICS_STRATA
word :: GEOMECHANICS_STRATA
word :: GEOMECHANICS_CONDITION
west_roller
word :: GEOMECHANICS_CONDITION
east_roller
word :: GEOMECHANICS_CONDITION
north_roller
word :: GEOMECHANICS_CONDITION
south_roller
word :: GEOMECHANICS_CONDITION
bottom_fix
word :: GEOMECHANICS_BOUNDARY_CONDITION
word :: GEOMECHANICS_BOUNDARY_CONDITION
word :: GEOMECHANICS_BOUNDARY_CONDITION
word :: GEOMECHANICS_BOUNDARY_CONDITION
word :: GEOMECHANICS_BOUNDARY_CONDITION
word :: GEOMECHANICS_OUTPUT
"GEOMECHANICS_OUTPUT,FORMAT,HDF5,# FILES" set to default value.

Number of processes: 5

Extent of Gridded Domain
 X: 0.000000E+00 - 1.000000E+04
 Y: 0.000000E+00 - 1.000000E+04
 Z: -1.535000E+03 - 0.000000E+00

Size of Gridded Domain
 Number of grid cells: 52475
 Maximum number of grid cells per process: 10803
 Minimum number of grid cells per process: 10106

Min/Max Cell Volumes [m^3]
 Maximum: 7.488341E+19
 Minimum: 2.077872E-03
Opening hdf5 file: /home/kwesi/yaomesh/Pflotran_files_codes/./bartlesville_hec_material_ids.h5
Setting up grid cell indices
Opening group: Materials
Reading dataset: Materials/Cell Ids
  0.00 Seconds to set up indices
Reading dataset: Materials/Material Ids
  0.00 Seconds to read integer array.
Closing group: Materials
Closing hdf5 file: /home/kwesi/yaomesh/Pflotran_files_codes/./bartlesville_hec_material_ids.h5

Number of active grid cells: 52475
Number of inactive grid cells: 0


=+=+=+=+=+=+=+=+=+=+=+=+=+=+=+=+=+=+=+=+=+=+=+=+=+=+=+=+=+=+=+=+=+=+=+=+=+=+=+=+

  Initial Condition

--------------------------------------------------------------------------------
          Flow Condition:   initial
                  Region:   All
--------------------------------------------------------------------------------

  Flow Condition: initial
    Synchronize time with update: no
    Time units: yr
    Length units: m
      Datum:
        Dataset: Unnamed Ascii Dataset
          Type: dataset_ascii_type
          Transient: no
          Array Rank:  3

    Sub Condition: pressure
      Type: hydrostatic
      Gradient:
        Dataset: Unnamed Ascii Dataset
          Type: dataset_ascii_type
          Transient: no
          Array Rank:  3
      Data:
        Dataset: Unnamed Ascii Dataset
          Type: dataset_ascii_type
          Transient: no
          Array Rank:  1

--------------------------------------------------------------------------------

=+=+=+=+=+=+=+=+=+=+=+=+=+=+=+=+=+=+=+=+=+=+=+=+=+=+=+=+=+=+=+=+=+=+=+=+=+=+=+=+

  Boundary Condition

--------------------------------------------------------------------------------
          Flow Condition:   far_field_pressure
                  Region:   west
--------------------------------------------------------------------------------

  Flow Condition: far_field_pressure
    Synchronize time with update: no
    Time units: yr
    Length units: m
      Datum:
        Dataset: Unnamed Ascii Dataset
          Type: dataset_ascii_type
          Transient: no
          Array Rank:  3

    Sub Condition: pressure
      Type: hydrostatic
      Gradient:
        Dataset: Unnamed Ascii Dataset
          Type: dataset_ascii_type
          Transient: no
          Array Rank:  3
      Data:
        Dataset: Unnamed Ascii Dataset
          Type: dataset_ascii_type
          Transient: no
          Array Rank:  1

--------------------------------------------------------------------------------

=+=+=+=+=+=+=+=+=+=+=+=+=+=+=+=+=+=+=+=+=+=+=+=+=+=+=+=+=+=+=+=+=+=+=+=+=+=+=+=+

  Boundary Condition

--------------------------------------------------------------------------------
          Flow Condition:   far_field_pressure
                  Region:   east
--------------------------------------------------------------------------------

  Flow Condition: far_field_pressure
    Synchronize time with update: no
    Time units: yr
    Length units: m
      Datum:
        Dataset: Unnamed Ascii Dataset
          Type: dataset_ascii_type
          Transient: no
          Array Rank:  3

    Sub Condition: pressure
      Type: hydrostatic
      Gradient:
        Dataset: Unnamed Ascii Dataset
          Type: dataset_ascii_type
          Transient: no
          Array Rank:  3
      Data:
        Dataset: Unnamed Ascii Dataset
          Type: dataset_ascii_type
          Transient: no
          Array Rank:  1

--------------------------------------------------------------------------------

=+=+=+=+=+=+=+=+=+=+=+=+=+=+=+=+=+=+=+=+=+=+=+=+=+=+=+=+=+=+=+=+=+=+=+=+=+=+=+=+

  Boundary Condition

--------------------------------------------------------------------------------
          Flow Condition:   far_field_pressure
                  Region:   north
--------------------------------------------------------------------------------

  Flow Condition: far_field_pressure
    Synchronize time with update: no
    Time units: yr
    Length units: m
      Datum:
        Dataset: Unnamed Ascii Dataset
          Type: dataset_ascii_type
          Transient: no
          Array Rank:  3

    Sub Condition: pressure
      Type: hydrostatic
      Gradient:
        Dataset: Unnamed Ascii Dataset
          Type: dataset_ascii_type
          Transient: no
          Array Rank:  3
      Data:
        Dataset: Unnamed Ascii Dataset
          Type: dataset_ascii_type
          Transient: no
          Array Rank:  1

--------------------------------------------------------------------------------

=+=+=+=+=+=+=+=+=+=+=+=+=+=+=+=+=+=+=+=+=+=+=+=+=+=+=+=+=+=+=+=+=+=+=+=+=+=+=+=+

  Boundary Condition

--------------------------------------------------------------------------------
          Flow Condition:   far_field_pressure
                  Region:   south
--------------------------------------------------------------------------------

  Flow Condition: far_field_pressure
    Synchronize time with update: no
    Time units: yr
    Length units: m
      Datum:
        Dataset: Unnamed Ascii Dataset
          Type: dataset_ascii_type
          Transient: no
          Array Rank:  3

    Sub Condition: pressure
      Type: hydrostatic
      Gradient:
        Dataset: Unnamed Ascii Dataset
          Type: dataset_ascii_type
          Transient: no
          Array Rank:  3
      Data:
        Dataset: Unnamed Ascii Dataset
          Type: dataset_ascii_type
          Transient: no
          Array Rank:  1

--------------------------------------------------------------------------------

=+=+=+=+=+=+=+=+=+=+=+=+=+=+=+=+=+=+=+=+=+=+=+=+=+=+=+=+=+=+=+=+=+=+=+=+=+=+=+=+

  Boundary Condition

--------------------------------------------------------------------------------
          Flow Condition:   noflow
                  Region:   top
--------------------------------------------------------------------------------

  Flow Condition: noflow
    Synchronize time with update: no
    Time units: yr
    Length units: m
      Datum:

    Sub Condition: pressure
      Type: neumann
      Gradient:
      Data:
        Dataset: Unnamed Ascii Dataset
          Type: dataset_ascii_type
          Transient: no
          Array Rank:  1

--------------------------------------------------------------------------------

=+=+=+=+=+=+=+=+=+=+=+=+=+=+=+=+=+=+=+=+=+=+=+=+=+=+=+=+=+=+=+=+=+=+=+=+=+=+=+=+

  Boundary Condition

--------------------------------------------------------------------------------
          Flow Condition:   noflow
                  Region:   bottom
--------------------------------------------------------------------------------

  Flow Condition: noflow
    Synchronize time with update: no
    Time units: yr
    Length units: m
      Datum:

    Sub Condition: pressure
      Type: neumann
      Gradient:
      Data:
        Dataset: Unnamed Ascii Dataset
          Type: dataset_ascii_type
          Transient: no
          Array Rank:  1

--------------------------------------------------------------------------------

=+=+=+=+=+=+=+=+=+=+=+=+=+=+=+=+=+=+=+=+=+=+=+=+=+=+=+=+=+=+=+=+=+=+=+=+=+=+=+=+

  Source/Sink

--------------------------------------------------------------------------------
          Flow Condition:   injection
                  Region:   injection_borehole
--------------------------------------------------------------------------------

  Flow Condition: injection
    Synchronize time with update: yes
    Time units: yr
    Length units: m
      Datum:

    Sub Condition: rate
      Type: scaled volumetric rate
      Gradient:
      Data:
        Dataset: Unnamed Ascii Dataset
          Type: dataset_ascii_type
          Is transient?: yes
          Number of times:      4
          Is cyclic?: no
          Buffer:
            Rank:  2
            Dims:    1   4
            Buffer Slice Size:   0
          Array Rank:  1

--------------------------------------------------------------------------------
Default HDF5 method is used in Initialization
  Beginning setup of FLOW SNES
 number of dofs =   1, number of phases =   1
 mode = Richards: p
  Finished setting up FLOW SNES

 Requested processors =     5

=+=+=+=+=+=+=+=+=+=+=+=+=+=+=+=+=+=+=+=+=+=+=+=+=+=+=+=+=+=+=+=+=+=+=+=+=+=+=+=+

  Geomech Boundary Condition

--------------------------------------------------------------------------------
          Geomech Condition:   west_roller
                  Region:   west
--------------------------------------------------------------------------------

  Geomech Condition: west_roller
    Synchronize time with update: no
    Time units: yr
    Length units: m

    Sub Condition: displacement_x
      Type: dirichlet
      Geomech Dataset:
TODO(geh): add DatasetPrint()

--------------------------------------------------------------------------------

=+=+=+=+=+=+=+=+=+=+=+=+=+=+=+=+=+=+=+=+=+=+=+=+=+=+=+=+=+=+=+=+=+=+=+=+=+=+=+=+

  Geomech Boundary Condition

--------------------------------------------------------------------------------
          Geomech Condition:   east_roller
                  Region:   east
--------------------------------------------------------------------------------

  Geomech Condition: east_roller
    Synchronize time with update: no
    Time units: yr
    Length units: m

    Sub Condition: displacement_x
      Type: dirichlet
      Geomech Dataset:
TODO(geh): add DatasetPrint()

--------------------------------------------------------------------------------

=+=+=+=+=+=+=+=+=+=+=+=+=+=+=+=+=+=+=+=+=+=+=+=+=+=+=+=+=+=+=+=+=+=+=+=+=+=+=+=+

  Geomech Boundary Condition

--------------------------------------------------------------------------------
          Geomech Condition:   north_roller
                  Region:   north
--------------------------------------------------------------------------------

  Geomech Condition: north_roller
    Synchronize time with update: no
    Time units: yr
    Length units: m

    Sub Condition: displacement_y
      Type: dirichlet
      Geomech Dataset:
TODO(geh): add DatasetPrint()

--------------------------------------------------------------------------------

=+=+=+=+=+=+=+=+=+=+=+=+=+=+=+=+=+=+=+=+=+=+=+=+=+=+=+=+=+=+=+=+=+=+=+=+=+=+=+=+

  Geomech Boundary Condition

--------------------------------------------------------------------------------
          Geomech Condition:   south_roller
                  Region:   south
--------------------------------------------------------------------------------

  Geomech Condition: south_roller
    Synchronize time with update: no
    Time units: yr
    Length units: m

    Sub Condition: displacement_y
      Type: dirichlet
      Geomech Dataset:
TODO(geh): add DatasetPrint()

--------------------------------------------------------------------------------

=+=+=+=+=+=+=+=+=+=+=+=+=+=+=+=+=+=+=+=+=+=+=+=+=+=+=+=+=+=+=+=+=+=+=+=+=+=+=+=+

  Geomech Boundary Condition

--------------------------------------------------------------------------------
          Geomech Condition:   bottom_fix
                  Region:   bottom
--------------------------------------------------------------------------------

  Geomech Condition: bottom_fix
    Synchronize time with update: no
    Time units: yr
    Length units: m

    Sub Condition: displacement_z
      Type: dirichlet
      Geomech Dataset:
TODO(geh): add DatasetPrint()

--------------------------------------------------------------------------------
  Beginning setup of GEOMECH KSP
  Finished setting up GEOMECH KSP
Geomechanics: starting geostatic preload hook.
Geomechanics: geostatic preload hook complete.

FLOW Time Stepper SNES
      maximum number of steps: 999999
constant time steps threshold: 5
       maximum number of cuts: 20
             reduction factor: 5.000000E-01
        maximum growth factor: 2.000000E+00
                 acceleration: on
       acceleration threshold: 5
       number of ramp entries: 5
                ramp entry #1: 2.0000
                ramp entry #2: 2.0000
                ramp entry #3: 2.0000
                ramp entry #4: 2.0000
                ramp entry #5: 2.0000
                ramp entry #6: 1.8000
                ramp entry #7: 1.6000
                ramp entry #8: 1.4000
                ramp entry #9: 1.2000
               ramp entry #10: 1.0000
               ramp entry #11: 1.0000
               ramp entry #12: 1.0000
               ramp entry #13: 1.0000

FLOW Newton Solver
                         atol: 1.000000E-50
                         rtol: 1.000000E-08
                         stol: 1.000000E-08
                         dtol: 1.000000E+04
                      maxnorm: 1.000000E+20
                    inftolres: -9.990000E+02
                    inftolupd: -9.990000E+02
                 inftolrelupd: -9.990000E+02
                 inftolsclres: -9.990000E+02
                     max iter: 50
                     min iter: 1
                         maxf: 10000
                  matrix type: baij
         precond. matrix type: baij
               inexact newton: off
            print convergence: on
   print detailed convergence: off
          check infinity norm: on

FLOW Linear Solver
                       solver: bcgs
               preconditioner: asm
                         atol: 1.000000E-50
                         rtol: 1.000000E-08
                         dtol: 1.000000E+04
            maximum iteration: 200

GEOMECHANICS Time Stepper KSP
      maximum number of steps: 999999
constant time steps threshold: 5
       maximum number of cuts: 16
             reduction factor: 5.000000E-01
        maximum growth factor: 2.000000E+00

GEOMECHANICS Newton Solver
                         atol: -2.000000E+00
                         rtol: -2.000000E+00
                         stol: -2.000000E+00
                         dtol: -2.000000E+00
                      maxnorm: 1.000000E+20
                    inftolres: -9.990000E+02
                    inftolupd: -9.990000E+02
                 inftolrelupd: -9.990000E+02
                 inftolsclres: -9.990000E+02
                     max iter: -2
                     min iter: 1
                         maxf: -2
                  matrix type: baij
         precond. matrix type: baij
               inexact newton: off
            print convergence: on
   print detailed convergence: off
          check infinity norm: on

GEOMECHANICS Linear Solver
                       solver: bcgs
               preconditioner:
                         atol: 1.000000E-50
                         rtol: 1.000000E-05
                         dtol: 1.000000E+04
            maximum iteration: 10000

 --> creating hdf5 output file: /home/kwesi/yaomesh/Pflotran_files_codes/geomech_inj_rec.h5
      0.01 Seconds to write HDF5 file.

 Finished Initialization


== RICHARDS FLOW ===============================================================
  0 2r: 8.19E-05 2x: 0.00E+00 2u: 0.00E+00 ir: 4.53E-06 iu: 0.00E+00 rsn:   0
  1 2r: 4.37E-06 2x: 1.72E+09 2u: 1.21E-02 ir: 9.54E-07 iu: 2.51E-03 rsn: stol

 Step      1 Time=  2.40000E-05 Dt=  2.40000E-05 [hour] conv_reason: 4
  newton =   1 [       1] linear =     1 [         1] cuts =  0 [   0]
  --> SNES Linear/Non-Linear Iterations = 1 / 1
  --> SNES Residual: 0.436794E-05 0.832385E-10 0.953674E-06
  --> max change: dpmx=   2.5078E-03

== GEOMECHANICS ================================================================

 Step      1 Time=  2.40000E-05 Dt=  2.40000E-05 [hour] conv_reason: 2
  linear =   141 [       141] cuts =  0 [   0]

== RICHARDS FLOW ===============================================================
  0 2r: 8.20E-05 2x: 0.00E+00 2u: 0.00E+00 ir: 4.53E-06 iu: 0.00E+00 rsn:   0
  1 2r: 5.27E-06 2x: 1.72E+09 2u: 2.40E-02 ir: 3.87E-07 iu: 5.01E-03 rsn: stol

 Step      2 Time=  7.20000E-05 Dt=  4.80000E-05 [hour] conv_reason: 4
  newton =   1 [       2] linear =     1 [         2] cuts =  0 [   0]
  --> SNES Linear/Non-Linear Iterations = 1 / 1
  --> SNES Residual: 0.527185E-05 0.100464E-09 0.387430E-06
  --> max change: dpmx=   5.0116E-03

== GEOMECHANICS ================================================================

 Step      2 Time=  7.20000E-05 Dt=  4.80000E-05 [hour] conv_reason: 2
  linear =   154 [       295] cuts =  0 [   0]

== RICHARDS FLOW ===============================================================
  0 2r: 8.19E-05 2x: 0.00E+00 2u: 0.00E+00 ir: 4.53E-06 iu: 0.00E+00 rsn:   0
  1 2r: 3.76E-06 2x: 1.72E+09 2u: 4.79E-02 ir: 4.02E-07 iu: 1.00E-02 rsn: stol

 Step      3 Time=  1.68000E-04 Dt=  9.60000E-05 [hour] conv_reason: 4
  newton =   1 [       3] linear =     1 [         3] cuts =  0 [   0]
  --> SNES Linear/Non-Linear Iterations = 1 / 1
  --> SNES Residual: 0.375598E-05 0.715765E-10 0.402331E-06
  --> max change: dpmx=   1.0007E-02

== GEOMECHANICS ================================================================

 Step      3 Time=  1.68000E-04 Dt=  9.60000E-05 [hour] conv_reason: 2
  linear =   133 [       428] cuts =  0 [   0]

== RICHARDS FLOW ===============================================================
  0 2r: 8.19E-05 2x: 0.00E+00 2u: 0.00E+00 ir: 4.53E-06 iu: 0.00E+00 rsn:   0
  1 2r: 2.57E-06 2x: 1.72E+09 2u: 9.54E-02 ir: 2.38E-07 iu: 1.99E-02 rsn: stol

 Step      4 Time=  3.60000E-04 Dt=  1.92000E-04 [hour] conv_reason: 4
  newton =   1 [       4] linear =     1 [         4] cuts =  0 [   0]
  --> SNES Linear/Non-Linear Iterations = 1 / 1
  --> SNES Residual: 0.257441E-05 0.490598E-10 0.238419E-06
  --> max change: dpmx=   1.9949E-02

== GEOMECHANICS ================================================================

 Step      4 Time=  3.60000E-04 Dt=  1.92000E-04 [hour] conv_reason: 2
  linear =   145 [       573] cuts =  0 [   0]

== RICHARDS FLOW ===============================================================
  0 2r: 8.18E-05 2x: 0.00E+00 2u: 0.00E+00 ir: 4.53E-06 iu: 0.00E+00 rsn:   0
  1 2r: 7.56E-07 2x: 1.72E+09 2u: 1.90E-01 ir: 1.27E-07 iu: 3.96E-02 rsn: stol

 Step      5 Time=  7.44000E-04 Dt=  3.84000E-04 [hour] conv_reason: 4
  newton =   1 [       5] linear =     1 [         5] cuts =  0 [   0]
  --> SNES Linear/Non-Linear Iterations = 1 / 1
  --> SNES Residual: 0.756145E-06 0.144096E-10 0.126660E-06
  --> max change: dpmx=   3.9636E-02

== GEOMECHANICS ================================================================

 Step      5 Time=  7.44000E-04 Dt=  3.84000E-04 [hour] conv_reason: 2
  linear =   139 [       712] cuts =  0 [   0]

== RICHARDS FLOW ===============================================================
  0 2r: 8.17E-05 2x: 0.00E+00 2u: 0.00E+00 ir: 4.53E-06 iu: 0.00E+00 rsn:   0
  1 2r: 4.64E-07 2x: 1.72E+09 2u: 3.78E-01 ir: 1.19E-07 iu: 7.82E-02 rsn: stol

 Step      6 Time=  1.51200E-03 Dt=  7.68000E-04 [hour] conv_reason: 4
  newton =   1 [       6] linear =     1 [         6] cuts =  0 [   0]
  --> SNES Linear/Non-Linear Iterations = 1 / 1
  --> SNES Residual: 0.464223E-06 0.884656E-11 0.119209E-06
  --> max change: dpmx=   7.8243E-02

== GEOMECHANICS ================================================================

 Step      6 Time=  1.51200E-03 Dt=  7.68000E-04 [hour] conv_reason: 2
  linear =   142 [       854] cuts =  0 [   0]

== RICHARDS FLOW ===============================================================
  0 2r: 4.95E-04 2x: 0.00E+00 2u: 0.00E+00 ir: 4.88E-04 iu: 0.00E+00 rsn:   0
  1 2r: 4.88E-04 2x: 1.72E+09 2u: 7.52E-01 ir: 4.88E-04 iu: 1.52E-01 rsn: stol

 Step      7 Time=  3.04800E-03 Dt=  1.53600E-03 [hour] conv_reason: 4
  newton =   1 [       7] linear =     1 [         7] cuts =  0 [   0]
  --> SNES Linear/Non-Linear Iterations = 1 / 1
  --> SNES Residual: 0.488281E-03 0.930503E-08 0.488281E-03
  --> max change: dpmx=   1.5248E-01

== GEOMECHANICS ================================================================

 Step      7 Time=  3.04800E-03 Dt=  1.53600E-03 [hour] conv_reason: 2
  linear =   140 [       994] cuts =  0 [   0]

== RICHARDS FLOW ===============================================================
  0 2r: 4.95E-04 2x: 0.00E+00 2u: 0.00E+00 ir: 4.88E-04 iu: 0.00E+00 rsn:   0
  1 2r: 4.88E-04 2x: 1.72E+09 2u: 1.50E+00 ir: 4.88E-04 iu: 2.90E-01 rsn: stol

 Step      8 Time=  6.12000E-03 Dt=  3.07200E-03 [hour] conv_reason: 4
  newton =   1 [       8] linear =     1 [         8] cuts =  0 [   0]
  --> SNES Linear/Non-Linear Iterations = 1 / 1
  --> SNES Residual: 0.488281E-03 0.930503E-08 0.488281E-03
  --> max change: dpmx=   2.8977E-01

== GEOMECHANICS ================================================================

 Step      8 Time=  6.12000E-03 Dt=  3.07200E-03 [hour] conv_reason: 2
  linear =   141 [      1135] cuts =  0 [   0]

== RICHARDS FLOW ===============================================================
  0 2r: 4.95E-04 2x: 0.00E+00 2u: 0.00E+00 ir: 4.88E-04 iu: 0.00E+00 rsn:   0
  1 2r: 4.88E-04 2x: 1.72E+09 2u: 2.97E+00 ir: 4.88E-04 iu: 5.25E-01 rsn: stol

 Step      9 Time=  1.22640E-02 Dt=  6.14400E-03 [hour] conv_reason: 4
  newton =   1 [       9] linear =     2 [        10] cuts =  0 [   0]
  --> SNES Linear/Non-Linear Iterations = 2 / 1
  --> SNES Residual: 0.488281E-03 0.930503E-08 0.488281E-03
  --> max change: dpmx=   5.2479E-01

== GEOMECHANICS ================================================================

 Step      9 Time=  1.22640E-02 Dt=  6.14400E-03 [hour] conv_reason: 2
  linear =   146 [      1281] cuts =  0 [   0]

== RICHARDS FLOW ===============================================================
  0 2r: 4.95E-04 2x: 0.00E+00 2u: 0.00E+00 ir: 4.88E-04 iu: 0.00E+00 rsn:   0
  1 2r: 4.88E-04 2x: 1.72E+09 2u: 5.88E+00 ir: 4.88E-04 iu: 8.70E-01 rsn: stol

 Step     10 Time=  2.45520E-02 Dt=  1.22880E-02 [hour] conv_reason: 4
  newton =   1 [      10] linear =     2 [        12] cuts =  0 [   0]
  --> SNES Linear/Non-Linear Iterations = 2 / 1
  --> SNES Residual: 0.488281E-03 0.930503E-08 0.488281E-03
  --> max change: dpmx=   8.6988E-01

== GEOMECHANICS ================================================================

 Step     10 Time=  2.45520E-02 Dt=  1.22880E-02 [hour] conv_reason: 2
  linear =   141 [      1422] cuts =  0 [   0]

== RICHARDS FLOW ===============================================================
  0 2r: 4.95E-04 2x: 0.00E+00 2u: 0.00E+00 ir: 4.88E-04 iu: 0.00E+00 rsn:   0
  1 2r: 4.88E-04 2x: 1.72E+09 2u: 1.13E+01 ir: 4.88E-04 iu: 1.22E+00 rsn: stol

 Step     11 Time=  4.85520E-02 Dt=  2.40000E-02 [hour] conv_reason: 4
  newton =   1 [      11] linear =     2 [        14] cuts =  0 [   0]
  --> SNES Linear/Non-Linear Iterations = 2 / 1
  --> SNES Residual: 0.488281E-03 0.930503E-08 0.488281E-03
  --> max change: dpmx=   1.2186E+00

== GEOMECHANICS ================================================================

 Step     11 Time=  4.85520E-02 Dt=  2.40000E-02 [hour] conv_reason: 2
  linear =   142 [      1564] cuts =  0 [   0]

== RICHARDS FLOW ===============================================================
  0 2r: 4.95E-04 2x: 0.00E+00 2u: 0.00E+00 ir: 4.88E-04 iu: 0.00E+00 rsn:   0
  1 2r: 4.88E-04 2x: 1.72E+09 2u: 1.12E+01 ir: 4.88E-04 iu: 9.33E-01 rsn: stol

 Step     12 Time=  7.25520E-02 Dt=  2.40000E-02 [hour] conv_reason: 4
  newton =   1 [      12] linear =     2 [        16] cuts =  0 [   0]
  --> SNES Linear/Non-Linear Iterations = 2 / 1
  --> SNES Residual: 0.488281E-03 0.930503E-08 0.488281E-03
  --> max change: dpmx=   9.3272E-01

== GEOMECHANICS ================================================================

 Step     12 Time=  7.25520E-02 Dt=  2.40000E-02 [hour] conv_reason: 2
  linear =   145 [      1709] cuts =  0 [   0]

== RICHARDS FLOW ===============================================================
  0 2r: 4.95E-04 2x: 0.00E+00 2u: 0.00E+00 ir: 4.88E-04 iu: 0.00E+00 rsn:   0
  1 2r: 4.88E-04 2x: 1.72E+09 2u: 1.11E+01 ir: 4.88E-04 iu: 8.33E-01 rsn: stol

 Step     13 Time=  9.65520E-02 Dt=  2.40000E-02 [hour] conv_reason: 4
  newton =   1 [      13] linear =     2 [        18] cuts =  0 [   0]
  --> SNES Linear/Non-Linear Iterations = 2 / 1
  --> SNES Residual: 0.488281E-03 0.930503E-08 0.488281E-03
  --> max change: dpmx=   8.3309E-01

== GEOMECHANICS ================================================================

 Step     13 Time=  9.65520E-02 Dt=  2.40000E-02 [hour] conv_reason: 2
  linear =   151 [      1860] cuts =  0 [   0]

== RICHARDS FLOW ===============================================================
  0 2r: 4.95E-04 2x: 0.00E+00 2u: 0.00E+00 ir: 4.88E-04 iu: 0.00E+00 rsn:   0
  1 2r: 4.88E-04 2x: 1.72E+09 2u: 1.11E+01 ir: 4.88E-04 iu: 7.47E-01 rsn: stol

 Step     14 Time=  1.20552E-01 Dt=  2.40000E-02 [hour] conv_reason: 4
  newton =   1 [      14] linear =     2 [        20] cuts =  0 [   0]
  --> SNES Linear/Non-Linear Iterations = 2 / 1
  --> SNES Residual: 0.488281E-03 0.930503E-08 0.488281E-03
  --> max change: dpmx=   7.4655E-01

== GEOMECHANICS ================================================================

 Step     14 Time=  1.20552E-01 Dt=  2.40000E-02 [hour] conv_reason: 2
  linear =   145 [      2005] cuts =  0 [   0]

== RICHARDS FLOW ===============================================================
  0 2r: 4.95E-04 2x: 0.00E+00 2u: 0.00E+00 ir: 4.88E-04 iu: 0.00E+00 rsn:   0
  1 2r: 4.88E-04 2x: 1.72E+09 2u: 1.10E+01 ir: 4.88E-04 iu: 6.71E-01 rsn: stol

 Step     15 Time=  1.44552E-01 Dt=  2.40000E-02 [hour] conv_reason: 4
  newton =   1 [      15] linear =     2 [        22] cuts =  0 [   0]
  --> SNES Linear/Non-Linear Iterations = 2 / 1
  --> SNES Residual: 0.488281E-03 0.930503E-08 0.488281E-03
  --> max change: dpmx=   6.7127E-01

== GEOMECHANICS ================================================================

 Step     15 Time=  1.44552E-01 Dt=  2.40000E-02 [hour] conv_reason: 2
  linear =   135 [      2140] cuts =  0 [   0]

== RICHARDS FLOW ===============================================================
  0 2r: 4.95E-04 2x: 0.00E+00 2u: 0.00E+00 ir: 4.88E-04 iu: 0.00E+00 rsn:   0
  1 2r: 4.88E-04 2x: 1.72E+09 2u: 1.09E+01 ir: 4.88E-04 iu: 6.06E-01 rsn: stol

 Step     16 Time=  1.68552E-01 Dt=  2.40000E-02 [hour] conv_reason: 4
  newton =   1 [      16] linear =     2 [        24] cuts =  0 [   0]
  --> SNES Linear/Non-Linear Iterations = 2 / 1
  --> SNES Residual: 0.488281E-03 0.930503E-08 0.488281E-03
  --> max change: dpmx=   6.0570E-01

== GEOMECHANICS ================================================================

 Step     16 Time=  1.68552E-01 Dt=  2.40000E-02 [hour] conv_reason: 2
  linear =   145 [      2285] cuts =  0 [   0]

== RICHARDS FLOW ===============================================================
  0 2r: 4.95E-04 2x: 0.00E+00 2u: 0.00E+00 ir: 4.88E-04 iu: 0.00E+00 rsn:   0
  1 2r: 4.88E-04 2x: 1.72E+09 2u: 1.09E+01 ir: 4.88E-04 iu: 5.49E-01 rsn: stol

 Step     17 Time=  1.92552E-01 Dt=  2.40000E-02 [hour] conv_reason: 4
  newton =   1 [      17] linear =     2 [        26] cuts =  0 [   0]
  --> SNES Linear/Non-Linear Iterations = 2 / 1
  --> SNES Residual: 0.488281E-03 0.930503E-08 0.488281E-03
  --> max change: dpmx=   5.4851E-01

== GEOMECHANICS ================================================================

 Step     17 Time=  1.92552E-01 Dt=  2.40000E-02 [hour] conv_reason: 2
  linear =   162 [      2447] cuts =  0 [   0]

== RICHARDS FLOW ===============================================================
  0 2r: 4.95E-04 2x: 0.00E+00 2u: 0.00E+00 ir: 4.88E-04 iu: 0.00E+00 rsn:   0
  1 2r: 4.88E-04 2x: 1.72E+09 2u: 1.08E+01 ir: 4.88E-04 iu: 4.99E-01 rsn: stol

 Step     18 Time=  2.16552E-01 Dt=  2.40000E-02 [hour] conv_reason: 4
  newton =   1 [      18] linear =     2 [        28] cuts =  0 [   0]
  --> SNES Linear/Non-Linear Iterations = 2 / 1
  --> SNES Residual: 0.488281E-03 0.930503E-08 0.488281E-03
  --> max change: dpmx=   4.9855E-01

== GEOMECHANICS ================================================================

 Step     18 Time=  2.16552E-01 Dt=  2.40000E-02 [hour] conv_reason: 2
  linear =   137 [      2584] cuts =  0 [   0]

== RICHARDS FLOW ===============================================================
  0 2r: 4.95E-04 2x: 0.00E+00 2u: 0.00E+00 ir: 4.88E-04 iu: 0.00E+00 rsn:   0
  1 2r: 4.88E-04 2x: 1.72E+09 2u: 1.08E+01 ir: 4.88E-04 iu: 4.55E-01 rsn: stol

 Step     19 Time=  2.40552E-01 Dt=  2.40000E-02 [hour] conv_reason: 4
  newton =   1 [      19] linear =     2 [        30] cuts =  0 [   0]
  --> SNES Linear/Non-Linear Iterations = 2 / 1
  --> SNES Residual: 0.488281E-03 0.930503E-08 0.488281E-03
  --> max change: dpmx=   4.5484E-01

== GEOMECHANICS ================================================================

 Step     19 Time=  2.40552E-01 Dt=  2.40000E-02 [hour] conv_reason: 2
  linear =   142 [      2726] cuts =  0 [   0]

== RICHARDS FLOW ===============================================================
  0 2r: 4.94E-04 2x: 0.00E+00 2u: 0.00E+00 ir: 4.88E-04 iu: 0.00E+00 rsn:   0
  1 2r: 4.88E-04 2x: 1.72E+09 2u: 1.07E+01 ir: 4.88E-04 iu: 4.17E-01 rsn: stol

 Step     20 Time=  2.64552E-01 Dt=  2.40000E-02 [hour] conv_reason: 4
  newton =   1 [      20] linear =     2 [        32] cuts =  0 [   0]
  --> SNES Linear/Non-Linear Iterations = 2 / 1
  --> SNES Residual: 0.488281E-03 0.930503E-08 0.488281E-03
  --> max change: dpmx=   4.1652E-01

== GEOMECHANICS ================================================================

 Step     20 Time=  2.64552E-01 Dt=  2.40000E-02 [hour] conv_reason: 2
  linear =   146 [      2872] cuts =  0 [   0]

== RICHARDS FLOW ===============================================================
  0 2r: 4.94E-04 2x: 0.00E+00 2u: 0.00E+00 ir: 4.88E-04 iu: 0.00E+00 rsn:   0
  1 2r: 4.88E-04 2x: 1.72E+09 2u: 1.07E+01 ir: 4.88E-04 iu: 3.83E-01 rsn: stol

 Step     21 Time=  2.88552E-01 Dt=  2.40000E-02 [hour] conv_reason: 4
  newton =   1 [      21] linear =     2 [        34] cuts =  0 [   0]
  --> SNES Linear/Non-Linear Iterations = 2 / 1
  --> SNES Residual: 0.488281E-03 0.930503E-08 0.488281E-03
  --> max change: dpmx=   3.8287E-01

== GEOMECHANICS ================================================================

 Step     21 Time=  2.88552E-01 Dt=  2.40000E-02 [hour] conv_reason: 2
  linear =   139 [      3011] cuts =  0 [   0]

== RICHARDS FLOW ===============================================================
  0 2r: 4.94E-04 2x: 0.00E+00 2u: 0.00E+00 ir: 4.88E-04 iu: 0.00E+00 rsn:   0
  1 2r: 4.88E-04 2x: 1.72E+09 2u: 1.06E+01 ir: 4.88E-04 iu: 3.53E-01 rsn: stol

 Step     22 Time=  3.12552E-01 Dt=  2.40000E-02 [hour] conv_reason: 4
  newton =   1 [      22] linear =     2 [        36] cuts =  0 [   0]
  --> SNES Linear/Non-Linear Iterations = 2 / 1
  --> SNES Residual: 0.488281E-03 0.930503E-08 0.488281E-03
  --> max change: dpmx=   3.5326E-01

== GEOMECHANICS ================================================================

 Step     22 Time=  3.12552E-01 Dt=  2.40000E-02 [hour] conv_reason: 2
  linear =   138 [      3149] cuts =  0 [   0]

== RICHARDS FLOW ===============================================================
  0 2r: 4.94E-04 2x: 0.00E+00 2u: 0.00E+00 ir: 4.88E-04 iu: 0.00E+00 rsn:   0
  1 2r: 4.88E-04 2x: 1.72E+09 2u: 1.06E+01 ir: 4.88E-04 iu: 3.27E-01 rsn: stol

 Step     23 Time=  3.36552E-01 Dt=  2.40000E-02 [hour] conv_reason: 4
  newton =   1 [      23] linear =     2 [        38] cuts =  0 [   0]
  --> SNES Linear/Non-Linear Iterations = 2 / 1
  --> SNES Residual: 0.488281E-03 0.930503E-08 0.488281E-03
  --> max change: dpmx=   3.2716E-01

== GEOMECHANICS ================================================================

 Step     23 Time=  3.36552E-01 Dt=  2.40000E-02 [hour] conv_reason: 2
  linear =   145 [      3294] cuts =  0 [   0]

== RICHARDS FLOW ===============================================================
  0 2r: 4.94E-04 2x: 0.00E+00 2u: 0.00E+00 ir: 4.88E-04 iu: 0.00E+00 rsn:   0
  1 2r: 4.88E-04 2x: 1.72E+09 2u: 1.05E+01 ir: 4.88E-04 iu: 3.07E-01 rsn: stol

 Step     24 Time=  3.60552E-01 Dt=  2.40000E-02 [hour] conv_reason: 4
  newton =   1 [      24] linear =     2 [        40] cuts =  0 [   0]
  --> SNES Linear/Non-Linear Iterations = 2 / 1
  --> SNES Residual: 0.488281E-03 0.930503E-08 0.488281E-03
  --> max change: dpmx=   3.0713E-01

== GEOMECHANICS ================================================================

 Step     24 Time=  3.60552E-01 Dt=  2.40000E-02 [hour] conv_reason: 2
  linear =   136 [      3430] cuts =  0 [   0]

== RICHARDS FLOW ===============================================================
  0 2r: 4.94E-04 2x: 0.00E+00 2u: 0.00E+00 ir: 4.88E-04 iu: 0.00E+00 rsn:   0
  1 2r: 4.88E-04 2x: 1.72E+09 2u: 1.05E+01 ir: 4.88E-04 iu: 2.98E-01 rsn: stol

 Step     25 Time=  3.84552E-01 Dt=  2.40000E-02 [hour] conv_reason: 4
  newton =   1 [      25] linear =     2 [        42] cuts =  0 [   0]
  --> SNES Linear/Non-Linear Iterations = 2 / 1
  --> SNES Residual: 0.488281E-03 0.930503E-08 0.488281E-03
  --> max change: dpmx=   2.9765E-01

== GEOMECHANICS ================================================================

 Step     25 Time=  3.84552E-01 Dt=  2.40000E-02 [hour] conv_reason: 2
  linear =   141 [      3571] cuts =  0 [   0]

== RICHARDS FLOW ===============================================================
  0 2r: 4.94E-04 2x: 0.00E+00 2u: 0.00E+00 ir: 4.88E-04 iu: 0.00E+00 rsn:   0
  1 2r: 4.88E-04 2x: 1.72E+09 2u: 1.04E+01 ir: 4.88E-04 iu: 2.89E-01 rsn: stol

 Step     26 Time=  4.08552E-01 Dt=  2.40000E-02 [hour] conv_reason: 4
  newton =   1 [      26] linear =     2 [        44] cuts =  0 [   0]
  --> SNES Linear/Non-Linear Iterations = 2 / 1
  --> SNES Residual: 0.488281E-03 0.930503E-08 0.488281E-03
  --> max change: dpmx=   2.8861E-01

== GEOMECHANICS ================================================================

 Step     26 Time=  4.08552E-01 Dt=  2.40000E-02 [hour] conv_reason: 2
  linear =   128 [      3699] cuts =  0 [   0]

== RICHARDS FLOW ===============================================================
  0 2r: 4.94E-04 2x: 0.00E+00 2u: 0.00E+00 ir: 4.88E-04 iu: 0.00E+00 rsn:   0
  1 2r: 4.88E-04 2x: 1.72E+09 2u: 1.04E+01 ir: 4.88E-04 iu: 2.80E-01 rsn: stol

 Step     27 Time=  4.32552E-01 Dt=  2.40000E-02 [hour] conv_reason: 4
  newton =   1 [      27] linear =     2 [        46] cuts =  0 [   0]
  --> SNES Linear/Non-Linear Iterations = 2 / 1
  --> SNES Residual: 0.488281E-03 0.930503E-08 0.488281E-03
  --> max change: dpmx=   2.8000E-01

== GEOMECHANICS ================================================================

 Step     27 Time=  4.32552E-01 Dt=  2.40000E-02 [hour] conv_reason: 2
  linear =   139 [      3838] cuts =  0 [   0]

== RICHARDS FLOW ===============================================================
  0 2r: 4.94E-04 2x: 0.00E+00 2u: 0.00E+00 ir: 4.88E-04 iu: 0.00E+00 rsn:   0
  1 2r: 4.88E-04 2x: 1.72E+09 2u: 1.03E+01 ir: 4.88E-04 iu: 2.72E-01 rsn: stol

 Step     28 Time=  4.56552E-01 Dt=  2.40000E-02 [hour] conv_reason: 4
  newton =   1 [      28] linear =     2 [        48] cuts =  0 [   0]
  --> SNES Linear/Non-Linear Iterations = 2 / 1
  --> SNES Residual: 0.488281E-03 0.930503E-08 0.488281E-03
  --> max change: dpmx=   2.7180E-01

== GEOMECHANICS ================================================================

 Step     28 Time=  4.56552E-01 Dt=  2.40000E-02 [hour] conv_reason: 2
  linear =   140 [      3978] cuts =  0 [   0]

== RICHARDS FLOW ===============================================================
  0 2r: 4.94E-04 2x: 0.00E+00 2u: 0.00E+00 ir: 4.88E-04 iu: 0.00E+00 rsn:   0
  1 2r: 4.88E-04 2x: 1.72E+09 2u: 1.03E+01 ir: 4.88E-04 iu: 2.64E-01 rsn: stol

 Step     29 Time=  4.80552E-01 Dt=  2.40000E-02 [hour] conv_reason: 4
  newton =   1 [      29] linear =     2 [        50] cuts =  0 [   0]
  --> SNES Linear/Non-Linear Iterations = 2 / 1
  --> SNES Residual: 0.488281E-03 0.930503E-08 0.488281E-03
  --> max change: dpmx=   2.6399E-01

== GEOMECHANICS ================================================================

 Step     29 Time=  4.80552E-01 Dt=  2.40000E-02 [hour] conv_reason: 2
  linear =   137 [      4115] cuts =  0 [   0]

== RICHARDS FLOW ===============================================================
  0 2r: 4.94E-04 2x: 0.00E+00 2u: 0.00E+00 ir: 4.88E-04 iu: 0.00E+00 rsn:   0
  1 2r: 4.88E-04 2x: 1.72E+09 2u: 8.30E+00 ir: 4.88E-04 iu: 2.09E-01 rsn: stol

 Step     30 Time=  5.00000E-01 Dt=  1.94480E-02 [hour] conv_reason: 4
  newton =   1 [      30] linear =     2 [        52] cuts =  0 [   0]
  --> SNES Linear/Non-Linear Iterations = 2 / 1
  --> SNES Residual: 0.488281E-03 0.930503E-08 0.488281E-03
  --> max change: dpmx=   2.0899E-01

== GEOMECHANICS ================================================================

 Step     30 Time=  5.00000E-01 Dt=  1.94480E-02 [hour] conv_reason: 2
  linear =   144 [      4259] cuts =  0 [   0]

== RICHARDS FLOW ===============================================================
  0 2r: 1.80E-02 2x: 0.00E+00 2u: 0.00E+00 ir: 6.50E-03 iu: 0.00E+00 rsn:   0
  1 2r: 3.90E-03 2x: 1.72E+09 2u: 7.96E+03 ir: 1.39E-03 iu: 2.03E+03 rsn:   0
  2 2r: 6.71E-04 2x: 1.72E+09 2u: 7.18E+02 ir: 4.88E-04 iu: 2.09E+02 rsn:   0
  3 2r: 4.88E-04 2x: 1.72E+09 2u: 9.77E+01 ir: 4.88E-04 iu: 3.26E+01 rsn:   0
  4 2r: 4.88E-04 2x: 1.72E+09 2u: 2.34E+00 ir: 4.88E-04 iu: 7.81E-01 rsn: stol

 Step     31 Time=  5.24000E-01 Dt=  2.40000E-02 [hour] conv_reason: 4
  newton =   4 [      34] linear =     8 [        60] cuts =  0 [   0]
  --> SNES Linear/Non-Linear Iterations = 8 / 4
  --> SNES Residual: 0.488281E-03 0.930503E-08 0.488281E-03
  --> max change: dpmx=   1.9275E+03

== GEOMECHANICS ================================================================

 Step     31 Time=  5.24000E-01 Dt=  2.40000E-02 [hour] conv_reason: 2
  linear =   138 [      4397] cuts =  0 [   0]

== RICHARDS FLOW ===============================================================
  0 2r: 1.80E-02 2x: 0.00E+00 2u: 0.00E+00 ir: 6.50E-03 iu: 0.00E+00 rsn:   0
  1 2r: 8.77E-03 2x: 1.72E+09 2u: 4.72E+03 ir: 3.16E-03 iu: 1.06E+03 rsn:   0
  2 2r: 8.46E-03 2x: 1.72E+09 2u: 9.35E+03 ir: 3.05E-03 iu: 3.12E+03 rsn:   0
  3 2r: 5.03E-04 2x: 1.72E+09 2u: 2.64E+06 ir: 4.88E-04 iu: 8.79E+05 rsn:   0
  4 2r: 4.88E-04 2x: 1.72E+09 2u: 3.73E+04 ir: 4.88E-04 iu: 1.24E+04 rsn:   0
  5 2r: 4.88E-04 2x: 1.72E+09 2u: 5.29E+02 ir: 4.88E-04 iu: 1.76E+02 rsn:   0
  6 2r: 4.88E-04 2x: 1.72E+09 2u: 7.49E+00 ir: 4.88E-04 iu: 2.50E+00 rsn: stol

 Step     32 Time=  5.37868E-01 Dt=  1.38677E-02 [hour] conv_reason: 4
  newton =   6 [      40] linear =    20 [        80] cuts =  0 [   0]
  --> SNES Linear/Non-Linear Iterations = 20 / 6
  --> SNES Residual: 0.488281E-03 0.930503E-08 0.488281E-03
  --> max change: dpmx=   8.7097E+05

== GEOMECHANICS ================================================================

 Step     32 Time=  5.37868E-01 Dt=  1.38677E-02 [hour] conv_reason: 2
  linear =   148 [      4545] cuts =  0 [   0]

== RICHARDS FLOW ===============================================================
  0 2r: 1.47E-02 2x: 0.00E+00 2u: 0.00E+00 ir: 8.67E-03 iu: 0.00E+00 rsn:   0
  1 2r: 5.00E-04 2x: 1.72E+09 2u: 2.41E+06 ir: 4.88E-04 iu: 8.03E+05 rsn:   0
  2 2r: 4.88E-04 2x: 1.72E+09 2u: 2.18E+04 ir: 4.88E-04 iu: 7.29E+03 rsn:   0
  3 2r: 4.88E-04 2x: 1.72E+09 2u: 2.05E+02 ir: 4.88E-04 iu: 6.83E+01 rsn:   0
  4 2r: 4.88E-04 2x: 1.72E+09 2u: 1.92E+00 ir: 4.88E-04 iu: 6.40E-01 rsn: stol

 Step     33 Time=  5.42444E-01 Dt=  4.57633E-03 [hour] conv_reason: 4
  newton =   4 [      44] linear =    12 [        92] cuts =  0 [   0]
  --> SNES Linear/Non-Linear Iterations = 12 / 4
  --> SNES Residual: 0.488281E-03 0.930503E-08 0.488281E-03
  --> max change: dpmx=   7.9537E+05

== GEOMECHANICS ================================================================

 Step     33 Time=  5.42444E-01 Dt=  4.57633E-03 [hour] conv_reason: 2
  linear =   143 [      4688] cuts =  0 [   0]

== RICHARDS FLOW ===============================================================
  0 2r: 1.82E-02 2x: 0.00E+00 2u: 0.00E+00 ir: 1.68E-02 iu: 0.00E+00 rsn:   0
  1 2r: 4.90E-04 2x: 1.72E+09 2u: 7.99E+05 ir: 4.88E-04 iu: 2.67E+05 rsn:   0
  2 2r: 4.88E-04 2x: 1.72E+09 2u: 4.86E+03 ir: 4.88E-04 iu: 1.62E+03 rsn:   0
  3 2r: 4.88E-04 2x: 1.72E+09 2u: 3.03E+01 ir: 4.88E-04 iu: 1.01E+01 rsn:   0
  4 2r: 4.88E-04 2x: 1.72E+09 2u: 1.89E-01 ir: 4.88E-04 iu: 6.30E-02 rsn: stol

 Step     34 Time=  5.44733E-01 Dt=  2.28903E-03 [hour] conv_reason: 4
  newton =   4 [      48] linear =    12 [       104] cuts =  0 [   0]
  --> SNES Linear/Non-Linear Iterations = 12 / 4
  --> SNES Residual: 0.488281E-03 0.930503E-08 0.488281E-03
  --> max change: dpmx=   2.6498E+05

== GEOMECHANICS ================================================================

 Step     34 Time=  5.44733E-01 Dt=  2.28903E-03 [hour] conv_reason: 2
  linear =   141 [      4829] cuts =  0 [   0]

== RICHARDS FLOW ===============================================================
  0 2r: 2.03E-02 2x: 0.00E+00 2u: 0.00E+00 ir: 1.94E-02 iu: 0.00E+00 rsn:   0
  1 2r: 4.88E-04 2x: 1.72E+09 2u: 3.19E+05 ir: 4.88E-04 iu: 1.06E+05 rsn:   0
  2 2r: 4.88E-04 2x: 1.72E+09 2u: 1.17E+03 ir: 4.88E-04 iu: 3.89E+02 rsn:   0
  3 2r: 4.88E-04 2x: 1.72E+09 2u: 4.36E+00 ir: 4.88E-04 iu: 1.45E+00 rsn: stol

 Step     35 Time=  5.45879E-01 Dt=  1.14581E-03 [hour] conv_reason: 4
  newton =   3 [      51] linear =     9 [       113] cuts =  0 [   0]
  --> SNES Linear/Non-Linear Iterations = 9 / 3
  --> SNES Residual: 0.488281E-03 0.930503E-08 0.488281E-03
  --> max change: dpmx=   1.0600E+05

== GEOMECHANICS ================================================================

 Step     35 Time=  5.45879E-01 Dt=  1.14581E-03 [hour] conv_reason: 2
  linear =   151 [      4980] cuts =  0 [   0]

== RICHARDS FLOW ===============================================================
  0 2r: 2.12E-02 2x: 0.00E+00 2u: 0.00E+00 ir: 2.04E-02 iu: 0.00E+00 rsn:   0
  1 2r: 6.34E-06 2x: 1.72E+09 2u: 1.42E+05 ir: 2.27E-06 iu: 4.73E+04 rsn:   0
  2 2r: 5.65E-07 2x: 1.72E+09 2u: 2.89E+02 ir: 5.31E-08 iu: 9.64E+01 rsn:   0
  3 2r: 6.08E-07 2x: 1.72E+09 2u: 6.01E-01 ir: 5.31E-08 iu: 2.00E-01 rsn: stol

 Step     36 Time=  5.46453E-01 Dt=  5.74526E-04 [hour] conv_reason: 4
  newton =   3 [      54] linear =     9 [       122] cuts =  0 [   0]
  --> SNES Linear/Non-Linear Iterations = 9 / 3
  --> SNES Residual: 0.608467E-06 0.115954E-10 0.530854E-07
  --> max change: dpmx=   4.7198E+04

== GEOMECHANICS ================================================================

 Step     36 Time=  5.46453E-01 Dt=  5.74526E-04 [hour] conv_reason: 2
  linear =   143 [      5123] cuts =  0 [   0]

== RICHARDS FLOW ===============================================================
  0 2r: 2.16E-02 2x: 0.00E+00 2u: 0.00E+00 ir: 2.08E-02 iu: 0.00E+00 rsn:   0
  1 2r: 3.47E-06 2x: 1.72E+09 2u: 6.70E+04 ir: 1.07E-06 iu: 2.24E+04 rsn:   0
  2 2r: 1.27E-06 2x: 1.72E+09 2u: 7.28E+01 ir: 1.38E-07 iu: 2.43E+01 rsn:   0
  3 2r: 1.25E-06 2x: 1.72E+09 2u: 8.06E-02 ir: 1.38E-07 iu: 2.69E-02 rsn: stol

 Step     37 Time=  5.46742E-01 Dt=  2.89089E-04 [hour] conv_reason: 4
  newton =   3 [      57] linear =     9 [       131] cuts =  0 [   0]
  --> SNES Linear/Non-Linear Iterations = 9 / 3
  --> SNES Residual: 0.125456E-05 0.239078E-10 0.137836E-06
  --> max change: dpmx=   2.2332E+04

== GEOMECHANICS ================================================================

 Step     37 Time=  5.46742E-01 Dt=  2.89089E-04 [hour] conv_reason: 2
  linear =   147 [      5270] cuts =  0 [   0]

== RICHARDS FLOW ===============================================================
  0 2r: 2.17E-02 2x: 0.00E+00 2u: 0.00E+00 ir: 2.10E-02 iu: 0.00E+00 rsn:   0
  1 2r: 2.61E-06 2x: 1.72E+09 2u: 3.29E+04 ir: 5.27E-07 iu: 1.10E+04 rsn:   0
  2 2r: 1.91E-06 2x: 1.72E+09 2u: 1.86E+01 ir: 4.77E-07 iu: 6.22E+00 rsn:   0
  3 2r: 1.99E-06 2x: 1.72E+09 2u: 1.08E-02 ir: 4.77E-07 iu: 3.59E-03 rsn: stol

 Step     38 Time=  5.46889E-01 Dt=  1.46486E-04 [hour] conv_reason: 4
  newton =   3 [      60] linear =     9 [       140] cuts =  0 [   0]
  --> SNES Linear/Non-Linear Iterations = 9 / 3
  --> SNES Residual: 0.199224E-05 0.379656E-10 0.476837E-06
  --> max change: dpmx=   1.0963E+04

== GEOMECHANICS ================================================================

 Step     38 Time=  5.46889E-01 Dt=  1.46486E-04 [hour] conv_reason: 2
  linear =   139 [      5409] cuts =  0 [   0]

== RICHARDS FLOW ===============================================================
  0 2r: 2.18E-02 2x: 0.00E+00 2u: 0.00E+00 ir: 2.11E-02 iu: 0.00E+00 rsn:   0
  1 2r: 4.60E-06 2x: 1.72E+09 2u: 1.66E+04 ir: 5.89E-07 iu: 5.54E+03 rsn:   0
  2 2r: 4.48E-06 2x: 1.72E+09 2u: 4.91E+00 ir: 5.89E-07 iu: 1.64E+00 rsn: stol

 Step     39 Time=  5.46964E-01 Dt=  7.52473E-05 [hour] conv_reason: 4
  newton =   2 [      62] linear =     6 [       146] cuts =  0 [   0]
  --> SNES Linear/Non-Linear Iterations = 6 / 2
  --> SNES Residual: 0.448122E-05 0.853973E-10 0.588596E-06
  --> max change: dpmx=   5.5401E+03

== GEOMECHANICS ================================================================

 Step     39 Time=  5.46964E-01 Dt=  7.52473E-05 [hour] conv_reason: 2
  linear =   143 [      5552] cuts =  0 [   0]

== RICHARDS FLOW ===============================================================
  0 2r: 2.19E-02 2x: 0.00E+00 2u: 0.00E+00 ir: 2.11E-02 iu: 0.00E+00 rsn:   0
  1 2r: 4.50E-06 2x: 1.72E+09 2u: 8.68E+03 ir: 7.15E-07 iu: 2.90E+03 rsn:   0
  2 2r: 4.04E-06 2x: 1.72E+09 2u: 1.36E+00 ir: 7.15E-07 iu: 4.55E-01 rsn: stol

 Step     40 Time=  5.47004E-01 Dt=  3.96610E-05 [hour] conv_reason: 4
  newton =   2 [      64] linear =     6 [       152] cuts =  0 [   0]
  --> SNES Linear/Non-Linear Iterations = 6 / 2
  --> SNES Residual: 0.404206E-05 0.770283E-10 0.715256E-06
  --> max change: dpmx=   2.8948E+03

== GEOMECHANICS ================================================================

 Step     40 Time=  5.47004E-01 Dt=  3.96610E-05 [hour] conv_reason: 2
  linear =   132 [      5684] cuts =  0 [   0]

== RICHARDS FLOW ===============================================================
  0 2r: 2.19E-02 2x: 0.00E+00 2u: 0.00E+00 ir: 2.12E-02 iu: 0.00E+00 rsn:   0
  1 2r: 5.11E-06 2x: 1.72E+09 2u: 4.77E+03 ir: 1.34E-06 iu: 1.59E+03 rsn:   0
  2 2r: 5.69E-06 2x: 1.72E+09 2u: 4.15E-01 ir: 1.34E-06 iu: 1.38E-01 rsn: stol

 Step     41 Time=  5.47026E-01 Dt=  2.18855E-05 [hour] conv_reason: 4
  newton =   2 [      66] linear =     6 [       158] cuts =  0 [   0]
  --> SNES Linear/Non-Linear Iterations = 6 / 2
  --> SNES Residual: 0.568989E-05 0.108431E-09 0.134110E-05
  --> max change: dpmx=   1.5898E+03

== GEOMECHANICS ================================================================

 Step     41 Time=  5.47026E-01 Dt=  2.18855E-05 [hour] conv_reason: 2
  linear =   141 [      5825] cuts =  0 [   0]

== RICHARDS FLOW ===============================================================
  0 2r: 2.19E-02 2x: 0.00E+00 2u: 0.00E+00 ir: 2.12E-02 iu: 0.00E+00 rsn:   0
  1 2r: 9.27E-06 2x: 1.72E+09 2u: 2.83E+03 ir: 3.22E-06 iu: 9.42E+02 rsn:   0
  2 2r: 6.49E-06 2x: 1.72E+09 2u: 1.46E-01 ir: 3.22E-06 iu: 4.88E-02 rsn: stol

 Step     42 Time=  5.47039E-01 Dt=  1.30076E-05 [hour] conv_reason: 4
  newton =   2 [      68] linear =     4 [       162] cuts =  0 [   0]
  --> SNES Linear/Non-Linear Iterations = 4 / 2
  --> SNES Residual: 0.648887E-05 0.123656E-09 0.321865E-05
  --> max change: dpmx=   9.4219E+02

== GEOMECHANICS ================================================================

 Step     42 Time=  5.47039E-01 Dt=  1.30076E-05 [hour] conv_reason: 2
  linear =   142 [      5967] cuts =  0 [   0]

== RICHARDS FLOW ===============================================================
  0 2r: 2.19E-02 2x: 0.00E+00 2u: 0.00E+00 ir: 2.12E-02 iu: 0.00E+00 rsn:   0
  1 2r: 7.11E-06 2x: 1.72E+09 2u: 1.86E+03 ir: 3.22E-06 iu: 6.20E+02 rsn:   0
  2 2r: 6.85E-06 2x: 1.72E+09 2u: 6.35E-02 ir: 3.22E-06 iu: 2.12E-02 rsn: stol

 Step     43 Time=  5.47047E-01 Dt=  8.57443E-06 [hour] conv_reason: 4
  newton =   2 [      70] linear =     4 [       166] cuts =  0 [   0]
  --> SNES Linear/Non-Linear Iterations = 4 / 2
  --> SNES Residual: 0.685477E-05 0.130629E-09 0.321865E-05
  --> max change: dpmx=   6.1991E+02

== GEOMECHANICS ================================================================

 Step     43 Time=  5.47047E-01 Dt=  8.57443E-06 [hour] conv_reason: 2
  linear =   150 [      6117] cuts =  0 [   0]

== RICHARDS FLOW ===============================================================
  0 2r: 2.19E-02 2x: 0.00E+00 2u: 0.00E+00 ir: 2.12E-02 iu: 0.00E+00 rsn:   0
  1 2r: 7.64E-06 2x: 1.72E+09 2u: 1.38E+03 ir: 3.22E-06 iu: 4.59E+02 rsn:   0
  2 2r: 7.12E-06 2x: 1.72E+09 2u: 3.49E-02 ir: 3.22E-06 iu: 1.17E-02 rsn: stol

 Step     44 Time=  5.47054E-01 Dt=  6.36164E-06 [hour] conv_reason: 4
  newton =   2 [      72] linear =     4 [       170] cuts =  0 [   0]
  --> SNES Linear/Non-Linear Iterations = 4 / 2
  --> SNES Residual: 0.712398E-05 0.135760E-09 0.321865E-05
  --> max change: dpmx=   4.5929E+02

== GEOMECHANICS ================================================================

 Step     44 Time=  5.47054E-01 Dt=  6.36164E-06 [hour] conv_reason: 2
  linear =   137 [      6254] cuts =  0 [   0]

== RICHARDS FLOW ===============================================================
  0 2r: 2.19E-02 2x: 0.00E+00 2u: 0.00E+00 ir: 2.12E-02 iu: 0.00E+00 rsn:   0
  1 2r: 8.84E-06 2x: 1.72E+09 2u: 1.14E+03 ir: 3.81E-06 iu: 3.79E+02 rsn:   0
  2 2r: 8.87E-06 2x: 1.72E+09 2u: 2.39E-02 ir: 3.81E-06 iu: 7.95E-03 rsn: stol

 Step     45 Time=  5.47059E-01 Dt=  5.25802E-06 [hour] conv_reason: 4
  newton =   2 [      74] linear =     4 [       174] cuts =  0 [   0]
  --> SNES Linear/Non-Linear Iterations = 4 / 2
  --> SNES Residual: 0.886674E-05 0.168971E-09 0.381470E-05
  --> max change: dpmx=   3.7917E+02

== GEOMECHANICS ================================================================

 Step     45 Time=  5.47059E-01 Dt=  5.25802E-06 [hour] conv_reason: 2
  linear =   124 [      6378] cuts =  0 [   0]

== RICHARDS FLOW ===============================================================
  0 2r: 2.19E-02 2x: 0.00E+00 2u: 0.00E+00 ir: 2.12E-02 iu: 0.00E+00 rsn:   0
  1 2r: 6.46E-06 2x: 1.72E+09 2u: 1.02E+03 ir: 3.81E-06 iu: 3.39E+02 rsn:   0
  2 2r: 6.41E-06 2x: 1.72E+09 2u: 1.91E-02 ir: 3.81E-06 iu: 6.37E-03 rsn: stol

 Step     46 Time=  5.47064E-01 Dt=  4.70852E-06 [hour] conv_reason: 4
  newton =   2 [      76] linear =     4 [       178] cuts =  0 [   0]
  --> SNES Linear/Non-Linear Iterations = 4 / 2
  --> SNES Residual: 0.640696E-05 0.122096E-09 0.381470E-05
  --> max change: dpmx=   3.3920E+02

== GEOMECHANICS ================================================================

 Step     46 Time=  5.47064E-01 Dt=  4.70852E-06 [hour] conv_reason: 2
  linear =   138 [      6516] cuts =  0 [   0]

== RICHARDS FLOW ===============================================================
  0 2r: 2.19E-02 2x: 0.00E+00 2u: 0.00E+00 ir: 2.12E-02 iu: 0.00E+00 rsn:   0
  1 2r: 5.33E-06 2x: 1.72E+09 2u: 9.57E+02 ir: 3.22E-06 iu: 3.19E+02 rsn:   0
  2 2r: 5.32E-06 2x: 1.72E+09 2u: 1.69E-02 ir: 3.22E-06 iu: 5.65E-03 rsn: stol

 Step     47 Time=  5.47068E-01 Dt=  4.43585E-06 [hour] conv_reason: 4
  newton =   2 [      78] linear =     4 [       182] cuts =  0 [   0]
  --> SNES Linear/Non-Linear Iterations = 4 / 2
  --> SNES Residual: 0.532100E-05 0.101401E-09 0.321865E-05
  --> max change: dpmx=   3.1924E+02

== GEOMECHANICS ================================================================

 Step     47 Time=  5.47068E-01 Dt=  4.43585E-06 [hour] conv_reason: 2
  linear =   139 [      6655] cuts =  0 [   0]

== RICHARDS FLOW ===============================================================
  0 2r: 2.19E-02 2x: 0.00E+00 2u: 0.00E+00 ir: 2.12E-02 iu: 0.00E+00 rsn:   0
  1 2r: 6.53E-06 2x: 1.72E+09 2u: 9.27E+02 ir: 3.22E-06 iu: 3.09E+02 rsn:   0
  2 2r: 6.51E-06 2x: 1.72E+09 2u: 1.59E-02 ir: 3.22E-06 iu: 5.31E-03 rsn: stol

 Step     48 Time=  5.47072E-01 Dt=  4.30151E-06 [hour] conv_reason: 4
  newton =   2 [      80] linear =     4 [       186] cuts =  0 [   0]
  --> SNES Linear/Non-Linear Iterations = 4 / 2
  --> SNES Residual: 0.651130E-05 0.124084E-09 0.321865E-05
  --> max change: dpmx=   3.0928E+02

== GEOMECHANICS ================================================================

 Step     48 Time=  5.47072E-01 Dt=  4.30151E-06 [hour] conv_reason: 2
  linear =   140 [      6795] cuts =  0 [   0]

== RICHARDS FLOW ===============================================================
  0 2r: 2.19E-02 2x: 0.00E+00 2u: 0.00E+00 ir: 2.12E-02 iu: 0.00E+00 rsn:   0
  1 2r: 7.11E-06 2x: 1.72E+09 2u: 9.12E+02 ir: 3.22E-06 iu: 3.04E+02 rsn:   0
  2 2r: 6.89E-06 2x: 1.72E+09 2u: 1.54E-02 ir: 3.22E-06 iu: 5.14E-03 rsn: stol

 Step     49 Time=  5.47077E-01 Dt=  4.23628E-06 [hour] conv_reason: 4
  newton =   2 [      82] linear =     4 [       190] cuts =  0 [   0]
  --> SNES Linear/Non-Linear Iterations = 4 / 2
  --> SNES Residual: 0.688701E-05 0.131244E-09 0.321865E-05
  --> max change: dpmx=   3.0431E+02

== GEOMECHANICS ================================================================

 Step     49 Time=  5.47077E-01 Dt=  4.23628E-06 [hour] conv_reason: 2
  linear =   142 [      6937] cuts =  0 [   0]

== RICHARDS FLOW ===============================================================
  0 2r: 2.19E-02 2x: 0.00E+00 2u: 0.00E+00 ir: 2.12E-02 iu: 0.00E+00 rsn:   0
  1 2r: 1.06E-05 2x: 1.72E+09 2u: 9.05E+02 ir: 7.63E-06 iu: 3.02E+02 rsn:   0
  2 2r: 1.06E-05 2x: 1.72E+09 2u: 1.52E-02 ir: 7.63E-06 iu: 5.07E-03 rsn: stol

 Step     50 Time=  5.47081E-01 Dt=  4.20560E-06 [hour] conv_reason: 4
  newton =   2 [      84] linear =     4 [       194] cuts =  0 [   0]
  --> SNES Linear/Non-Linear Iterations = 4 / 2
  --> SNES Residual: 0.105960E-04 0.201924E-09 0.762939E-05
  --> max change: dpmx=   3.0183E+02

== GEOMECHANICS ================================================================

 Step     50 Time=  5.47081E-01 Dt=  4.20560E-06 [hour] conv_reason: 2
  linear =   139 [      7076] cuts =  0 [   0]

== RICHARDS FLOW ===============================================================
  0 2r: 2.20E-02 2x: 0.00E+00 2u: 0.00E+00 ir: 2.12E-02 iu: 0.00E+00 rsn:   0
  1 2r: 7.41E-06 2x: 1.72E+09 2u: 9.01E+02 ir: 3.22E-06 iu: 3.01E+02 rsn:   0
  2 2r: 7.40E-06 2x: 1.72E+09 2u: 1.51E-02 ir: 3.22E-06 iu: 5.03E-03 rsn: stol

 Step     51 Time=  5.47085E-01 Dt=  4.19218E-06 [hour] conv_reason: 4
  newton =   2 [      86] linear =     4 [       198] cuts =  0 [   0]
  --> SNES Linear/Non-Linear Iterations = 4 / 2
  --> SNES Residual: 0.739670E-05 0.140957E-09 0.321865E-05
  --> max change: dpmx=   3.0059E+02

== GEOMECHANICS ================================================================

 Step     51 Time=  5.47085E-01 Dt=  4.19218E-06 [hour] conv_reason: 2
  linear =   157 [      7233] cuts =  0 [   0]

== RICHARDS FLOW ===============================================================
  0 2r: 2.20E-02 2x: 0.00E+00 2u: 0.00E+00 ir: 2.12E-02 iu: 0.00E+00 rsn:   0
  1 2r: 1.08E-05 2x: 1.72E+09 2u: 8.99E+02 ir: 7.63E-06 iu: 3.00E+02 rsn:   0
  2 2r: 1.08E-05 2x: 1.72E+09 2u: 1.50E-02 ir: 7.63E-06 iu: 5.01E-03 rsn: stol

 Step     52 Time=  5.47089E-01 Dt=  4.18739E-06 [hour] conv_reason: 4
  newton =   2 [      88] linear =     4 [       202] cuts =  0 [   0]
  --> SNES Linear/Non-Linear Iterations = 4 / 2
  --> SNES Residual: 0.107947E-04 0.205711E-09 0.762939E-05
  --> max change: dpmx=   2.9997E+02

== GEOMECHANICS ================================================================

 Step     52 Time=  5.47089E-01 Dt=  4.18739E-06 [hour] conv_reason: 2
  linear =   141 [      7374] cuts =  0 [   0]

== RICHARDS FLOW ===============================================================
  0 2r: 2.20E-02 2x: 0.00E+00 2u: 0.00E+00 ir: 2.12E-02 iu: 0.00E+00 rsn:   0
  1 2r: 7.22E-06 2x: 1.72E+09 2u: 8.99E+02 ir: 3.22E-06 iu: 3.00E+02 rsn:   0
  2 2r: 7.15E-06 2x: 1.72E+09 2u: 1.50E-02 ir: 3.22E-06 iu: 5.01E-03 rsn: stol

 Step     53 Time=  5.47093E-01 Dt=  4.18692E-06 [hour] conv_reason: 4
  newton =   2 [      90] linear =     4 [       206] cuts =  0 [   0]
  --> SNES Linear/Non-Linear Iterations = 4 / 2
  --> SNES Residual: 0.715248E-05 0.136303E-09 0.321865E-05
  --> max change: dpmx=   2.9966E+02

== GEOMECHANICS ================================================================

 Step     53 Time=  5.47093E-01 Dt=  4.18692E-06 [hour] conv_reason: 2
  linear =   141 [      7515] cuts =  0 [   0]

== RICHARDS FLOW ===============================================================
  0 2r: 2.20E-02 2x: 0.00E+00 2u: 0.00E+00 ir: 2.12E-02 iu: 0.00E+00 rsn:   0
  1 2r: 1.09E-05 2x: 1.72E+09 2u: 8.98E+02 ir: 7.63E-06 iu: 3.00E+02 rsn:   0
  2 2r: 1.09E-05 2x: 1.72E+09 2u: 1.50E-02 ir: 7.63E-06 iu: 5.01E-03 rsn: stol

 Step     54 Time=  5.47098E-01 Dt=  4.18861E-06 [hour] conv_reason: 4
  newton =   2 [      92] linear =     4 [       210] cuts =  0 [   0]
  --> SNES Linear/Non-Linear Iterations = 4 / 2
  --> SNES Residual: 0.109351E-04 0.208387E-09 0.762939E-05
  --> max change: dpmx=   2.9950E+02

== GEOMECHANICS ================================================================

 Step     54 Time=  5.47098E-01 Dt=  4.18861E-06 [hour] conv_reason: 2
  linear =   136 [      7651] cuts =  0 [   0]

== RICHARDS FLOW ===============================================================
  0 2r: 2.20E-02 2x: 0.00E+00 2u: 0.00E+00 ir: 2.12E-02 iu: 0.00E+00 rsn:   0
  1 2r: 1.05E-05 2x: 1.72E+09 2u: 8.98E+02 ir: 7.63E-06 iu: 2.99E+02 rsn:   0
  2 2r: 1.05E-05 2x: 1.72E+09 2u: 1.50E-02 ir: 7.63E-06 iu: 5.01E-03 rsn: stol

 Step     55 Time=  5.47102E-01 Dt=  4.19138E-06 [hour] conv_reason: 4
  newton =   2 [      94] linear =     4 [       214] cuts =  0 [   0]
  --> SNES Linear/Non-Linear Iterations = 4 / 2
  --> SNES Residual: 0.105272E-04 0.200613E-09 0.762939E-05
  --> max change: dpmx=   2.9943E+02

== GEOMECHANICS ================================================================

 Step     55 Time=  5.47102E-01 Dt=  4.19138E-06 [hour] conv_reason: 2
  linear =   146 [      7797] cuts =  0 [   0]

== RICHARDS FLOW ===============================================================
  0 2r: 2.20E-02 2x: 0.00E+00 2u: 0.00E+00 ir: 2.12E-02 iu: 0.00E+00 rsn:   0
  1 2r: 1.08E-05 2x: 1.72E+09 2u: 8.98E+02 ir: 7.63E-06 iu: 2.99E+02 rsn:   0
  2 2r: 1.08E-05 2x: 1.72E+09 2u: 1.50E-02 ir: 7.63E-06 iu: 5.01E-03 rsn: stol

 Step     56 Time=  5.47106E-01 Dt=  4.19469E-06 [hour] conv_reason: 4
  newton =   2 [      96] linear =     4 [       218] cuts =  0 [   0]
  --> SNES Linear/Non-Linear Iterations = 4 / 2
  --> SNES Residual: 0.108090E-04 0.205983E-09 0.762939E-05
  --> max change: dpmx=   2.9939E+02

== GEOMECHANICS ================================================================

 Step     56 Time=  5.47106E-01 Dt=  4.19469E-06 [hour] conv_reason: 2
  linear =   141 [      7938] cuts =  0 [   0]

== RICHARDS FLOW ===============================================================
  0 2r: 2.20E-02 2x: 0.00E+00 2u: 0.00E+00 ir: 2.12E-02 iu: 0.00E+00 rsn:   0
  1 2r: 1.04E-05 2x: 1.72E+09 2u: 8.98E+02 ir: 7.63E-06 iu: 2.99E+02 rsn:   0
  2 2r: 1.04E-05 2x: 1.72E+09 2u: 1.50E-02 ir: 7.63E-06 iu: 5.02E-03 rsn: stol

 Step     57 Time=  5.47110E-01 Dt=  4.19829E-06 [hour] conv_reason: 4
  newton =   2 [      98] linear =     4 [       222] cuts =  0 [   0]
  --> SNES Linear/Non-Linear Iterations = 4 / 2
  --> SNES Residual: 0.103772E-04 0.197754E-09 0.762939E-05
  --> max change: dpmx=   2.9937E+02

== GEOMECHANICS ================================================================

 Step     57 Time=  5.47110E-01 Dt=  4.19829E-06 [hour] conv_reason: 2
  linear =   164 [      8102] cuts =  0 [   0]

== RICHARDS FLOW ===============================================================
  0 2r: 2.20E-02 2x: 0.00E+00 2u: 0.00E+00 ir: 2.12E-02 iu: 0.00E+00 rsn:   0
  1 2r: 1.12E-05 2x: 1.72E+09 2u: 8.98E+02 ir: 7.63E-06 iu: 2.99E+02 rsn:   0
  2 2r: 1.12E-05 2x: 1.72E+09 2u: 1.51E-02 ir: 7.63E-06 iu: 5.02E-03 rsn: stol

 Step     58 Time=  5.47114E-01 Dt=  4.20202E-06 [hour] conv_reason: 4
  newton =   2 [     100] linear =     4 [       226] cuts =  0 [   0]
  --> SNES Linear/Non-Linear Iterations = 4 / 2
  --> SNES Residual: 0.111717E-04 0.212896E-09 0.762939E-05
  --> max change: dpmx=   2.9936E+02

== GEOMECHANICS ================================================================

 Step     58 Time=  5.47114E-01 Dt=  4.20202E-06 [hour] conv_reason: 2
  linear =   137 [      8239] cuts =  0 [   0]

== RICHARDS FLOW ===============================================================
  0 2r: 2.20E-02 2x: 0.00E+00 2u: 0.00E+00 ir: 2.12E-02 iu: 0.00E+00 rsn:   0
  1 2r: 6.87E-06 2x: 1.72E+09 2u: 8.98E+02 ir: 3.22E-06 iu: 2.99E+02 rsn:   0
  2 2r: 6.84E-06 2x: 1.72E+09 2u: 1.51E-02 ir: 3.22E-06 iu: 5.03E-03 rsn: stol

 Step     59 Time=  5.47119E-01 Dt=  4.20583E-06 [hour] conv_reason: 4
  newton =   2 [     102] linear =     4 [       230] cuts =  0 [   0]
  --> SNES Linear/Non-Linear Iterations = 4 / 2
  --> SNES Residual: 0.684209E-05 0.130388E-09 0.321865E-05
  --> max change: dpmx=   2.9935E+02

== GEOMECHANICS ================================================================

 Step     59 Time=  5.47119E-01 Dt=  4.20583E-06 [hour] conv_reason: 2
  linear =   139 [      8378] cuts =  0 [   0]

== RICHARDS FLOW ===============================================================
  0 2r: 2.20E-02 2x: 0.00E+00 2u: 0.00E+00 ir: 2.12E-02 iu: 0.00E+00 rsn:   0
  1 2r: 1.69E-05 2x: 1.72E+09 2u: 8.98E+02 ir: 1.53E-05 iu: 2.99E+02 rsn:   0
  2 2r: 1.68E-05 2x: 1.72E+09 2u: 1.51E-02 ir: 1.53E-05 iu: 5.03E-03 rsn: stol

 Step     60 Time=  5.47123E-01 Dt=  4.20967E-06 [hour] conv_reason: 4
  newton =   2 [     104] linear =     4 [       234] cuts =  0 [   0]
  --> SNES Linear/Non-Linear Iterations = 4 / 2
  --> SNES Residual: 0.168232E-04 0.320594E-09 0.152588E-04
  --> max change: dpmx=   2.9935E+02

== GEOMECHANICS ================================================================

 Step     60 Time=  5.47123E-01 Dt=  4.20967E-06 [hour] conv_reason: 2
  linear =   141 [      8519] cuts =  0 [   0]

== RICHARDS FLOW ===============================================================
  0 2r: 2.20E-02 2x: 0.00E+00 2u: 0.00E+00 ir: 2.12E-02 iu: 0.00E+00 rsn:   0
  1 2r: 7.37E-06 2x: 1.72E+09 2u: 8.98E+02 ir: 3.22E-06 iu: 2.99E+02 rsn:   0
  2 2r: 7.30E-06 2x: 1.72E+09 2u: 1.51E-02 ir: 3.22E-06 iu: 5.03E-03 rsn: stol

 Step     61 Time=  5.47127E-01 Dt=  4.21355E-06 [hour] conv_reason: 4
  newton =   2 [     106] linear =     4 [       238] cuts =  0 [   0]
  --> SNES Linear/Non-Linear Iterations = 4 / 2
  --> SNES Residual: 0.730223E-05 0.139156E-09 0.321865E-05
  --> max change: dpmx=   2.9935E+02

== GEOMECHANICS ================================================================

 Step     61 Time=  5.47127E-01 Dt=  4.21355E-06 [hour] conv_reason: 2
  linear =   147 [      8666] cuts =  0 [   0]

== RICHARDS FLOW ===============================================================
  0 2r: 2.20E-02 2x: 0.00E+00 2u: 0.00E+00 ir: 2.12E-02 iu: 0.00E+00 rsn:   0
  1 2r: 1.69E-05 2x: 1.72E+09 2u: 8.98E+02 ir: 1.53E-05 iu: 2.99E+02 rsn:   0
  2 2r: 1.69E-05 2x: 1.72E+09 2u: 1.51E-02 ir: 1.53E-05 iu: 5.04E-03 rsn: stol

 Step     62 Time=  5.47131E-01 Dt=  4.21743E-06 [hour] conv_reason: 4
  newton =   2 [     108] linear =     4 [       242] cuts =  0 [   0]
  --> SNES Linear/Non-Linear Iterations = 4 / 2
  --> SNES Residual: 0.168916E-04 0.321898E-09 0.152588E-04
  --> max change: dpmx=   2.9935E+02

== GEOMECHANICS ================================================================

 Step     62 Time=  5.47131E-01 Dt=  4.21743E-06 [hour] conv_reason: 2
  linear =   140 [      8806] cuts =  0 [   0]

== RICHARDS FLOW ===============================================================
  0 2r: 2.20E-02 2x: 0.00E+00 2u: 0.00E+00 ir: 2.13E-02 iu: 0.00E+00 rsn:   0
  1 2r: 7.11E-06 2x: 1.72E+09 2u: 8.98E+02 ir: 3.22E-06 iu: 2.99E+02 rsn:   0
  2 2r: 6.84E-06 2x: 1.72E+09 2u: 1.51E-02 ir: 3.22E-06 iu: 5.04E-03 rsn: stol

 Step     63 Time=  5.47135E-01 Dt=  4.22133E-06 [hour] conv_reason: 4
  newton =   2 [     110] linear =     4 [       246] cuts =  0 [   0]
  --> SNES Linear/Non-Linear Iterations = 4 / 2
  --> SNES Residual: 0.683616E-05 0.130275E-09 0.321865E-05
  --> max change: dpmx=   2.9935E+02

== GEOMECHANICS ================================================================

 Step     63 Time=  5.47135E-01 Dt=  4.22133E-06 [hour] conv_reason: 2
  linear =   141 [      8947] cuts =  0 [   0]

== RICHARDS FLOW ===============================================================
  0 2r: 2.20E-02 2x: 0.00E+00 2u: 0.00E+00 ir: 2.13E-02 iu: 0.00E+00 rsn:   0
  1 2r: 1.70E-05 2x: 1.72E+09 2u: 8.98E+02 ir: 1.53E-05 iu: 2.99E+02 rsn:   0
  2 2r: 1.69E-05 2x: 1.72E+09 2u: 1.51E-02 ir: 1.53E-05 iu: 5.05E-03 rsn: stol

 Step     64 Time=  5.47140E-01 Dt=  4.22524E-06 [hour] conv_reason: 4
  newton =   2 [     112] linear =     4 [       250] cuts =  0 [   0]
  --> SNES Linear/Non-Linear Iterations = 4 / 2
  --> SNES Residual: 0.168634E-04 0.321361E-09 0.152588E-04
  --> max change: dpmx=   2.9934E+02

== GEOMECHANICS ================================================================

 Step     64 Time=  5.47140E-01 Dt=  4.22524E-06 [hour] conv_reason: 2
  linear =   137 [      9084] cuts =  0 [   0]

== RICHARDS FLOW ===============================================================
  0 2r: 2.20E-02 2x: 0.00E+00 2u: 0.00E+00 ir: 2.13E-02 iu: 0.00E+00 rsn:   0
  1 2r: 7.02E-06 2x: 1.72E+09 2u: 8.98E+02 ir: 3.22E-06 iu: 2.99E+02 rsn:   0
  2 2r: 6.95E-06 2x: 1.72E+09 2u: 1.52E-02 ir: 3.22E-06 iu: 5.05E-03 rsn: stol

 Step     65 Time=  5.47144E-01 Dt=  4.22916E-06 [hour] conv_reason: 4
  newton =   2 [     114] linear =     4 [       254] cuts =  0 [   0]
  --> SNES Linear/Non-Linear Iterations = 4 / 2
  --> SNES Residual: 0.694740E-05 0.132394E-09 0.321865E-05
  --> max change: dpmx=   2.9934E+02

== GEOMECHANICS ================================================================

 Step     65 Time=  5.47144E-01 Dt=  4.22916E-06 [hour] conv_reason: 2
  linear =   152 [      9236] cuts =  0 [   0]

== RICHARDS FLOW ===============================================================
  0 2r: 2.20E-02 2x: 0.00E+00 2u: 0.00E+00 ir: 2.13E-02 iu: 0.00E+00 rsn:   0
  1 2r: 1.67E-05 2x: 1.72E+09 2u: 8.98E+02 ir: 1.53E-05 iu: 2.99E+02 rsn:   0
  2 2r: 1.67E-05 2x: 1.72E+09 2u: 1.52E-02 ir: 1.53E-05 iu: 5.06E-03 rsn: stol

 Step     66 Time=  5.47148E-01 Dt=  4.23308E-06 [hour] conv_reason: 4
  newton =   2 [     116] linear =     4 [       258] cuts =  0 [   0]
  --> SNES Linear/Non-Linear Iterations = 4 / 2
  --> SNES Residual: 0.167243E-04 0.318709E-09 0.152588E-04
  --> max change: dpmx=   2.9934E+02

== GEOMECHANICS ================================================================

 Step     66 Time=  5.47148E-01 Dt=  4.23308E-06 [hour] conv_reason: 2
  linear =   149 [      9385] cuts =  0 [   0]

== RICHARDS FLOW ===============================================================
  0 2r: 2.20E-02 2x: 0.00E+00 2u: 0.00E+00 ir: 2.13E-02 iu: 0.00E+00 rsn:   0
  1 2r: 7.29E-06 2x: 1.72E+09 2u: 8.98E+02 ir: 3.22E-06 iu: 2.99E+02 rsn:   0
  2 2r: 7.29E-06 2x: 1.72E+09 2u: 1.52E-02 ir: 3.22E-06 iu: 5.06E-03 rsn: stol

 Step     67 Time=  5.47152E-01 Dt=  4.23701E-06 [hour] conv_reason: 4
  newton =   2 [     118] linear =     4 [       262] cuts =  0 [   0]
  --> SNES Linear/Non-Linear Iterations = 4 / 2
  --> SNES Residual: 0.729002E-05 0.138924E-09 0.321865E-05
  --> max change: dpmx=   2.9934E+02

== GEOMECHANICS ================================================================

 Step     67 Time=  5.47152E-01 Dt=  4.23701E-06 [hour] conv_reason: 2
  linear =   145 [      9530] cuts =  0 [   0]

== RICHARDS FLOW ===============================================================
  0 2r: 2.20E-02 2x: 0.00E+00 2u: 0.00E+00 ir: 2.13E-02 iu: 0.00E+00 rsn:   0
  1 2r: 1.05E-05 2x: 1.72E+09 2u: 8.98E+02 ir: 7.63E-06 iu: 2.99E+02 rsn:   0
  2 2r: 1.05E-05 2x: 1.72E+09 2u: 1.52E-02 ir: 7.63E-06 iu: 5.07E-03 rsn: stol

 Step     68 Time=  5.47157E-01 Dt=  4.24095E-06 [hour] conv_reason: 4
  newton =   2 [     120] linear =     4 [       266] cuts =  0 [   0]
  --> SNES Linear/Non-Linear Iterations = 4 / 2
  --> SNES Residual: 0.104519E-04 0.199179E-09 0.762939E-05
  --> max change: dpmx=   2.9934E+02

== GEOMECHANICS ================================================================

 Step     68 Time=  5.47157E-01 Dt=  4.24095E-06 [hour] conv_reason: 2
  linear =   143 [      9673] cuts =  0 [   0]

== RICHARDS FLOW ===============================================================
  0 2r: 2.20E-02 2x: 0.00E+00 2u: 0.00E+00 ir: 2.13E-02 iu: 0.00E+00 rsn:   0
  1 2r: 1.66E-05 2x: 1.72E+09 2u: 8.98E+02 ir: 1.53E-05 iu: 2.99E+02 rsn:   0
  2 2r: 1.66E-05 2x: 1.72E+09 2u: 1.52E-02 ir: 1.53E-05 iu: 5.07E-03 rsn: stol

 Step     69 Time=  5.47161E-01 Dt=  4.24490E-06 [hour] conv_reason: 4
  newton =   2 [     122] linear =     4 [       270] cuts =  0 [   0]
  --> SNES Linear/Non-Linear Iterations = 4 / 2
  --> SNES Residual: 0.165643E-04 0.315660E-09 0.152588E-04
  --> max change: dpmx=   2.9934E+02

== GEOMECHANICS ================================================================

 Step     69 Time=  5.47161E-01 Dt=  4.24490E-06 [hour] conv_reason: 2
  linear =   141 [      9814] cuts =  0 [   0]

== RICHARDS FLOW ===============================================================
  0 2r: 2.20E-02 2x: 0.00E+00 2u: 0.00E+00 ir: 2.13E-02 iu: 0.00E+00 rsn:   0
  1 2r: 1.04E-05 2x: 1.72E+09 2u: 8.98E+02 ir: 7.63E-06 iu: 2.99E+02 rsn:   0
  2 2r: 1.04E-05 2x: 1.72E+09 2u: 1.52E-02 ir: 7.63E-06 iu: 5.08E-03 rsn: stol

 Step     70 Time=  5.47165E-01 Dt=  4.24885E-06 [hour] conv_reason: 4
  newton =   2 [     124] linear =     4 [       274] cuts =  0 [   0]
  --> SNES Linear/Non-Linear Iterations = 4 / 2
  --> SNES Residual: 0.103637E-04 0.197499E-09 0.762939E-05
  --> max change: dpmx=   2.9934E+02

== GEOMECHANICS ================================================================

 Step     70 Time=  5.47165E-01 Dt=  4.24885E-06 [hour] conv_reason: 2
  linear =   156 [      9970] cuts =  0 [   0]

== RICHARDS FLOW ===============================================================
  0 2r: 2.20E-02 2x: 0.00E+00 2u: 0.00E+00 ir: 2.13E-02 iu: 0.00E+00 rsn:   0
  1 2r: 1.03E-05 2x: 1.72E+09 2u: 8.98E+02 ir: 7.63E-06 iu: 2.99E+02 rsn:   0
  2 2r: 1.04E-05 2x: 1.72E+09 2u: 1.52E-02 ir: 7.63E-06 iu: 5.08E-03 rsn: stol

 Step     71 Time=  5.47169E-01 Dt=  4.25281E-06 [hour] conv_reason: 4
  newton =   2 [     126] linear =     4 [       278] cuts =  0 [   0]
  --> SNES Linear/Non-Linear Iterations = 4 / 2
  --> SNES Residual: 0.103578E-04 0.197386E-09 0.762939E-05
  --> max change: dpmx=   2.9934E+02

== GEOMECHANICS ================================================================

 Step     71 Time=  5.47169E-01 Dt=  4.25281E-06 [hour] conv_reason: 2
  linear =   137 [     10107] cuts =  0 [   0]

== RICHARDS FLOW ===============================================================
  0 2r: 2.20E-02 2x: 0.00E+00 2u: 0.00E+00 ir: 2.13E-02 iu: 0.00E+00 rsn:   0
  1 2r: 1.01E-05 2x: 1.72E+09 2u: 8.98E+02 ir: 7.63E-06 iu: 2.99E+02 rsn:   0
  2 2r: 1.01E-05 2x: 1.72E+09 2u: 1.53E-02 ir: 7.63E-06 iu: 5.09E-03 rsn: stol

 Step     72 Time=  5.47174E-01 Dt=  4.25678E-06 [hour] conv_reason: 4
  newton =   2 [     128] linear =     4 [       282] cuts =  0 [   0]
  --> SNES Linear/Non-Linear Iterations = 4 / 2
  --> SNES Residual: 0.101264E-04 0.192975E-09 0.762939E-05
  --> max change: dpmx=   2.9934E+02

== GEOMECHANICS ================================================================

 Step     72 Time=  5.47174E-01 Dt=  4.25678E-06 [hour] conv_reason: 2
  linear =   154 [     10261] cuts =  0 [   0]

== RICHARDS FLOW ===============================================================
  0 2r: 2.20E-02 2x: 0.00E+00 2u: 0.00E+00 ir: 2.13E-02 iu: 0.00E+00 rsn:   0
  1 2r: 1.02E-05 2x: 1.72E+09 2u: 8.98E+02 ir: 7.63E-06 iu: 2.99E+02 rsn:   0
  2 2r: 1.02E-05 2x: 1.72E+09 2u: 1.53E-02 ir: 7.63E-06 iu: 5.09E-03 rsn: stol

 Step     73 Time=  5.47178E-01 Dt=  4.26076E-06 [hour] conv_reason: 4
  newton =   2 [     130] linear =     4 [       286] cuts =  0 [   0]
  --> SNES Linear/Non-Linear Iterations = 4 / 2
  --> SNES Residual: 0.101802E-04 0.194000E-09 0.762939E-05
  --> max change: dpmx=   2.9934E+02

== GEOMECHANICS ================================================================

 Step     73 Time=  5.47178E-01 Dt=  4.26076E-06 [hour] conv_reason: 2
  linear =   144 [     10405] cuts =  0 [   0]

== RICHARDS FLOW ===============================================================
  0 2r: 2.20E-02 2x: 0.00E+00 2u: 0.00E+00 ir: 2.13E-02 iu: 0.00E+00 rsn:   0
  1 2r: 6.78E-06 2x: 1.72E+09 2u: 8.98E+02 ir: 3.22E-06 iu: 2.99E+02 rsn:   0
  2 2r: 6.76E-06 2x: 1.72E+09 2u: 1.53E-02 ir: 3.22E-06 iu: 5.10E-03 rsn: stol

 Step     74 Time=  5.47182E-01 Dt=  4.26474E-06 [hour] conv_reason: 4
  newton =   2 [     132] linear =     4 [       290] cuts =  0 [   0]
  --> SNES Linear/Non-Linear Iterations = 4 / 2
  --> SNES Residual: 0.675797E-05 0.128785E-09 0.321865E-05
  --> max change: dpmx=   2.9934E+02

== GEOMECHANICS ================================================================

 Step     74 Time=  5.47182E-01 Dt=  4.26474E-06 [hour] conv_reason: 2
  linear =   141 [     10546] cuts =  0 [   0]

== RICHARDS FLOW ===============================================================
  0 2r: 2.20E-02 2x: 0.00E+00 2u: 0.00E+00 ir: 2.13E-02 iu: 0.00E+00 rsn:   0
  1 2r: 9.98E-06 2x: 1.72E+09 2u: 8.98E+02 ir: 7.63E-06 iu: 2.99E+02 rsn:   0
  2 2r: 9.97E-06 2x: 1.72E+09 2u: 1.53E-02 ir: 7.63E-06 iu: 5.10E-03 rsn: stol

 Step     75 Time=  5.47186E-01 Dt=  4.26873E-06 [hour] conv_reason: 4
  newton =   2 [     134] linear =     4 [       294] cuts =  0 [   0]
  --> SNES Linear/Non-Linear Iterations = 4 / 2
  --> SNES Residual: 0.996592E-05 0.189918E-09 0.762939E-05
  --> max change: dpmx=   2.9934E+02

== GEOMECHANICS ================================================================

 Step     75 Time=  5.47186E-01 Dt=  4.26873E-06 [hour] conv_reason: 2
  linear =   142 [     10688] cuts =  0 [   0]

== RICHARDS FLOW ===============================================================
  0 2r: 2.20E-02 2x: 0.00E+00 2u: 0.00E+00 ir: 2.13E-02 iu: 0.00E+00 rsn:   0
  1 2r: 1.02E-05 2x: 1.72E+09 2u: 8.98E+02 ir: 7.63E-06 iu: 2.99E+02 rsn:   0
  2 2r: 1.02E-05 2x: 1.72E+09 2u: 1.53E-02 ir: 7.63E-06 iu: 5.11E-03 rsn: stol

 Step     76 Time=  5.47191E-01 Dt=  4.27273E-06 [hour] conv_reason: 4
  newton =   2 [     136] linear =     4 [       298] cuts =  0 [   0]
  --> SNES Linear/Non-Linear Iterations = 4 / 2
  --> SNES Residual: 0.102193E-04 0.194746E-09 0.762939E-05
  --> max change: dpmx=   2.9934E+02

== GEOMECHANICS ================================================================

 Step     76 Time=  5.47191E-01 Dt=  4.27273E-06 [hour] conv_reason: 2
  linear =   134 [     10822] cuts =  0 [   0]

== RICHARDS FLOW ===============================================================
  0 2r: 2.20E-02 2x: 0.00E+00 2u: 0.00E+00 ir: 2.13E-02 iu: 0.00E+00 rsn:   0
  1 2r: 1.66E-05 2x: 1.72E+09 2u: 8.98E+02 ir: 1.53E-05 iu: 2.99E+02 rsn:   0
  2 2r: 1.66E-05 2x: 1.72E+09 2u: 1.53E-02 ir: 1.53E-05 iu: 5.11E-03 rsn: stol

 Step     77 Time=  5.47195E-01 Dt=  4.27673E-06 [hour] conv_reason: 4
  newton =   2 [     138] linear =     4 [       302] cuts =  0 [   0]
  --> SNES Linear/Non-Linear Iterations = 4 / 2
  --> SNES Residual: 0.165651E-04 0.315676E-09 0.152588E-04
  --> max change: dpmx=   2.9934E+02

== GEOMECHANICS ================================================================

 Step     77 Time=  5.47195E-01 Dt=  4.27673E-06 [hour] conv_reason: 2
  linear =   143 [     10965] cuts =  0 [   0]

== RICHARDS FLOW ===============================================================
  0 2r: 2.20E-02 2x: 0.00E+00 2u: 0.00E+00 ir: 2.13E-02 iu: 0.00E+00 rsn:   0
  1 2r: 1.03E-05 2x: 1.72E+09 2u: 8.98E+02 ir: 7.63E-06 iu: 2.99E+02 rsn:   0
  2 2r: 1.02E-05 2x: 1.72E+09 2u: 1.53E-02 ir: 7.63E-06 iu: 5.12E-03 rsn: stol

 Step     78 Time=  5.47199E-01 Dt=  4.28075E-06 [hour] conv_reason: 4
  newton =   2 [     140] linear =     4 [       306] cuts =  0 [   0]
  --> SNES Linear/Non-Linear Iterations = 4 / 2
  --> SNES Residual: 0.101956E-04 0.194295E-09 0.762939E-05
  --> max change: dpmx=   2.9934E+02

== GEOMECHANICS ================================================================

 Step     78 Time=  5.47199E-01 Dt=  4.28075E-06 [hour] conv_reason: 2
  linear =   139 [     11104] cuts =  0 [   0]

== RICHARDS FLOW ===============================================================
  0 2r: 2.20E-02 2x: 0.00E+00 2u: 0.00E+00 ir: 2.13E-02 iu: 0.00E+00 rsn:   0
  1 2r: 9.99E-06 2x: 1.72E+09 2u: 8.98E+02 ir: 7.63E-06 iu: 2.99E+02 rsn:   0
  2 2r: 1.01E-05 2x: 1.72E+09 2u: 1.54E-02 ir: 7.63E-06 iu: 5.12E-03 rsn: stol

 Step     79 Time=  5.47203E-01 Dt=  4.28477E-06 [hour] conv_reason: 4
  newton =   2 [     142] linear =     4 [       310] cuts =  0 [   0]
  --> SNES Linear/Non-Linear Iterations = 4 / 2
  --> SNES Residual: 0.101045E-04 0.192558E-09 0.762939E-05
  --> max change: dpmx=   2.9934E+02

== GEOMECHANICS ================================================================

 Step     79 Time=  5.47203E-01 Dt=  4.28477E-06 [hour] conv_reason: 2
  linear =   137 [     11241] cuts =  0 [   0]

== RICHARDS FLOW ===============================================================
  0 2r: 2.20E-02 2x: 0.00E+00 2u: 0.00E+00 ir: 2.13E-02 iu: 0.00E+00 rsn:   0
  1 2r: 6.49E-06 2x: 1.72E+09 2u: 8.98E+02 ir: 3.22E-06 iu: 2.99E+02 rsn:   0
  2 2r: 6.44E-06 2x: 1.72E+09 2u: 1.54E-02 ir: 3.22E-06 iu: 5.13E-03 rsn: stol

 Step     80 Time=  5.47208E-01 Dt=  4.28880E-06 [hour] conv_reason: 4
  newton =   2 [     144] linear =     4 [       314] cuts =  0 [   0]
  --> SNES Linear/Non-Linear Iterations = 4 / 2
  --> SNES Residual: 0.644024E-05 0.122730E-09 0.321865E-05
  --> max change: dpmx=   2.9934E+02

== GEOMECHANICS ================================================================

 Step     80 Time=  5.47208E-01 Dt=  4.28880E-06 [hour] conv_reason: 2
  linear =   160 [     11401] cuts =  0 [   0]

== RICHARDS FLOW ===============================================================
  0 2r: 2.20E-02 2x: 0.00E+00 2u: 0.00E+00 ir: 2.13E-02 iu: 0.00E+00 rsn:   0
  1 2r: 9.96E-06 2x: 1.72E+09 2u: 8.98E+02 ir: 7.63E-06 iu: 2.99E+02 rsn:   0
  2 2r: 9.94E-06 2x: 1.72E+09 2u: 1.54E-02 ir: 7.63E-06 iu: 5.13E-03 rsn: stol

 Step     81 Time=  5.47212E-01 Dt=  4.29283E-06 [hour] conv_reason: 4
  newton =   2 [     146] linear =     4 [       318] cuts =  0 [   0]
  --> SNES Linear/Non-Linear Iterations = 4 / 2
  --> SNES Residual: 0.993656E-05 0.189358E-09 0.762939E-05
  --> max change: dpmx=   2.9934E+02

== GEOMECHANICS ================================================================

 Step     81 Time=  5.47212E-01 Dt=  4.29283E-06 [hour] conv_reason: 2
  linear =   140 [     11541] cuts =  0 [   0]

== RICHARDS FLOW ===============================================================
  0 2r: 2.20E-02 2x: 0.00E+00 2u: 0.00E+00 ir: 2.13E-02 iu: 0.00E+00 rsn:   0
  1 2r: 1.01E-05 2x: 1.72E+09 2u: 8.98E+02 ir: 7.63E-06 iu: 2.99E+02 rsn:   0
  2 2r: 1.01E-05 2x: 1.72E+09 2u: 1.54E-02 ir: 7.63E-06 iu: 5.14E-03 rsn: stol

 Step     82 Time=  5.47216E-01 Dt=  4.29687E-06 [hour] conv_reason: 4
  newton =   2 [     148] linear =     4 [       322] cuts =  0 [   0]
  --> SNES Linear/Non-Linear Iterations = 4 / 2
  --> SNES Residual: 0.100820E-04 0.192129E-09 0.762939E-05
  --> max change: dpmx=   2.9934E+02

== GEOMECHANICS ================================================================

 Step     82 Time=  5.47216E-01 Dt=  4.29687E-06 [hour] conv_reason: 2
  linear =   144 [     11685] cuts =  0 [   0]

== RICHARDS FLOW ===============================================================
  0 2r: 2.20E-02 2x: 0.00E+00 2u: 0.00E+00 ir: 2.13E-02 iu: 0.00E+00 rsn:   0
  1 2r: 1.65E-05 2x: 1.72E+09 2u: 8.98E+02 ir: 1.53E-05 iu: 2.99E+02 rsn:   0
  2 2r: 1.65E-05 2x: 1.72E+09 2u: 1.54E-02 ir: 1.53E-05 iu: 5.14E-03 rsn: stol

 Step     83 Time=  5.47221E-01 Dt=  4.30093E-06 [hour] conv_reason: 4
  newton =   2 [     150] linear =     4 [       326] cuts =  0 [   0]
  --> SNES Linear/Non-Linear Iterations = 4 / 2
  --> SNES Residual: 0.165032E-04 0.314496E-09 0.152588E-04
  --> max change: dpmx=   2.9933E+02

== GEOMECHANICS ================================================================

 Step     83 Time=  5.47221E-01 Dt=  4.30093E-06 [hour] conv_reason: 2
  linear =   141 [     11826] cuts =  0 [   0]

== RICHARDS FLOW ===============================================================
  0 2r: 2.20E-02 2x: 0.00E+00 2u: 0.00E+00 ir: 2.13E-02 iu: 0.00E+00 rsn:   0
  1 2r: 6.24E-06 2x: 1.72E+09 2u: 8.98E+02 ir: 3.22E-06 iu: 2.99E+02 rsn:   0
  2 2r: 6.15E-06 2x: 1.72E+09 2u: 1.54E-02 ir: 3.22E-06 iu: 5.15E-03 rsn: stol

 Step     84 Time=  5.47225E-01 Dt=  4.30498E-06 [hour] conv_reason: 4
  newton =   2 [     152] linear =     4 [       330] cuts =  0 [   0]
  --> SNES Linear/Non-Linear Iterations = 4 / 2
  --> SNES Residual: 0.615283E-05 0.117253E-09 0.321865E-05
  --> max change: dpmx=   2.9933E+02

== GEOMECHANICS ================================================================

 Step     84 Time=  5.47225E-01 Dt=  4.30498E-06 [hour] conv_reason: 2
  linear =   139 [     11965] cuts =  0 [   0]

== RICHARDS FLOW ===============================================================
  0 2r: 2.20E-02 2x: 0.00E+00 2u: 0.00E+00 ir: 2.13E-02 iu: 0.00E+00 rsn:   0
  1 2r: 1.67E-05 2x: 1.72E+09 2u: 8.98E+02 ir: 1.53E-05 iu: 2.99E+02 rsn:   0
  2 2r: 1.67E-05 2x: 1.72E+09 2u: 1.54E-02 ir: 1.53E-05 iu: 5.15E-03 rsn: stol

 Step     85 Time=  5.47229E-01 Dt=  4.30905E-06 [hour] conv_reason: 4
  newton =   2 [     154] linear =     4 [       334] cuts =  0 [   0]
  --> SNES Linear/Non-Linear Iterations = 4 / 2
  --> SNES Residual: 0.166725E-04 0.317724E-09 0.152588E-04
  --> max change: dpmx=   2.9933E+02

== GEOMECHANICS ================================================================

 Step     85 Time=  5.47229E-01 Dt=  4.30905E-06 [hour] conv_reason: 2
  linear =   134 [     12099] cuts =  0 [   0]

== RICHARDS FLOW ===============================================================
  0 2r: 2.20E-02 2x: 0.00E+00 2u: 0.00E+00 ir: 2.13E-02 iu: 0.00E+00 rsn:   0
  1 2r: 5.81E-06 2x: 1.72E+09 2u: 8.98E+02 ir: 3.22E-06 iu: 2.99E+02 rsn:   0
  2 2r: 5.80E-06 2x: 1.72E+09 2u: 1.55E-02 ir: 3.22E-06 iu: 5.16E-03 rsn: stol

 Step     86 Time=  5.47234E-01 Dt=  4.31312E-06 [hour] conv_reason: 4
  newton =   2 [     156] linear =     4 [       338] cuts =  0 [   0]
  --> SNES Linear/Non-Linear Iterations = 4 / 2
  --> SNES Residual: 0.579757E-05 0.110482E-09 0.321865E-05
  --> max change: dpmx=   2.9933E+02

== GEOMECHANICS ================================================================

 Step     86 Time=  5.47234E-01 Dt=  4.31312E-06 [hour] conv_reason: 2
  linear =   141 [     12240] cuts =  0 [   0]

== RICHARDS FLOW ===============================================================
  0 2r: 2.20E-02 2x: 0.00E+00 2u: 0.00E+00 ir: 2.13E-02 iu: 0.00E+00 rsn:   0
  1 2r: 1.69E-05 2x: 1.72E+09 2u: 8.98E+02 ir: 1.53E-05 iu: 2.99E+02 rsn:   0
  2 2r: 1.69E-05 2x: 1.72E+09 2u: 1.55E-02 ir: 1.53E-05 iu: 5.16E-03 rsn: stol

 Step     87 Time=  5.47238E-01 Dt=  4.31721E-06 [hour] conv_reason: 4
  newton =   2 [     158] linear =     4 [       342] cuts =  0 [   0]
  --> SNES Linear/Non-Linear Iterations = 4 / 2
  --> SNES Residual: 0.168553E-04 0.321207E-09 0.152588E-04
  --> max change: dpmx=   2.9933E+02

== GEOMECHANICS ================================================================

 Step     87 Time=  5.47238E-01 Dt=  4.31721E-06 [hour] conv_reason: 2
  linear =   136 [     12376] cuts =  0 [   0]

== RICHARDS FLOW ===============================================================
  0 2r: 2.20E-02 2x: 0.00E+00 2u: 0.00E+00 ir: 2.13E-02 iu: 0.00E+00 rsn:   0
  1 2r: 6.30E-06 2x: 1.72E+09 2u: 8.98E+02 ir: 3.22E-06 iu: 2.99E+02 rsn:   0
  2 2r: 6.26E-06 2x: 1.72E+09 2u: 1.55E-02 ir: 3.22E-06 iu: 5.17E-03 rsn: stol

 Step     88 Time=  5.47242E-01 Dt=  4.32130E-06 [hour] conv_reason: 4
  newton =   2 [     160] linear =     4 [       346] cuts =  0 [   0]
  --> SNES Linear/Non-Linear Iterations = 4 / 2
  --> SNES Residual: 0.625693E-05 0.119236E-09 0.321865E-05
  --> max change: dpmx=   2.9933E+02

== GEOMECHANICS ================================================================

 Step     88 Time=  5.47242E-01 Dt=  4.32130E-06 [hour] conv_reason: 2
  linear =   137 [     12513] cuts =  0 [   0]

== RICHARDS FLOW ===============================================================
  0 2r: 2.20E-02 2x: 0.00E+00 2u: 0.00E+00 ir: 2.13E-02 iu: 0.00E+00 rsn:   0
  1 2r: 1.65E-05 2x: 1.72E+09 2u: 8.98E+02 ir: 1.53E-05 iu: 2.99E+02 rsn:   0
  2 2r: 1.65E-05 2x: 1.72E+09 2u: 1.55E-02 ir: 1.53E-05 iu: 5.17E-03 rsn: stol

 Step     89 Time=  5.47247E-01 Dt=  4.32539E-06 [hour] conv_reason: 4
  newton =   2 [     162] linear =     4 [       350] cuts =  0 [   0]
  --> SNES Linear/Non-Linear Iterations = 4 / 2
  --> SNES Residual: 0.164859E-04 0.314167E-09 0.152588E-04
  --> max change: dpmx=   2.9933E+02

== GEOMECHANICS ================================================================

 Step     89 Time=  5.47247E-01 Dt=  4.32539E-06 [hour] conv_reason: 2
  linear =   139 [     12652] cuts =  0 [   0]

== RICHARDS FLOW ===============================================================
  0 2r: 2.20E-02 2x: 0.00E+00 2u: 0.00E+00 ir: 2.13E-02 iu: 0.00E+00 rsn:   0
  1 2r: 9.73E-06 2x: 1.72E+09 2u: 8.98E+02 ir: 7.63E-06 iu: 2.99E+02 rsn:   0
  2 2r: 9.67E-06 2x: 1.72E+09 2u: 1.55E-02 ir: 7.63E-06 iu: 5.18E-03 rsn: stol

 Step     90 Time=  5.47251E-01 Dt=  4.32950E-06 [hour] conv_reason: 4
  newton =   2 [     164] linear =     4 [       354] cuts =  0 [   0]
  --> SNES Linear/Non-Linear Iterations = 4 / 2
  --> SNES Residual: 0.967213E-05 0.184319E-09 0.762939E-05
  --> max change: dpmx=   2.9933E+02

== GEOMECHANICS ================================================================

 Step     90 Time=  5.47251E-01 Dt=  4.32950E-06 [hour] conv_reason: 2
  linear =   152 [     12804] cuts =  0 [   0]

== RICHARDS FLOW ===============================================================
  0 2r: 2.21E-02 2x: 0.00E+00 2u: 0.00E+00 ir: 2.13E-02 iu: 0.00E+00 rsn:   0
  1 2r: 6.24E-06 2x: 1.72E+09 2u: 8.98E+02 ir: 3.22E-06 iu: 2.99E+02 rsn:   0
  2 2r: 6.21E-06 2x: 1.72E+09 2u: 1.55E-02 ir: 3.22E-06 iu: 5.18E-03 rsn: stol

 Step     91 Time=  5.47255E-01 Dt=  4.33361E-06 [hour] conv_reason: 4
  newton =   2 [     166] linear =     4 [       358] cuts =  0 [   0]
  --> SNES Linear/Non-Linear Iterations = 4 / 2
  --> SNES Residual: 0.620896E-05 0.118322E-09 0.321865E-05
  --> max change: dpmx=   2.9933E+02

== GEOMECHANICS ================================================================

 Step     91 Time=  5.47255E-01 Dt=  4.33361E-06 [hour] conv_reason: 2
  linear =   149 [     12953] cuts =  0 [   0]

== RICHARDS FLOW ===============================================================
  0 2r: 2.21E-02 2x: 0.00E+00 2u: 0.00E+00 ir: 2.13E-02 iu: 0.00E+00 rsn:   0
  1 2r: 9.88E-06 2x: 1.72E+09 2u: 8.98E+02 ir: 7.63E-06 iu: 2.99E+02 rsn:   0
  2 2r: 9.81E-06 2x: 1.72E+09 2u: 1.55E-02 ir: 7.63E-06 iu: 5.19E-03 rsn: stol

 Step     92 Time=  5.47260E-01 Dt=  4.33773E-06 [hour] conv_reason: 4
  newton =   2 [     168] linear =     4 [       362] cuts =  0 [   0]
  --> SNES Linear/Non-Linear Iterations = 4 / 2
  --> SNES Residual: 0.980984E-05 0.186943E-09 0.762939E-05
  --> max change: dpmx=   2.9933E+02

== GEOMECHANICS ================================================================

 Step     92 Time=  5.47260E-01 Dt=  4.33773E-06 [hour] conv_reason: 2
  linear =   142 [     13095] cuts =  0 [   0]

== RICHARDS FLOW ===============================================================
  0 2r: 2.21E-02 2x: 0.00E+00 2u: 0.00E+00 ir: 2.13E-02 iu: 0.00E+00 rsn:   0
  1 2r: 9.82E-06 2x: 1.72E+09 2u: 8.98E+02 ir: 7.63E-06 iu: 2.99E+02 rsn:   0
  2 2r: 9.82E-06 2x: 1.72E+09 2u: 1.56E-02 ir: 7.63E-06 iu: 5.19E-03 rsn: stol

 Step     93 Time=  5.47264E-01 Dt=  4.34186E-06 [hour] conv_reason: 4
  newton =   2 [     170] linear =     4 [       366] cuts =  0 [   0]
  --> SNES Linear/Non-Linear Iterations = 4 / 2
  --> SNES Residual: 0.982050E-05 0.187146E-09 0.762939E-05
  --> max change: dpmx=   2.9933E+02

== GEOMECHANICS ================================================================

 Step     93 Time=  5.47264E-01 Dt=  4.34186E-06 [hour] conv_reason: 2
  linear =   138 [     13233] cuts =  0 [   0]

== RICHARDS FLOW ===============================================================
  0 2r: 2.21E-02 2x: 0.00E+00 2u: 0.00E+00 ir: 2.13E-02 iu: 0.00E+00 rsn:   0
  1 2r: 9.64E-06 2x: 1.72E+09 2u: 8.98E+02 ir: 7.63E-06 iu: 2.99E+02 rsn:   0
  2 2r: 9.63E-06 2x: 1.72E+09 2u: 1.56E-02 ir: 7.63E-06 iu: 5.20E-03 rsn: stol

 Step     94 Time=  5.47268E-01 Dt=  4.34600E-06 [hour] conv_reason: 4
  newton =   2 [     172] linear =     4 [       370] cuts =  0 [   0]
  --> SNES Linear/Non-Linear Iterations = 4 / 2
  --> SNES Residual: 0.963477E-05 0.183607E-09 0.762939E-05
  --> max change: dpmx=   2.9933E+02

== GEOMECHANICS ================================================================

 Step     94 Time=  5.47268E-01 Dt=  4.34600E-06 [hour] conv_reason: 2
  linear =   150 [     13383] cuts =  0 [   0]

== RICHARDS FLOW ===============================================================
  0 2r: 2.21E-02 2x: 0.00E+00 2u: 0.00E+00 ir: 2.13E-02 iu: 0.00E+00 rsn:   0
  1 2r: 1.64E-05 2x: 1.72E+09 2u: 8.98E+02 ir: 1.53E-05 iu: 2.99E+02 rsn:   0
  2 2r: 1.64E-05 2x: 1.72E+09 2u: 1.56E-02 ir: 1.53E-05 iu: 5.20E-03 rsn: stol

 Step     95 Time=  5.47273E-01 Dt=  4.35014E-06 [hour] conv_reason: 4
  newton =   2 [     174] linear =     4 [       374] cuts =  0 [   0]
  --> SNES Linear/Non-Linear Iterations = 4 / 2
  --> SNES Residual: 0.164079E-04 0.312681E-09 0.152588E-04
  --> max change: dpmx=   2.9933E+02

== GEOMECHANICS ================================================================

 Step     95 Time=  5.47273E-01 Dt=  4.35014E-06 [hour] conv_reason: 2
  linear =   152 [     13535] cuts =  0 [   0]

== RICHARDS FLOW ===============================================================
  0 2r: 2.21E-02 2x: 0.00E+00 2u: 0.00E+00 ir: 2.13E-02 iu: 0.00E+00 rsn:   0
  1 2r: 5.67E-06 2x: 1.72E+09 2u: 8.98E+02 ir: 3.22E-06 iu: 2.99E+02 rsn:   0
  2 2r: 5.67E-06 2x: 1.72E+09 2u: 1.56E-02 ir: 3.22E-06 iu: 5.21E-03 rsn: stol

 Step     96 Time=  5.47277E-01 Dt=  4.35429E-06 [hour] conv_reason: 4
  newton =   2 [     176] linear =     4 [       378] cuts =  0 [   0]
  --> SNES Linear/Non-Linear Iterations = 4 / 2
  --> SNES Residual: 0.566875E-05 0.108028E-09 0.321865E-05
  --> max change: dpmx=   2.9933E+02

== GEOMECHANICS ================================================================

 Step     96 Time=  5.47277E-01 Dt=  4.35429E-06 [hour] conv_reason: 2
  linear =   138 [     13673] cuts =  0 [   0]

== RICHARDS FLOW ===============================================================
  0 2r: 2.21E-02 2x: 0.00E+00 2u: 0.00E+00 ir: 2.13E-02 iu: 0.00E+00 rsn:   0
  1 2r: 9.81E-06 2x: 1.72E+09 2u: 8.98E+02 ir: 7.63E-06 iu: 2.99E+02 rsn:   0
  2 2r: 9.79E-06 2x: 1.72E+09 2u: 1.56E-02 ir: 7.63E-06 iu: 5.21E-03 rsn: stol

 Step     97 Time=  5.47281E-01 Dt=  4.35845E-06 [hour] conv_reason: 4
  newton =   2 [     178] linear =     4 [       382] cuts =  0 [   0]
  --> SNES Linear/Non-Linear Iterations = 4 / 2
  --> SNES Residual: 0.979453E-05 0.186651E-09 0.762939E-05
  --> max change: dpmx=   2.9933E+02

== GEOMECHANICS ================================================================

 Step     97 Time=  5.47281E-01 Dt=  4.35845E-06 [hour] conv_reason: 2
  linear =   144 [     13817] cuts =  0 [   0]

== RICHARDS FLOW ===============================================================
  0 2r: 2.21E-02 2x: 0.00E+00 2u: 0.00E+00 ir: 2.13E-02 iu: 0.00E+00 rsn:   0
  1 2r: 9.54E-06 2x: 1.72E+09 2u: 8.98E+02 ir: 7.63E-06 iu: 2.99E+02 rsn:   0
  2 2r: 9.52E-06 2x: 1.72E+09 2u: 1.56E-02 ir: 7.63E-06 iu: 5.22E-03 rsn: stol

 Step     98 Time=  5.47286E-01 Dt=  4.36262E-06 [hour] conv_reason: 4
  newton =   2 [     180] linear =     4 [       386] cuts =  0 [   0]
  --> SNES Linear/Non-Linear Iterations = 4 / 2
  --> SNES Residual: 0.951530E-05 0.181330E-09 0.762939E-05
  --> max change: dpmx=   2.9933E+02

== GEOMECHANICS ================================================================

 Step     98 Time=  5.47286E-01 Dt=  4.36262E-06 [hour] conv_reason: 2
  linear =   139 [     13956] cuts =  0 [   0]

== RICHARDS FLOW ===============================================================
  0 2r: 2.21E-02 2x: 0.00E+00 2u: 0.00E+00 ir: 2.13E-02 iu: 0.00E+00 rsn:   0
  1 2r: 9.71E-06 2x: 1.72E+09 2u: 8.98E+02 ir: 7.63E-06 iu: 2.99E+02 rsn:   0
  2 2r: 9.70E-06 2x: 1.72E+09 2u: 1.57E-02 ir: 7.63E-06 iu: 5.22E-03 rsn: stol

 Step     99 Time=  5.47290E-01 Dt=  4.36680E-06 [hour] conv_reason: 4
  newton =   2 [     182] linear =     4 [       390] cuts =  0 [   0]
  --> SNES Linear/Non-Linear Iterations = 4 / 2
  --> SNES Residual: 0.969917E-05 0.184834E-09 0.762939E-05
  --> max change: dpmx=   2.9933E+02

== GEOMECHANICS ================================================================

 Step     99 Time=  5.47290E-01 Dt=  4.36680E-06 [hour] conv_reason: 2
  linear =   141 [     14097] cuts =  0 [   0]

== RICHARDS FLOW ===============================================================
  0 2r: 2.21E-02 2x: 0.00E+00 2u: 0.00E+00 ir: 2.13E-02 iu: 0.00E+00 rsn:   0
  1 2r: 9.55E-06 2x: 1.72E+09 2u: 8.98E+02 ir: 7.63E-06 iu: 2.99E+02 rsn:   0
  2 2r: 9.50E-06 2x: 1.72E+09 2u: 1.57E-02 ir: 7.63E-06 iu: 5.23E-03 rsn: stol

 Step    100 Time=  5.47294E-01 Dt=  4.37098E-06 [hour] conv_reason: 4
  newton =   2 [     184] linear =     4 [       394] cuts =  0 [   0]
  --> SNES Linear/Non-Linear Iterations = 4 / 2
  --> SNES Residual: 0.950467E-05 0.181128E-09 0.762939E-05
  --> max change: dpmx=   2.9933E+02

== GEOMECHANICS ================================================================

 Step    100 Time=  5.47294E-01 Dt=  4.37098E-06 [hour] conv_reason: 2
  linear =   153 [     14250] cuts =  0 [   0]

== RICHARDS FLOW ===============================================================
  0 2r: 2.21E-02 2x: 0.00E+00 2u: 0.00E+00 ir: 2.14E-02 iu: 0.00E+00 rsn:   0
  1 2r: 9.67E-06 2x: 1.72E+09 2u: 8.98E+02 ir: 7.63E-06 iu: 2.99E+02 rsn:   0
  2 2r: 9.64E-06 2x: 1.72E+09 2u: 1.57E-02 ir: 7.63E-06 iu: 5.23E-03 rsn: stol

 Step    101 Time=  5.47299E-01 Dt=  4.37517E-06 [hour] conv_reason: 4
  newton =   2 [     186] linear =     4 [       398] cuts =  0 [   0]
  --> SNES Linear/Non-Linear Iterations = 4 / 2
  --> SNES Residual: 0.964046E-05 0.183715E-09 0.762939E-05
  --> max change: dpmx=   2.9933E+02

== GEOMECHANICS ================================================================

 Step    101 Time=  5.47299E-01 Dt=  4.37517E-06 [hour] conv_reason: 2
  linear =   145 [     14395] cuts =  0 [   0]

== RICHARDS FLOW ===============================================================
  0 2r: 2.21E-02 2x: 0.00E+00 2u: 0.00E+00 ir: 2.14E-02 iu: 0.00E+00 rsn:   0
  1 2r: 9.56E-06 2x: 1.72E+09 2u: 8.98E+02 ir: 7.63E-06 iu: 2.99E+02 rsn:   0
  2 2r: 9.55E-06 2x: 1.72E+09 2u: 1.57E-02 ir: 7.63E-06 iu: 5.24E-03 rsn: stol

 Step    102 Time=  5.47303E-01 Dt=  4.37937E-06 [hour] conv_reason: 4
  newton =   2 [     188] linear =     4 [       402] cuts =  0 [   0]
  --> SNES Linear/Non-Linear Iterations = 4 / 2
  --> SNES Residual: 0.954862E-05 0.181965E-09 0.762939E-05
  --> max change: dpmx=   2.9932E+02

== GEOMECHANICS ================================================================

 Step    102 Time=  5.47303E-01 Dt=  4.37937E-06 [hour] conv_reason: 2
  linear =   143 [     14538] cuts =  0 [   0]

== RICHARDS FLOW ===============================================================
  0 2r: 2.21E-02 2x: 0.00E+00 2u: 0.00E+00 ir: 2.14E-02 iu: 0.00E+00 rsn:   0
  1 2r: 9.85E-06 2x: 1.72E+09 2u: 8.98E+02 ir: 7.63E-06 iu: 2.99E+02 rsn:   0
  2 2r: 9.69E-06 2x: 1.72E+09 2u: 1.57E-02 ir: 7.63E-06 iu: 5.24E-03 rsn: stol

 Step    103 Time=  5.47308E-01 Dt=  4.38358E-06 [hour] conv_reason: 4
  newton =   2 [     190] linear =     4 [       406] cuts =  0 [   0]
  --> SNES Linear/Non-Linear Iterations = 4 / 2
  --> SNES Residual: 0.969358E-05 0.184728E-09 0.762939E-05
  --> max change: dpmx=   2.9932E+02

== GEOMECHANICS ================================================================

 Step    103 Time=  5.47308E-01 Dt=  4.38358E-06 [hour] conv_reason: 2
  linear =   141 [     14679] cuts =  0 [   0]

== RICHARDS FLOW ===============================================================
  0 2r: 2.21E-02 2x: 0.00E+00 2u: 0.00E+00 ir: 2.14E-02 iu: 0.00E+00 rsn:   0
  1 2r: 1.63E-05 2x: 1.72E+09 2u: 8.98E+02 ir: 1.53E-05 iu: 2.99E+02 rsn:   0
  2 2r: 1.62E-05 2x: 1.72E+09 2u: 1.57E-02 ir: 1.53E-05 iu: 5.25E-03 rsn: stol

 Step    104 Time=  5.47312E-01 Dt=  4.38780E-06 [hour] conv_reason: 4
  newton =   2 [     192] linear =     4 [       410] cuts =  0 [   0]
  --> SNES Linear/Non-Linear Iterations = 4 / 2
  --> SNES Residual: 0.162471E-04 0.309616E-09 0.152588E-04
  --> max change: dpmx=   2.9932E+02

== GEOMECHANICS ================================================================

 Step    104 Time=  5.47312E-01 Dt=  4.38780E-06 [hour] conv_reason: 2
  linear =   137 [     14816] cuts =  0 [   0]

== RICHARDS FLOW ===============================================================
  0 2r: 2.21E-02 2x: 0.00E+00 2u: 0.00E+00 ir: 2.14E-02 iu: 0.00E+00 rsn:   0
  1 2r: 9.39E-06 2x: 1.72E+09 2u: 8.98E+02 ir: 7.63E-06 iu: 2.99E+02 rsn:   0
  2 2r: 9.39E-06 2x: 1.72E+09 2u: 1.57E-02 ir: 7.63E-06 iu: 5.25E-03 rsn: stol

 Step    105 Time=  5.47316E-01 Dt=  4.39202E-06 [hour] conv_reason: 4
  newton =   2 [     194] linear =     4 [       414] cuts =  0 [   0]
  --> SNES Linear/Non-Linear Iterations = 4 / 2
  --> SNES Residual: 0.938684E-05 0.178882E-09 0.762939E-05
  --> max change: dpmx=   2.9932E+02

== GEOMECHANICS ================================================================

 Step    105 Time=  5.47316E-01 Dt=  4.39202E-06 [hour] conv_reason: 2
  linear =   144 [     14960] cuts =  0 [   0]

== RICHARDS FLOW ===============================================================
  0 2r: 2.21E-02 2x: 0.00E+00 2u: 0.00E+00 ir: 2.14E-02 iu: 0.00E+00 rsn:   0
  1 2r: 6.10E-06 2x: 1.72E+09 2u: 8.98E+02 ir: 3.22E-06 iu: 2.99E+02 rsn:   0
  2 2r: 6.08E-06 2x: 1.72E+09 2u: 1.58E-02 ir: 3.22E-06 iu: 5.26E-03 rsn: stol

 Step    106 Time=  5.47321E-01 Dt=  4.39625E-06 [hour] conv_reason: 4
  newton =   2 [     196] linear =     4 [       418] cuts =  0 [   0]
  --> SNES Linear/Non-Linear Iterations = 4 / 2
  --> SNES Residual: 0.607865E-05 0.115839E-09 0.321865E-05
  --> max change: dpmx=   2.9932E+02

== GEOMECHANICS ================================================================

 Step    106 Time=  5.47321E-01 Dt=  4.39625E-06 [hour] conv_reason: 2
  linear =   155 [     15115] cuts =  0 [   0]

== RICHARDS FLOW ===============================================================
  0 2r: 2.21E-02 2x: 0.00E+00 2u: 0.00E+00 ir: 2.14E-02 iu: 0.00E+00 rsn:   0
  1 2r: 1.62E-05 2x: 1.72E+09 2u: 8.98E+02 ir: 1.53E-05 iu: 2.99E+02 rsn:   0
  2 2r: 1.62E-05 2x: 1.72E+09 2u: 1.58E-02 ir: 1.53E-05 iu: 5.26E-03 rsn: stol

 Step    107 Time=  5.47325E-01 Dt=  4.40049E-06 [hour] conv_reason: 4
  newton =   2 [     198] linear =     4 [       422] cuts =  0 [   0]
  --> SNES Linear/Non-Linear Iterations = 4 / 2
  --> SNES Residual: 0.161762E-04 0.308264E-09 0.152588E-04
  --> max change: dpmx=   2.9932E+02

== GEOMECHANICS ================================================================

 Step    107 Time=  5.47325E-01 Dt=  4.40049E-06 [hour] conv_reason: 2
  linear =   141 [     15256] cuts =  0 [   0]

== RICHARDS FLOW ===============================================================
  0 2r: 2.21E-02 2x: 0.00E+00 2u: 0.00E+00 ir: 2.14E-02 iu: 0.00E+00 rsn:   0
  1 2r: 9.38E-06 2x: 1.72E+09 2u: 8.98E+02 ir: 7.63E-06 iu: 2.99E+02 rsn:   0
  2 2r: 9.37E-06 2x: 1.72E+09 2u: 1.58E-02 ir: 7.63E-06 iu: 5.27E-03 rsn: stol

 Step    108 Time=  5.47330E-01 Dt=  4.40474E-06 [hour] conv_reason: 4
  newton =   2 [     200] linear =     4 [       426] cuts =  0 [   0]
  --> SNES Linear/Non-Linear Iterations = 4 / 2
  --> SNES Residual: 0.936723E-05 0.178508E-09 0.762939E-05
  --> max change: dpmx=   2.9932E+02

== GEOMECHANICS ================================================================

 Step    108 Time=  5.47330E-01 Dt=  4.40474E-06 [hour] conv_reason: 2
  linear =   136 [     15392] cuts =  0 [   0]

== RICHARDS FLOW ===============================================================
  0 2r: 2.21E-02 2x: 0.00E+00 2u: 0.00E+00 ir: 2.14E-02 iu: 0.00E+00 rsn:   0
  1 2r: 5.41E-06 2x: 1.72E+09 2u: 8.98E+02 ir: 3.22E-06 iu: 2.99E+02 rsn:   0
  2 2r: 5.40E-06 2x: 1.72E+09 2u: 1.58E-02 ir: 3.22E-06 iu: 5.27E-03 rsn: stol

 Step    109 Time=  5.47334E-01 Dt=  4.40900E-06 [hour] conv_reason: 4
  newton =   2 [     202] linear =     4 [       430] cuts =  0 [   0]
  --> SNES Linear/Non-Linear Iterations = 4 / 2
  --> SNES Residual: 0.539750E-05 0.102858E-09 0.321865E-05
  --> max change: dpmx=   2.9932E+02

== GEOMECHANICS ================================================================

 Step    109 Time=  5.47334E-01 Dt=  4.40900E-06 [hour] conv_reason: 2
  linear =   136 [     15528] cuts =  0 [   0]

== RICHARDS FLOW ===============================================================
  0 2r: 2.21E-02 2x: 0.00E+00 2u: 0.00E+00 ir: 2.14E-02 iu: 0.00E+00 rsn:   0
  1 2r: 1.62E-05 2x: 1.72E+09 2u: 8.98E+02 ir: 1.53E-05 iu: 2.99E+02 rsn:   0
  2 2r: 1.62E-05 2x: 1.72E+09 2u: 1.58E-02 ir: 1.53E-05 iu: 5.28E-03 rsn: stol

 Step    110 Time=  5.47338E-01 Dt=  4.41326E-06 [hour] conv_reason: 4
  newton =   2 [     204] linear =     4 [       434] cuts =  0 [   0]
  --> SNES Linear/Non-Linear Iterations = 4 / 2
  --> SNES Residual: 0.161520E-04 0.307804E-09 0.152588E-04
  --> max change: dpmx=   2.9932E+02

== GEOMECHANICS ================================================================

 Step    110 Time=  5.47338E-01 Dt=  4.41326E-06 [hour] conv_reason: 2
  linear =   143 [     15671] cuts =  0 [   0]

== RICHARDS FLOW ===============================================================
  0 2r: 2.21E-02 2x: 0.00E+00 2u: 0.00E+00 ir: 2.14E-02 iu: 0.00E+00 rsn:   0
  1 2r: 5.77E-06 2x: 1.72E+09 2u: 8.98E+02 ir: 3.22E-06 iu: 2.99E+02 rsn:   0
  2 2r: 5.66E-06 2x: 1.72E+09 2u: 1.58E-02 ir: 3.22E-06 iu: 5.28E-03 rsn: stol

 Step    111 Time=  5.47343E-01 Dt=  4.41754E-06 [hour] conv_reason: 4
  newton =   2 [     206] linear =     4 [       438] cuts =  0 [   0]
  --> SNES Linear/Non-Linear Iterations = 4 / 2
  --> SNES Residual: 0.565557E-05 0.107776E-09 0.321865E-05
  --> max change: dpmx=   2.9932E+02

== GEOMECHANICS ================================================================

 Step    111 Time=  5.47343E-01 Dt=  4.41754E-06 [hour] conv_reason: 2
  linear =   151 [     15822] cuts =  0 [   0]

== RICHARDS FLOW ===============================================================
  0 2r: 2.21E-02 2x: 0.00E+00 2u: 0.00E+00 ir: 2.14E-02 iu: 0.00E+00 rsn:   0
  1 2r: 9.47E-06 2x: 1.72E+09 2u: 8.98E+02 ir: 7.63E-06 iu: 2.99E+02 rsn:   0
  2 2r: 9.46E-06 2x: 1.72E+09 2u: 1.59E-02 ir: 7.63E-06 iu: 5.29E-03 rsn: stol

 Step    112 Time=  5.47347E-01 Dt=  4.42182E-06 [hour] conv_reason: 4
  newton =   2 [     208] linear =     4 [       442] cuts =  0 [   0]
  --> SNES Linear/Non-Linear Iterations = 4 / 2
  --> SNES Residual: 0.946129E-05 0.180301E-09 0.762939E-05
  --> max change: dpmx=   2.9932E+02

== GEOMECHANICS ================================================================

 Step    112 Time=  5.47347E-01 Dt=  4.42182E-06 [hour] conv_reason: 2
  linear =   142 [     15964] cuts =  0 [   0]

== RICHARDS FLOW ===============================================================
  0 2r: 2.21E-02 2x: 0.00E+00 2u: 0.00E+00 ir: 2.14E-02 iu: 0.00E+00 rsn:   0
  1 2r: 9.32E-06 2x: 1.72E+09 2u: 8.98E+02 ir: 7.63E-06 iu: 2.99E+02 rsn:   0
  2 2r: 9.30E-06 2x: 1.72E+09 2u: 1.59E-02 ir: 7.63E-06 iu: 5.29E-03 rsn: stol

 Step    113 Time=  5.47352E-01 Dt=  4.42611E-06 [hour] conv_reason: 4
  newton =   2 [     210] linear =     4 [       446] cuts =  0 [   0]
  --> SNES Linear/Non-Linear Iterations = 4 / 2
  --> SNES Residual: 0.929889E-05 0.177206E-09 0.762939E-05
  --> max change: dpmx=   2.9932E+02

== GEOMECHANICS ================================================================

 Step    113 Time=  5.47352E-01 Dt=  4.42611E-06 [hour] conv_reason: 2
  linear =   141 [     16105] cuts =  0 [   0]

== RICHARDS FLOW ===============================================================
  0 2r: 2.21E-02 2x: 0.00E+00 2u: 0.00E+00 ir: 2.14E-02 iu: 0.00E+00 rsn:   0
  1 2r: 9.47E-06 2x: 1.72E+09 2u: 8.98E+02 ir: 7.63E-06 iu: 2.99E+02 rsn:   0
  2 2r: 9.42E-06 2x: 1.72E+09 2u: 1.59E-02 ir: 7.63E-06 iu: 5.30E-03 rsn: stol

 Step    114 Time=  5.47356E-01 Dt=  4.43041E-06 [hour] conv_reason: 4
  newton =   2 [     212] linear =     4 [       450] cuts =  0 [   0]
  --> SNES Linear/Non-Linear Iterations = 4 / 2
  --> SNES Residual: 0.942137E-05 0.179540E-09 0.762939E-05
  --> max change: dpmx=   2.9932E+02

== GEOMECHANICS ================================================================

 Step    114 Time=  5.47356E-01 Dt=  4.43041E-06 [hour] conv_reason: 2
  linear =   139 [     16244] cuts =  0 [   0]

== RICHARDS FLOW ===============================================================
  0 2r: 2.21E-02 2x: 0.00E+00 2u: 0.00E+00 ir: 2.14E-02 iu: 0.00E+00 rsn:   0
  1 2r: 1.61E-05 2x: 1.72E+09 2u: 8.98E+02 ir: 1.53E-05 iu: 2.99E+02 rsn:   0
  2 2r: 1.61E-05 2x: 1.72E+09 2u: 1.59E-02 ir: 1.53E-05 iu: 5.30E-03 rsn: stol

 Step    115 Time=  5.47360E-01 Dt=  4.43471E-06 [hour] conv_reason: 4
  newton =   2 [     214] linear =     4 [       454] cuts =  0 [   0]
  --> SNES Linear/Non-Linear Iterations = 4 / 2
  --> SNES Residual: 0.161259E-04 0.307306E-09 0.152588E-04
  --> max change: dpmx=   2.9932E+02

== GEOMECHANICS ================================================================

 Step    115 Time=  5.47360E-01 Dt=  4.43471E-06 [hour] conv_reason: 2
  linear =   157 [     16401] cuts =  0 [   0]

== RICHARDS FLOW ===============================================================
  0 2r: 2.21E-02 2x: 0.00E+00 2u: 0.00E+00 ir: 2.14E-02 iu: 0.00E+00 rsn:   0
  1 2r: 5.25E-06 2x: 1.72E+09 2u: 8.98E+02 ir: 3.22E-06 iu: 2.99E+02 rsn:   0
  2 2r: 5.27E-06 2x: 1.72E+09 2u: 1.59E-02 ir: 3.22E-06 iu: 5.31E-03 rsn: stol

 Step    116 Time=  5.47365E-01 Dt=  4.43903E-06 [hour] conv_reason: 4
  newton =   2 [     216] linear =     4 [       458] cuts =  0 [   0]
  --> SNES Linear/Non-Linear Iterations = 4 / 2
  --> SNES Residual: 0.526573E-05 0.100347E-09 0.321865E-05
  --> max change: dpmx=   2.9932E+02

== GEOMECHANICS ================================================================

 Step    116 Time=  5.47365E-01 Dt=  4.43903E-06 [hour] conv_reason: 2
  linear =   140 [     16541] cuts =  0 [   0]

== RICHARDS FLOW ===============================================================
  0 2r: 2.21E-02 2x: 0.00E+00 2u: 0.00E+00 ir: 2.14E-02 iu: 0.00E+00 rsn:   0
  1 2r: 1.62E-05 2x: 1.72E+09 2u: 8.98E+02 ir: 1.53E-05 iu: 2.99E+02 rsn:   0
  2 2r: 1.62E-05 2x: 1.72E+09 2u: 1.59E-02 ir: 1.53E-05 iu: 5.31E-03 rsn: stol

 Step    117 Time=  5.47369E-01 Dt=  4.44335E-06 [hour] conv_reason: 4
  newton =   2 [     218] linear =     4 [       462] cuts =  0 [   0]
  --> SNES Linear/Non-Linear Iterations = 4 / 2
  --> SNES Residual: 0.161955E-04 0.308632E-09 0.152588E-04
  --> max change: dpmx=   2.9932E+02

== GEOMECHANICS ================================================================

 Step    117 Time=  5.47369E-01 Dt=  4.44335E-06 [hour] conv_reason: 2
  linear =   143 [     16684] cuts =  0 [   0]

== RICHARDS FLOW ===============================================================
  0 2r: 2.21E-02 2x: 0.00E+00 2u: 0.00E+00 ir: 2.14E-02 iu: 0.00E+00 rsn:   0
  1 2r: 9.19E-06 2x: 1.72E+09 2u: 8.98E+02 ir: 7.63E-06 iu: 2.99E+02 rsn:   0
  2 2r: 9.18E-06 2x: 1.72E+09 2u: 1.60E-02 ir: 7.63E-06 iu: 5.32E-03 rsn: stol

 Step    118 Time=  5.47374E-01 Dt=  4.44768E-06 [hour] conv_reason: 4
  newton =   2 [     220] linear =     4 [       466] cuts =  0 [   0]
  --> SNES Linear/Non-Linear Iterations = 4 / 2
  --> SNES Residual: 0.918446E-05 0.175026E-09 0.762939E-05
  --> max change: dpmx=   2.9932E+02

== GEOMECHANICS ================================================================

 Step    118 Time=  5.47374E-01 Dt=  4.44768E-06 [hour] conv_reason: 2
  linear =   143 [     16827] cuts =  0 [   0]

== RICHARDS FLOW ===============================================================
  0 2r: 2.21E-02 2x: 0.00E+00 2u: 0.00E+00 ir: 2.14E-02 iu: 0.00E+00 rsn:   0
  1 2r: 5.47E-06 2x: 1.72E+09 2u: 8.98E+02 ir: 3.22E-06 iu: 2.99E+02 rsn:   0
  2 2r: 5.46E-06 2x: 1.72E+09 2u: 1.60E-02 ir: 3.22E-06 iu: 5.32E-03 rsn: stol

 Step    119 Time=  5.47378E-01 Dt=  4.45202E-06 [hour] conv_reason: 4
  newton =   2 [     222] linear =     4 [       470] cuts =  0 [   0]
  --> SNES Linear/Non-Linear Iterations = 4 / 2
  --> SNES Residual: 0.545549E-05 0.103964E-09 0.321865E-05
  --> max change: dpmx=   2.9932E+02

== GEOMECHANICS ================================================================

 Step    119 Time=  5.47378E-01 Dt=  4.45202E-06 [hour] conv_reason: 2
  linear =   142 [     16969] cuts =  0 [   0]

== RICHARDS FLOW ===============================================================
  0 2r: 2.21E-02 2x: 0.00E+00 2u: 0.00E+00 ir: 2.14E-02 iu: 0.00E+00 rsn:   0
  1 2r: 9.31E-06 2x: 1.72E+09 2u: 8.98E+02 ir: 7.63E-06 iu: 2.99E+02 rsn:   0
  2 2r: 9.31E-06 2x: 1.72E+09 2u: 1.60E-02 ir: 7.63E-06 iu: 5.33E-03 rsn: stol

 Step    120 Time=  5.47383E-01 Dt=  4.45637E-06 [hour] conv_reason: 4
  newton =   2 [     224] linear =     4 [       474] cuts =  0 [   0]
  --> SNES Linear/Non-Linear Iterations = 4 / 2
  --> SNES Residual: 0.930758E-05 0.177372E-09 0.762939E-05
  --> max change: dpmx=   2.9931E+02

== GEOMECHANICS ================================================================

 Step    120 Time=  5.47383E-01 Dt=  4.45637E-06 [hour] conv_reason: 2
  linear =   136 [     17105] cuts =  0 [   0]

== RICHARDS FLOW ===============================================================
  0 2r: 2.21E-02 2x: 0.00E+00 2u: 0.00E+00 ir: 2.14E-02 iu: 0.00E+00 rsn:   0
  1 2r: 1.61E-05 2x: 1.72E+09 2u: 8.98E+02 ir: 1.53E-05 iu: 2.99E+02 rsn:   0
  2 2r: 1.61E-05 2x: 1.72E+09 2u: 1.60E-02 ir: 1.53E-05 iu: 5.34E-03 rsn: stol

 Step    121 Time=  5.47387E-01 Dt=  4.46073E-06 [hour] conv_reason: 4
  newton =   2 [     226] linear =     4 [       478] cuts =  0 [   0]
  --> SNES Linear/Non-Linear Iterations = 4 / 2
  --> SNES Residual: 0.161340E-04 0.307461E-09 0.152588E-04
  --> max change: dpmx=   2.9931E+02

== GEOMECHANICS ================================================================

 Step    121 Time=  5.47387E-01 Dt=  4.46073E-06 [hour] conv_reason: 2
  linear =   143 [     17248] cuts =  0 [   0]

== RICHARDS FLOW ===============================================================
  0 2r: 2.21E-02 2x: 0.00E+00 2u: 0.00E+00 ir: 2.14E-02 iu: 0.00E+00 rsn:   0
  1 2r: 5.37E-06 2x: 1.72E+09 2u: 8.98E+02 ir: 3.22E-06 iu: 2.99E+02 rsn:   0
  2 2r: 5.27E-06 2x: 1.72E+09 2u: 1.60E-02 ir: 3.22E-06 iu: 5.34E-03 rsn: stol

 Step    122 Time=  5.47392E-01 Dt=  4.46509E-06 [hour] conv_reason: 4
  newton =   2 [     228] linear =     4 [       482] cuts =  0 [   0]
  --> SNES Linear/Non-Linear Iterations = 4 / 2
  --> SNES Residual: 0.526866E-05 0.100403E-09 0.321865E-05
  --> max change: dpmx=   2.9931E+02

== GEOMECHANICS ================================================================

 Step    122 Time=  5.47392E-01 Dt=  4.46509E-06 [hour] conv_reason: 2
  linear =   143 [     17391] cuts =  0 [   0]

== RICHARDS FLOW ===============================================================
  0 2r: 2.21E-02 2x: 0.00E+00 2u: 0.00E+00 ir: 2.14E-02 iu: 0.00E+00 rsn:   0
  1 2r: 9.37E-06 2x: 1.72E+09 2u: 8.98E+02 ir: 7.63E-06 iu: 2.99E+02 rsn:   0
  2 2r: 9.35E-06 2x: 1.72E+09 2u: 1.60E-02 ir: 7.63E-06 iu: 5.35E-03 rsn: stol

 Step    123 Time=  5.47396E-01 Dt=  4.46947E-06 [hour] conv_reason: 4
  newton =   2 [     230] linear =     4 [       486] cuts =  0 [   0]
  --> SNES Linear/Non-Linear Iterations = 4 / 2
  --> SNES Residual: 0.935310E-05 0.178239E-09 0.762939E-05
  --> max change: dpmx=   2.9931E+02

== GEOMECHANICS ================================================================

 Step    123 Time=  5.47396E-01 Dt=  4.46947E-06 [hour] conv_reason: 2
  linear =   141 [     17532] cuts =  0 [   0]

== RICHARDS FLOW ===============================================================
  0 2r: 2.21E-02 2x: 0.00E+00 2u: 0.00E+00 ir: 2.14E-02 iu: 0.00E+00 rsn:   0
  1 2r: 9.18E-06 2x: 1.72E+09 2u: 8.98E+02 ir: 7.63E-06 iu: 2.99E+02 rsn:   0
  2 2r: 9.17E-06 2x: 1.72E+09 2u: 1.60E-02 ir: 7.63E-06 iu: 5.35E-03 rsn: stol

 Step    124 Time=  5.47401E-01 Dt=  4.47385E-06 [hour] conv_reason: 4
  newton =   2 [     232] linear =     4 [       490] cuts =  0 [   0]
  --> SNES Linear/Non-Linear Iterations = 4 / 2
  --> SNES Residual: 0.917071E-05 0.174763E-09 0.762939E-05
  --> max change: dpmx=   2.9931E+02

== GEOMECHANICS ================================================================

 Step    124 Time=  5.47401E-01 Dt=  4.47385E-06 [hour] conv_reason: 2
  linear =   137 [     17669] cuts =  0 [   0]

== RICHARDS FLOW ===============================================================
  0 2r: 2.21E-02 2x: 0.00E+00 2u: 0.00E+00 ir: 2.14E-02 iu: 0.00E+00 rsn:   0
  1 2r: 9.21E-06 2x: 1.72E+09 2u: 8.98E+02 ir: 7.63E-06 iu: 2.99E+02 rsn:   0
  2 2r: 9.21E-06 2x: 1.72E+09 2u: 1.61E-02 ir: 7.63E-06 iu: 5.36E-03 rsn: stol

 Step    125 Time=  5.47405E-01 Dt=  4.47824E-06 [hour] conv_reason: 4
  newton =   2 [     234] linear =     4 [       494] cuts =  0 [   0]
  --> SNES Linear/Non-Linear Iterations = 4 / 2
  --> SNES Residual: 0.921023E-05 0.175517E-09 0.762939E-05
  --> max change: dpmx=   2.9931E+02

== GEOMECHANICS ================================================================

 Step    125 Time=  5.47405E-01 Dt=  4.47824E-06 [hour] conv_reason: 2
  linear =   144 [     17813] cuts =  0 [   0]

== RICHARDS FLOW ===============================================================
  0 2r: 2.21E-02 2x: 0.00E+00 2u: 0.00E+00 ir: 2.14E-02 iu: 0.00E+00 rsn:   0
  1 2r: 1.61E-05 2x: 1.72E+09 2u: 8.98E+02 ir: 1.53E-05 iu: 2.99E+02 rsn:   0
  2 2r: 1.61E-05 2x: 1.72E+09 2u: 1.61E-02 ir: 1.53E-05 iu: 5.36E-03 rsn: stol

 Step    126 Time=  5.47410E-01 Dt=  4.48264E-06 [hour] conv_reason: 4
  newton =   2 [     236] linear =     4 [       498] cuts =  0 [   0]
  --> SNES Linear/Non-Linear Iterations = 4 / 2
  --> SNES Residual: 0.160700E-04 0.306242E-09 0.152588E-04
  --> max change: dpmx=   2.9931E+02

== GEOMECHANICS ================================================================

 Step    126 Time=  5.47410E-01 Dt=  4.48264E-06 [hour] conv_reason: 2
  linear =   136 [     17949] cuts =  0 [   0]

== RICHARDS FLOW ===============================================================
  0 2r: 2.21E-02 2x: 0.00E+00 2u: 0.00E+00 ir: 2.14E-02 iu: 0.00E+00 rsn:   0
  1 2r: 4.98E-06 2x: 1.72E+09 2u: 8.98E+02 ir: 3.22E-06 iu: 2.99E+02 rsn:   0
  2 2r: 4.97E-06 2x: 1.72E+09 2u: 1.61E-02 ir: 3.22E-06 iu: 5.37E-03 rsn: stol

 Step    127 Time=  5.47414E-01 Dt=  4.48705E-06 [hour] conv_reason: 4
  newton =   2 [     238] linear =     4 [       502] cuts =  0 [   0]
  --> SNES Linear/Non-Linear Iterations = 4 / 2
  --> SNES Residual: 0.496678E-05 0.946505E-10 0.321865E-05
  --> max change: dpmx=   2.9931E+02

== GEOMECHANICS ================================================================

 Step    127 Time=  5.47414E-01 Dt=  4.48705E-06 [hour] conv_reason: 2
  linear =   138 [     18087] cuts =  0 [   0]

== RICHARDS FLOW ===============================================================
  0 2r: 2.21E-02 2x: 0.00E+00 2u: 0.00E+00 ir: 2.14E-02 iu: 0.00E+00 rsn:   0
  1 2r: 9.29E-06 2x: 1.72E+09 2u: 8.97E+02 ir: 7.63E-06 iu: 2.99E+02 rsn:   0
  2 2r: 9.28E-06 2x: 1.72E+09 2u: 1.61E-02 ir: 7.63E-06 iu: 5.37E-03 rsn: stol

 Step    128 Time=  5.47419E-01 Dt=  4.49147E-06 [hour] conv_reason: 4
  newton =   2 [     240] linear =     4 [       506] cuts =  0 [   0]
  --> SNES Linear/Non-Linear Iterations = 4 / 2
  --> SNES Residual: 0.928449E-05 0.176932E-09 0.762939E-05
  --> max change: dpmx=   2.9931E+02

== GEOMECHANICS ================================================================

 Step    128 Time=  5.47419E-01 Dt=  4.49147E-06 [hour] conv_reason: 2
  linear =   138 [     18225] cuts =  0 [   0]

== RICHARDS FLOW ===============================================================
  0 2r: 2.21E-02 2x: 0.00E+00 2u: 0.00E+00 ir: 2.14E-02 iu: 0.00E+00 rsn:   0
  1 2r: 9.08E-06 2x: 1.72E+09 2u: 8.97E+02 ir: 7.63E-06 iu: 2.99E+02 rsn:   0
  2 2r: 9.07E-06 2x: 1.72E+09 2u: 1.61E-02 ir: 7.63E-06 iu: 5.38E-03 rsn: stol

 Step    129 Time=  5.47423E-01 Dt=  4.49589E-06 [hour] conv_reason: 4
  newton =   2 [     242] linear =     4 [       510] cuts =  0 [   0]
  --> SNES Linear/Non-Linear Iterations = 4 / 2
  --> SNES Residual: 0.907044E-05 0.172853E-09 0.762939E-05
  --> max change: dpmx=   2.9931E+02

== GEOMECHANICS ================================================================

 Step    129 Time=  5.47423E-01 Dt=  4.49589E-06 [hour] conv_reason: 2
  linear =   140 [     18365] cuts =  0 [   0]

== RICHARDS FLOW ===============================================================
  0 2r: 2.21E-02 2x: 0.00E+00 2u: 0.00E+00 ir: 2.14E-02 iu: 0.00E+00 rsn:   0
  1 2r: 1.62E-05 2x: 1.72E+09 2u: 8.97E+02 ir: 1.53E-05 iu: 2.99E+02 rsn:   0
  2 2r: 1.62E-05 2x: 1.72E+09 2u: 1.61E-02 ir: 1.53E-05 iu: 5.38E-03 rsn: stol

 Step    130 Time=  5.47428E-01 Dt=  4.50033E-06 [hour] conv_reason: 4
  newton =   2 [     244] linear =     4 [       514] cuts =  0 [   0]
  --> SNES Linear/Non-Linear Iterations = 4 / 2
  --> SNES Residual: 0.162138E-04 0.308981E-09 0.152588E-04
  --> max change: dpmx=   2.9931E+02

== GEOMECHANICS ================================================================

 Step    130 Time=  5.47428E-01 Dt=  4.50033E-06 [hour] conv_reason: 2
  linear =   145 [     18510] cuts =  0 [   0]

== RICHARDS FLOW ===============================================================
  0 2r: 2.22E-02 2x: 0.00E+00 2u: 0.00E+00 ir: 2.14E-02 iu: 0.00E+00 rsn:   0
  1 2r: 9.05E-06 2x: 1.72E+09 2u: 8.97E+02 ir: 7.63E-06 iu: 2.99E+02 rsn:   0
  2 2r: 8.98E-06 2x: 1.72E+09 2u: 1.62E-02 ir: 7.63E-06 iu: 5.39E-03 rsn: stol

 Step    131 Time=  5.47432E-01 Dt=  4.50477E-06 [hour] conv_reason: 4
  newton =   2 [     246] linear =     4 [       518] cuts =  0 [   0]
  --> SNES Linear/Non-Linear Iterations = 4 / 2
  --> SNES Residual: 0.898166E-05 0.171161E-09 0.762939E-05
  --> max change: dpmx=   2.9931E+02

== GEOMECHANICS ================================================================

 Step    131 Time=  5.47432E-01 Dt=  4.50477E-06 [hour] conv_reason: 2
  linear =   143 [     18653] cuts =  0 [   0]

== RICHARDS FLOW ===============================================================
  0 2r: 2.22E-02 2x: 0.00E+00 2u: 0.00E+00 ir: 2.14E-02 iu: 0.00E+00 rsn:   0
  1 2r: 5.16E-06 2x: 1.72E+09 2u: 8.97E+02 ir: 3.22E-06 iu: 2.99E+02 rsn:   0
  2 2r: 5.06E-06 2x: 1.72E+09 2u: 1.62E-02 ir: 3.22E-06 iu: 5.39E-03 rsn: stol

 Step    132 Time=  5.47437E-01 Dt=  4.50922E-06 [hour] conv_reason: 4
  newton =   2 [     248] linear =     4 [       522] cuts =  0 [   0]
  --> SNES Linear/Non-Linear Iterations = 4 / 2
  --> SNES Residual: 0.505555E-05 0.963421E-10 0.321865E-05
  --> max change: dpmx=   2.9931E+02

== GEOMECHANICS ================================================================

 Step    132 Time=  5.47437E-01 Dt=  4.50922E-06 [hour] conv_reason: 2
  linear =   138 [     18791] cuts =  0 [   0]

== RICHARDS FLOW ===============================================================
  0 2r: 2.22E-02 2x: 0.00E+00 2u: 0.00E+00 ir: 2.14E-02 iu: 0.00E+00 rsn:   0
  1 2r: 9.43E-06 2x: 1.72E+09 2u: 8.97E+02 ir: 7.63E-06 iu: 2.99E+02 rsn:   0
  2 2r: 9.28E-06 2x: 1.72E+09 2u: 1.62E-02 ir: 7.63E-06 iu: 5.40E-03 rsn: stol

 Step    133 Time=  5.47441E-01 Dt=  4.51368E-06 [hour] conv_reason: 4
  newton =   2 [     250] linear =     4 [       526] cuts =  0 [   0]
  --> SNES Linear/Non-Linear Iterations = 4 / 2
  --> SNES Residual: 0.928347E-05 0.176912E-09 0.762939E-05
  --> max change: dpmx=   2.9931E+02

== GEOMECHANICS ================================================================

 Step    133 Time=  5.47441E-01 Dt=  4.51368E-06 [hour] conv_reason: 2
  linear =   143 [     18934] cuts =  0 [   0]

== RICHARDS FLOW ===============================================================
  0 2r: 2.22E-02 2x: 0.00E+00 2u: 0.00E+00 ir: 2.14E-02 iu: 0.00E+00 rsn:   0
  1 2r: 9.11E-06 2x: 1.72E+09 2u: 8.97E+02 ir: 7.63E-06 iu: 2.99E+02 rsn:   0
  2 2r: 9.10E-06 2x: 1.72E+09 2u: 1.62E-02 ir: 7.63E-06 iu: 5.41E-03 rsn: stol

 Step    134 Time=  5.47446E-01 Dt=  4.51815E-06 [hour] conv_reason: 4
  newton =   2 [     252] linear =     4 [       530] cuts =  0 [   0]
  --> SNES Linear/Non-Linear Iterations = 4 / 2
  --> SNES Residual: 0.909536E-05 0.173327E-09 0.762939E-05
  --> max change: dpmx=   2.9931E+02

== GEOMECHANICS ================================================================

 Step    134 Time=  5.47446E-01 Dt=  4.51815E-06 [hour] conv_reason: 2
  linear =   139 [     19073] cuts =  0 [   0]

== RICHARDS FLOW ===============================================================
  0 2r: 2.22E-02 2x: 0.00E+00 2u: 0.00E+00 ir: 2.14E-02 iu: 0.00E+00 rsn:   0
  1 2r: 9.21E-06 2x: 1.72E+09 2u: 8.97E+02 ir: 7.63E-06 iu: 2.99E+02 rsn:   0
  2 2r: 9.15E-06 2x: 1.72E+09 2u: 1.62E-02 ir: 7.63E-06 iu: 5.41E-03 rsn: stol

 Step    135 Time=  5.47450E-01 Dt=  4.52263E-06 [hour] conv_reason: 4
  newton =   2 [     254] linear =     4 [       534] cuts =  0 [   0]
  --> SNES Linear/Non-Linear Iterations = 4 / 2
  --> SNES Residual: 0.915376E-05 0.174440E-09 0.762939E-05
  --> max change: dpmx=   2.9931E+02

== GEOMECHANICS ================================================================

 Step    135 Time=  5.47450E-01 Dt=  4.52263E-06 [hour] conv_reason: 2
  linear =   143 [     19216] cuts =  0 [   0]

== RICHARDS FLOW ===============================================================
  0 2r: 2.22E-02 2x: 0.00E+00 2u: 0.00E+00 ir: 2.14E-02 iu: 0.00E+00 rsn:   0
  1 2r: 9.07E-06 2x: 1.72E+09 2u: 8.97E+02 ir: 7.63E-06 iu: 2.99E+02 rsn:   0
  2 2r: 9.02E-06 2x: 1.72E+09 2u: 1.62E-02 ir: 7.63E-06 iu: 5.42E-03 rsn: stol

 Step    136 Time=  5.47455E-01 Dt=  4.52712E-06 [hour] conv_reason: 4
  newton =   2 [     256] linear =     4 [       538] cuts =  0 [   0]
  --> SNES Linear/Non-Linear Iterations = 4 / 2
  --> SNES Residual: 0.901857E-05 0.171864E-09 0.762939E-05
  --> max change: dpmx=   2.9931E+02

== GEOMECHANICS ================================================================

 Step    136 Time=  5.47455E-01 Dt=  4.52712E-06 [hour] conv_reason: 2
  linear =   140 [     19356] cuts =  0 [   0]

== RICHARDS FLOW ===============================================================
  0 2r: 2.22E-02 2x: 0.00E+00 2u: 0.00E+00 ir: 2.14E-02 iu: 0.00E+00 rsn:   0
  1 2r: 1.61E-05 2x: 1.72E+09 2u: 8.97E+02 ir: 1.53E-05 iu: 2.99E+02 rsn:   0
  2 2r: 1.61E-05 2x: 1.72E+09 2u: 1.63E-02 ir: 1.53E-05 iu: 5.42E-03 rsn: stol

 Step    137 Time=  5.47459E-01 Dt=  4.53162E-06 [hour] conv_reason: 4
  newton =   2 [     258] linear =     4 [       542] cuts =  0 [   0]
  --> SNES Linear/Non-Linear Iterations = 4 / 2
  --> SNES Residual: 0.160617E-04 0.306084E-09 0.152588E-04
  --> max change: dpmx=   2.9930E+02

== GEOMECHANICS ================================================================

 Step    137 Time=  5.47459E-01 Dt=  4.53162E-06 [hour] conv_reason: 2
  linear =   141 [     19497] cuts =  0 [   0]

== RICHARDS FLOW ===============================================================
  0 2r: 2.22E-02 2x: 0.00E+00 2u: 0.00E+00 ir: 2.14E-02 iu: 0.00E+00 rsn:   0
  1 2r: 4.78E-06 2x: 1.72E+09 2u: 8.97E+02 ir: 3.22E-06 iu: 2.99E+02 rsn:   0
  2 2r: 4.80E-06 2x: 1.72E+09 2u: 1.63E-02 ir: 3.22E-06 iu: 5.43E-03 rsn: stol

 Step    138 Time=  5.47464E-01 Dt=  4.53612E-06 [hour] conv_reason: 4
  newton =   2 [     260] linear =     4 [       546] cuts =  0 [   0]
  --> SNES Linear/Non-Linear Iterations = 4 / 2
  --> SNES Residual: 0.479850E-05 0.914436E-10 0.321865E-05
  --> max change: dpmx=   2.9930E+02

== GEOMECHANICS ================================================================

 Step    138 Time=  5.47464E-01 Dt=  4.53612E-06 [hour] conv_reason: 2
  linear =   140 [     19637] cuts =  0 [   0]

== RICHARDS FLOW ===============================================================
  0 2r: 2.22E-02 2x: 0.00E+00 2u: 0.00E+00 ir: 2.15E-02 iu: 0.00E+00 rsn:   0
  1 2r: 1.61E-05 2x: 1.72E+09 2u: 8.97E+02 ir: 1.53E-05 iu: 2.99E+02 rsn:   0
  2 2r: 1.61E-05 2x: 1.72E+09 2u: 1.63E-02 ir: 1.53E-05 iu: 5.43E-03 rsn: stol

 Step    139 Time=  5.47468E-01 Dt=  4.54064E-06 [hour] conv_reason: 4
  newton =   2 [     262] linear =     4 [       550] cuts =  0 [   0]
  --> SNES Linear/Non-Linear Iterations = 4 / 2
  --> SNES Residual: 0.160794E-04 0.306420E-09 0.152588E-04
  --> max change: dpmx=   2.9930E+02

== GEOMECHANICS ================================================================

 Step    139 Time=  5.47468E-01 Dt=  4.54064E-06 [hour] conv_reason: 2
  linear =   143 [     19780] cuts =  0 [   0]

== RICHARDS FLOW ===============================================================
  0 2r: 2.22E-02 2x: 0.00E+00 2u: 0.00E+00 ir: 2.15E-02 iu: 0.00E+00 rsn:   0
  1 2r: 9.27E-06 2x: 1.72E+09 2u: 8.97E+02 ir: 7.63E-06 iu: 2.99E+02 rsn:   0
  2 2r: 9.22E-06 2x: 1.72E+09 2u: 1.63E-02 ir: 7.63E-06 iu: 5.44E-03 rsn: stol

 Step    140 Time=  5.47473E-01 Dt=  4.54516E-06 [hour] conv_reason: 4
  newton =   2 [     264] linear =     4 [       554] cuts =  0 [   0]
  --> SNES Linear/Non-Linear Iterations = 4 / 2
  --> SNES Residual: 0.922022E-05 0.175707E-09 0.762939E-05
  --> max change: dpmx=   2.9930E+02

== GEOMECHANICS ================================================================

 Step    140 Time=  5.47473E-01 Dt=  4.54516E-06 [hour] conv_reason: 2
  linear =   136 [     19916] cuts =  0 [   0]

== RICHARDS FLOW ===============================================================
  0 2r: 2.22E-02 2x: 0.00E+00 2u: 0.00E+00 ir: 2.15E-02 iu: 0.00E+00 rsn:   0
  1 2r: 4.70E-06 2x: 1.72E+09 2u: 8.97E+02 ir: 3.22E-06 iu: 2.99E+02 rsn:   0
  2 2r: 4.68E-06 2x: 1.72E+09 2u: 1.63E-02 ir: 3.22E-06 iu: 5.44E-03 rsn: stol

 Step    141 Time=  5.47477E-01 Dt=  4.54969E-06 [hour] conv_reason: 4
  newton =   2 [     266] linear =     4 [       558] cuts =  0 [   0]
  --> SNES Linear/Non-Linear Iterations = 4 / 2
  --> SNES Residual: 0.468211E-05 0.892255E-10 0.321865E-05
  --> max change: dpmx=   2.9930E+02

== GEOMECHANICS ================================================================

 Step    141 Time=  5.47477E-01 Dt=  4.54969E-06 [hour] conv_reason: 2
  linear =   139 [     20055] cuts =  0 [   0]

== RICHARDS FLOW ===============================================================
  0 2r: 2.22E-02 2x: 0.00E+00 2u: 0.00E+00 ir: 2.15E-02 iu: 0.00E+00 rsn:   0
  1 2r: 1.61E-05 2x: 1.72E+09 2u: 8.97E+02 ir: 1.53E-05 iu: 2.99E+02 rsn:   0
  2 2r: 1.61E-05 2x: 1.72E+09 2u: 1.63E-02 ir: 1.53E-05 iu: 5.45E-03 rsn: stol

 Step    142 Time=  5.47482E-01 Dt=  4.55423E-06 [hour] conv_reason: 4
  newton =   2 [     268] linear =     4 [       562] cuts =  0 [   0]
  --> SNES Linear/Non-Linear Iterations = 4 / 2
  --> SNES Residual: 0.161157E-04 0.307112E-09 0.152588E-04
  --> max change: dpmx=   2.9930E+02

== GEOMECHANICS ================================================================

 Step    142 Time=  5.47482E-01 Dt=  4.55423E-06 [hour] conv_reason: 2
  linear =   139 [     20194] cuts =  0 [   0]

== RICHARDS FLOW ===============================================================
  0 2r: 2.22E-02 2x: 0.00E+00 2u: 0.00E+00 ir: 2.15E-02 iu: 0.00E+00 rsn:   0
  1 2r: 5.12E-06 2x: 1.72E+09 2u: 8.97E+02 ir: 3.22E-06 iu: 2.99E+02 rsn:   0
  2 2r: 4.73E-06 2x: 1.72E+09 2u: 1.64E-02 ir: 3.22E-06 iu: 5.45E-03 rsn: stol

 Step    143 Time=  5.47486E-01 Dt=  4.55878E-06 [hour] conv_reason: 4
  newton =   2 [     270] linear =     4 [       566] cuts =  0 [   0]
  --> SNES Linear/Non-Linear Iterations = 4 / 2
  --> SNES Residual: 0.472739E-05 0.900885E-10 0.321865E-05
  --> max change: dpmx=   2.9930E+02

== GEOMECHANICS ================================================================

 Step    143 Time=  5.47486E-01 Dt=  4.55878E-06 [hour] conv_reason: 2
  linear =   141 [     20335] cuts =  0 [   0]

== RICHARDS FLOW ===============================================================
  0 2r: 2.22E-02 2x: 0.00E+00 2u: 0.00E+00 ir: 2.15E-02 iu: 0.00E+00 rsn:   0
  1 2r: 9.11E-06 2x: 1.72E+09 2u: 8.97E+02 ir: 7.63E-06 iu: 2.99E+02 rsn:   0
  2 2r: 9.10E-06 2x: 1.72E+09 2u: 1.64E-02 ir: 7.63E-06 iu: 5.46E-03 rsn: stol

 Step    144 Time=  5.47491E-01 Dt=  4.56334E-06 [hour] conv_reason: 4
  newton =   2 [     272] linear =     4 [       570] cuts =  0 [   0]
  --> SNES Linear/Non-Linear Iterations = 4 / 2
  --> SNES Residual: 0.910427E-05 0.173497E-09 0.762939E-05
  --> max change: dpmx=   2.9930E+02

== GEOMECHANICS ================================================================

 Step    144 Time=  5.47491E-01 Dt=  4.56334E-06 [hour] conv_reason: 2
  linear =   137 [     20472] cuts =  0 [   0]

== RICHARDS FLOW ===============================================================
  0 2r: 2.22E-02 2x: 0.00E+00 2u: 0.00E+00 ir: 2.15E-02 iu: 0.00E+00 rsn:   0
  1 2r: 9.18E-06 2x: 1.72E+09 2u: 8.97E+02 ir: 7.63E-06 iu: 2.99E+02 rsn:   0
  2 2r: 9.18E-06 2x: 1.72E+09 2u: 1.64E-02 ir: 7.63E-06 iu: 5.47E-03 rsn: stol

 Step    145 Time=  5.47496E-01 Dt=  4.56791E-06 [hour] conv_reason: 4
  newton =   2 [     274] linear =     4 [       574] cuts =  0 [   0]
  --> SNES Linear/Non-Linear Iterations = 4 / 2
  --> SNES Residual: 0.917853E-05 0.174912E-09 0.762939E-05
  --> max change: dpmx=   2.9930E+02

== GEOMECHANICS ================================================================

 Step    145 Time=  5.47496E-01 Dt=  4.56791E-06 [hour] conv_reason: 2
  linear =   142 [     20614] cuts =  0 [   0]

== RICHARDS FLOW ===============================================================
  0 2r: 2.22E-02 2x: 0.00E+00 2u: 0.00E+00 ir: 2.15E-02 iu: 0.00E+00 rsn:   0
  1 2r: 9.11E-06 2x: 1.72E+09 2u: 8.97E+02 ir: 7.63E-06 iu: 2.99E+02 rsn:   0
  2 2r: 9.10E-06 2x: 1.72E+09 2u: 1.64E-02 ir: 7.63E-06 iu: 5.47E-03 rsn: stol

 Step    146 Time=  5.47500E-01 Dt=  4.57249E-06 [hour] conv_reason: 4
  newton =   2 [     276] linear =     4 [       578] cuts =  0 [   0]
  --> SNES Linear/Non-Linear Iterations = 4 / 2
  --> SNES Residual: 0.909904E-05 0.173398E-09 0.762939E-05
  --> max change: dpmx=   2.9930E+02

== GEOMECHANICS ================================================================

 Step    146 Time=  5.47500E-01 Dt=  4.57249E-06 [hour] conv_reason: 2
  linear =   121 [     20735] cuts =  0 [   0]

== RICHARDS FLOW ===============================================================
  0 2r: 2.22E-02 2x: 0.00E+00 2u: 0.00E+00 ir: 2.15E-02 iu: 0.00E+00 rsn:   0
  1 2r: 9.03E-06 2x: 1.72E+09 2u: 8.97E+02 ir: 7.63E-06 iu: 2.99E+02 rsn:   0
  2 2r: 8.96E-06 2x: 1.72E+09 2u: 1.64E-02 ir: 7.63E-06 iu: 5.48E-03 rsn: stol

 Step    147 Time=  5.47505E-01 Dt=  4.57708E-06 [hour] conv_reason: 4
  newton =   2 [     278] linear =     4 [       582] cuts =  0 [   0]
  --> SNES Linear/Non-Linear Iterations = 4 / 2
  --> SNES Residual: 0.896093E-05 0.170766E-09 0.762939E-05
  --> max change: dpmx=   2.9930E+02

== GEOMECHANICS ================================================================

 Step    147 Time=  5.47505E-01 Dt=  4.57708E-06 [hour] conv_reason: 2
  linear =   141 [     20876] cuts =  0 [   0]

== RICHARDS FLOW ===============================================================
  0 2r: 2.22E-02 2x: 0.00E+00 2u: 0.00E+00 ir: 2.15E-02 iu: 0.00E+00 rsn:   0
  1 2r: 9.14E-06 2x: 1.72E+09 2u: 8.97E+02 ir: 7.63E-06 iu: 2.99E+02 rsn:   0
  2 2r: 9.13E-06 2x: 1.72E+09 2u: 1.64E-02 ir: 7.63E-06 iu: 5.48E-03 rsn: stol

 Step    148 Time=  5.47509E-01 Dt=  4.58167E-06 [hour] conv_reason: 4
  newton =   2 [     280] linear =     4 [       586] cuts =  0 [   0]
  --> SNES Linear/Non-Linear Iterations = 4 / 2
  --> SNES Residual: 0.913371E-05 0.174058E-09 0.762939E-05
  --> max change: dpmx=   2.9930E+02

== GEOMECHANICS ================================================================

 Step    148 Time=  5.47509E-01 Dt=  4.58167E-06 [hour] conv_reason: 2
  linear =   159 [     21035] cuts =  0 [   0]

== RICHARDS FLOW ===============================================================
  0 2r: 2.22E-02 2x: 0.00E+00 2u: 0.00E+00 ir: 2.15E-02 iu: 0.00E+00 rsn:   0
  1 2r: 8.99E-06 2x: 1.72E+09 2u: 8.97E+02 ir: 7.63E-06 iu: 2.99E+02 rsn:   0
  2 2r: 8.98E-06 2x: 1.72E+09 2u: 1.65E-02 ir: 7.63E-06 iu: 5.49E-03 rsn: stol

 Step    149 Time=  5.47514E-01 Dt=  4.58628E-06 [hour] conv_reason: 4
  newton =   2 [     282] linear =     4 [       590] cuts =  0 [   0]
  --> SNES Linear/Non-Linear Iterations = 4 / 2
  --> SNES Residual: 0.898244E-05 0.171176E-09 0.762939E-05
  --> max change: dpmx=   2.9930E+02

== GEOMECHANICS ================================================================

 Step    149 Time=  5.47514E-01 Dt=  4.58628E-06 [hour] conv_reason: 2
  linear =   142 [     21177] cuts =  0 [   0]

== RICHARDS FLOW ===============================================================
  0 2r: 2.22E-02 2x: 0.00E+00 2u: 0.00E+00 ir: 2.15E-02 iu: 0.00E+00 rsn:   0
  1 2r: 9.16E-06 2x: 1.72E+09 2u: 8.97E+02 ir: 7.63E-06 iu: 2.99E+02 rsn:   0
  2 2r: 9.13E-06 2x: 1.72E+09 2u: 1.65E-02 ir: 7.63E-06 iu: 5.49E-03 rsn: stol

 Step    150 Time=  5.47518E-01 Dt=  4.59089E-06 [hour] conv_reason: 4
  newton =   2 [     284] linear =     4 [       594] cuts =  0 [   0]
  --> SNES Linear/Non-Linear Iterations = 4 / 2
  --> SNES Residual: 0.913453E-05 0.174074E-09 0.762939E-05
  --> max change: dpmx=   2.9930E+02

== GEOMECHANICS ================================================================

 Step    150 Time=  5.47518E-01 Dt=  4.59089E-06 [hour] conv_reason: 2
  linear =   142 [     21319] cuts =  0 [   0]

== RICHARDS FLOW ===============================================================
  0 2r: 2.22E-02 2x: 0.00E+00 2u: 0.00E+00 ir: 2.15E-02 iu: 0.00E+00 rsn:   0
  1 2r: 9.19E-06 2x: 1.72E+09 2u: 8.97E+02 ir: 7.63E-06 iu: 2.99E+02 rsn:   0
  2 2r: 9.22E-06 2x: 1.72E+09 2u: 1.65E-02 ir: 7.63E-06 iu: 5.50E-03 rsn: stol

 Step    151 Time=  5.47523E-01 Dt=  4.59552E-06 [hour] conv_reason: 4
  newton =   2 [     286] linear =     4 [       598] cuts =  0 [   0]
  --> SNES Linear/Non-Linear Iterations = 4 / 2
  --> SNES Residual: 0.922176E-05 0.175736E-09 0.762939E-05
  --> max change: dpmx=   2.9930E+02

== GEOMECHANICS ================================================================

 Step    151 Time=  5.47523E-01 Dt=  4.59552E-06 [hour] conv_reason: 2
  linear =   145 [     21464] cuts =  0 [   0]

== RICHARDS FLOW ===============================================================
  0 2r: 2.22E-02 2x: 0.00E+00 2u: 0.00E+00 ir: 2.15E-02 iu: 0.00E+00 rsn:   0
  1 2r: 8.94E-06 2x: 1.72E+09 2u: 8.97E+02 ir: 7.63E-06 iu: 2.99E+02 rsn:   0
  2 2r: 8.94E-06 2x: 1.72E+09 2u: 1.65E-02 ir: 7.63E-06 iu: 5.50E-03 rsn: stol

 Step    152 Time=  5.47528E-01 Dt=  4.60015E-06 [hour] conv_reason: 4
  newton =   2 [     288] linear =     4 [       602] cuts =  0 [   0]
  --> SNES Linear/Non-Linear Iterations = 4 / 2
  --> SNES Residual: 0.893908E-05 0.170349E-09 0.762939E-05
  --> max change: dpmx=   2.9930E+02

== GEOMECHANICS ================================================================

 Step    152 Time=  5.47528E-01 Dt=  4.60015E-06 [hour] conv_reason: 2
  linear =   137 [     21601] cuts =  0 [   0]

== RICHARDS FLOW ===============================================================
  0 2r: 2.22E-02 2x: 0.00E+00 2u: 0.00E+00 ir: 2.15E-02 iu: 0.00E+00 rsn:   0
  1 2r: 9.18E-06 2x: 1.72E+09 2u: 8.97E+02 ir: 7.63E-06 iu: 2.99E+02 rsn:   0
  2 2r: 9.19E-06 2x: 1.72E+09 2u: 1.65E-02 ir: 7.63E-06 iu: 5.51E-03 rsn: stol

 Step    153 Time=  5.47532E-01 Dt=  4.60479E-06 [hour] conv_reason: 4
  newton =   2 [     290] linear =     4 [       606] cuts =  0 [   0]
  --> SNES Linear/Non-Linear Iterations = 4 / 2
  --> SNES Residual: 0.918773E-05 0.175088E-09 0.762939E-05
  --> max change: dpmx=   2.9930E+02

== GEOMECHANICS ================================================================

 Step    153 Time=  5.47532E-01 Dt=  4.60479E-06 [hour] conv_reason: 2
  linear =   138 [     21739] cuts =  0 [   0]

== RICHARDS FLOW ===============================================================
  0 2r: 2.22E-02 2x: 0.00E+00 2u: 0.00E+00 ir: 2.15E-02 iu: 0.00E+00 rsn:   0
  1 2r: 8.99E-06 2x: 1.72E+09 2u: 8.97E+02 ir: 7.63E-06 iu: 2.99E+02 rsn:   0
  2 2r: 8.99E-06 2x: 1.72E+09 2u: 1.65E-02 ir: 7.63E-06 iu: 5.52E-03 rsn: stol

 Step    154 Time=  5.47537E-01 Dt=  4.60944E-06 [hour] conv_reason: 4
  newton =   2 [     292] linear =     4 [       610] cuts =  0 [   0]
  --> SNES Linear/Non-Linear Iterations = 4 / 2
  --> SNES Residual: 0.899066E-05 0.171332E-09 0.762939E-05
  --> max change: dpmx=   2.9929E+02

== GEOMECHANICS ================================================================

 Step    154 Time=  5.47537E-01 Dt=  4.60944E-06 [hour] conv_reason: 2
  linear =   145 [     21884] cuts =  0 [   0]

== RICHARDS FLOW ===============================================================
  0 2r: 2.22E-02 2x: 0.00E+00 2u: 0.00E+00 ir: 2.15E-02 iu: 0.00E+00 rsn:   0
  1 2r: 9.20E-06 2x: 1.72E+09 2u: 8.97E+02 ir: 7.63E-06 iu: 2.99E+02 rsn:   0
  2 2r: 9.14E-06 2x: 1.72E+09 2u: 1.66E-02 ir: 7.63E-06 iu: 5.52E-03 rsn: stol

 Step    155 Time=  5.47541E-01 Dt=  4.61410E-06 [hour] conv_reason: 4
  newton =   2 [     294] linear =     4 [       614] cuts =  0 [   0]
  --> SNES Linear/Non-Linear Iterations = 4 / 2
  --> SNES Residual: 0.913802E-05 0.174140E-09 0.762939E-05
  --> max change: dpmx=   2.9929E+02

== GEOMECHANICS ================================================================

 Step    155 Time=  5.47541E-01 Dt=  4.61410E-06 [hour] conv_reason: 2
  linear =   148 [     22032] cuts =  0 [   0]

== RICHARDS FLOW ===============================================================
  0 2r: 2.22E-02 2x: 0.00E+00 2u: 0.00E+00 ir: 2.15E-02 iu: 0.00E+00 rsn:   0
  1 2r: 8.95E-06 2x: 1.72E+09 2u: 8.97E+02 ir: 7.63E-06 iu: 2.99E+02 rsn:   0
  2 2r: 8.93E-06 2x: 1.72E+09 2u: 1.66E-02 ir: 7.63E-06 iu: 5.53E-03 rsn: stol

 Step    156 Time=  5.47546E-01 Dt=  4.61877E-06 [hour] conv_reason: 4
  newton =   2 [     296] linear =     4 [       618] cuts =  0 [   0]
  --> SNES Linear/Non-Linear Iterations = 4 / 2
  --> SNES Residual: 0.892682E-05 0.170116E-09 0.762939E-05
  --> max change: dpmx=   2.9929E+02

== GEOMECHANICS ================================================================

 Step    156 Time=  5.47546E-01 Dt=  4.61877E-06 [hour] conv_reason: 2
  linear =   140 [     22172] cuts =  0 [   0]

== RICHARDS FLOW ===============================================================
  0 2r: 2.22E-02 2x: 0.00E+00 2u: 0.00E+00 ir: 2.15E-02 iu: 0.00E+00 rsn:   0
  1 2r: 9.01E-06 2x: 1.72E+09 2u: 8.97E+02 ir: 7.63E-06 iu: 2.99E+02 rsn:   0
  2 2r: 8.97E-06 2x: 1.72E+09 2u: 1.66E-02 ir: 7.63E-06 iu: 5.53E-03 rsn: stol

 Step    157 Time=  5.47551E-01 Dt=  4.62345E-06 [hour] conv_reason: 4
  newton =   2 [     298] linear =     4 [       622] cuts =  0 [   0]
  --> SNES Linear/Non-Linear Iterations = 4 / 2
  --> SNES Residual: 0.897276E-05 0.170991E-09 0.762939E-05
  --> max change: dpmx=   2.9929E+02

== GEOMECHANICS ================================================================

 Step    157 Time=  5.47551E-01 Dt=  4.62345E-06 [hour] conv_reason: 2
  linear =   141 [     22313] cuts =  0 [   0]

== RICHARDS FLOW ===============================================================
  0 2r: 2.22E-02 2x: 0.00E+00 2u: 0.00E+00 ir: 2.15E-02 iu: 0.00E+00 rsn:   0
  1 2r: 9.04E-06 2x: 1.72E+09 2u: 8.97E+02 ir: 7.63E-06 iu: 2.99E+02 rsn:   0
  2 2r: 9.04E-06 2x: 1.72E+09 2u: 1.66E-02 ir: 7.63E-06 iu: 5.54E-03 rsn: stol

 Step    158 Time=  5.47555E-01 Dt=  4.62814E-06 [hour] conv_reason: 4
  newton =   2 [     300] linear =     4 [       626] cuts =  0 [   0]
  --> SNES Linear/Non-Linear Iterations = 4 / 2
  --> SNES Residual: 0.904329E-05 0.172335E-09 0.762939E-05
  --> max change: dpmx=   2.9929E+02

== GEOMECHANICS ================================================================

 Step    158 Time=  5.47555E-01 Dt=  4.62814E-06 [hour] conv_reason: 2
  linear =   140 [     22453] cuts =  0 [   0]

== RICHARDS FLOW ===============================================================
  0 2r: 2.22E-02 2x: 0.00E+00 2u: 0.00E+00 ir: 2.15E-02 iu: 0.00E+00 rsn:   0
  1 2r: 9.18E-06 2x: 1.72E+09 2u: 8.97E+02 ir: 7.63E-06 iu: 2.99E+02 rsn:   0
  2 2r: 9.20E-06 2x: 1.72E+09 2u: 1.66E-02 ir: 7.63E-06 iu: 5.54E-03 rsn: stol

 Step    159 Time=  5.47560E-01 Dt=  4.63284E-06 [hour] conv_reason: 4
  newton =   2 [     302] linear =     4 [       630] cuts =  0 [   0]
  --> SNES Linear/Non-Linear Iterations = 4 / 2
  --> SNES Residual: 0.919733E-05 0.175271E-09 0.762939E-05
  --> max change: dpmx=   2.9929E+02

== GEOMECHANICS ================================================================

 Step    159 Time=  5.47560E-01 Dt=  4.63284E-06 [hour] conv_reason: 2
  linear =   142 [     22595] cuts =  0 [   0]

== RICHARDS FLOW ===============================================================
  0 2r: 2.22E-02 2x: 0.00E+00 2u: 0.00E+00 ir: 2.15E-02 iu: 0.00E+00 rsn:   0
  1 2r: 8.98E-06 2x: 1.72E+09 2u: 8.97E+02 ir: 7.63E-06 iu: 2.99E+02 rsn:   0
  2 2r: 8.99E-06 2x: 1.72E+09 2u: 1.66E-02 ir: 7.63E-06 iu: 5.55E-03 rsn: stol

 Step    160 Time=  5.47565E-01 Dt=  4.63755E-06 [hour] conv_reason: 4
  newton =   2 [     304] linear =     4 [       634] cuts =  0 [   0]
  --> SNES Linear/Non-Linear Iterations = 4 / 2
  --> SNES Residual: 0.899337E-05 0.171384E-09 0.762939E-05
  --> max change: dpmx=   2.9929E+02

== GEOMECHANICS ================================================================

 Step    160 Time=  5.47565E-01 Dt=  4.63755E-06 [hour] conv_reason: 2
  linear =   138 [     22733] cuts =  0 [   0]

== RICHARDS FLOW ===============================================================
  0 2r: 2.22E-02 2x: 0.00E+00 2u: 0.00E+00 ir: 2.15E-02 iu: 0.00E+00 rsn:   0
  1 2r: 8.97E-06 2x: 1.72E+09 2u: 8.97E+02 ir: 7.63E-06 iu: 2.99E+02 rsn:   0
  2 2r: 8.97E-06 2x: 1.72E+09 2u: 1.67E-02 ir: 7.63E-06 iu: 5.56E-03 rsn: stol

 Step    161 Time=  5.47569E-01 Dt=  4.64227E-06 [hour] conv_reason: 4
  newton =   2 [     306] linear =     4 [       638] cuts =  0 [   0]
  --> SNES Linear/Non-Linear Iterations = 4 / 2
  --> SNES Residual: 0.896668E-05 0.170875E-09 0.762939E-05
  --> max change: dpmx=   2.9929E+02

== GEOMECHANICS ================================================================

 Step    161 Time=  5.47569E-01 Dt=  4.64227E-06 [hour] conv_reason: 2
  linear =   151 [     22884] cuts =  0 [   0]

== RICHARDS FLOW ===============================================================
  0 2r: 2.22E-02 2x: 0.00E+00 2u: 0.00E+00 ir: 2.15E-02 iu: 0.00E+00 rsn:   0
  1 2r: 1.61E-05 2x: 1.72E+09 2u: 8.97E+02 ir: 1.53E-05 iu: 2.99E+02 rsn:   0
  2 2r: 1.61E-05 2x: 1.72E+09 2u: 1.67E-02 ir: 1.53E-05 iu: 5.56E-03 rsn: stol

 Step    162 Time=  5.47574E-01 Dt=  4.64700E-06 [hour] conv_reason: 4
  newton =   2 [     308] linear =     4 [       642] cuts =  0 [   0]
  --> SNES Linear/Non-Linear Iterations = 4 / 2
  --> SNES Residual: 0.160621E-04 0.306090E-09 0.152588E-04
  --> max change: dpmx=   2.9929E+02

== GEOMECHANICS ================================================================

 Step    162 Time=  5.47574E-01 Dt=  4.64700E-06 [hour] conv_reason: 2
  linear =   140 [     23024] cuts =  0 [   0]

== RICHARDS FLOW ===============================================================
  0 2r: 2.22E-02 2x: 0.00E+00 2u: 0.00E+00 ir: 2.15E-02 iu: 0.00E+00 rsn:   0
  1 2r: 4.72E-06 2x: 1.72E+09 2u: 8.97E+02 ir: 3.22E-06 iu: 2.99E+02 rsn:   0
  2 2r: 4.71E-06 2x: 1.72E+09 2u: 1.67E-02 ir: 3.22E-06 iu: 5.57E-03 rsn: stol

 Step    163 Time=  5.47579E-01 Dt=  4.65174E-06 [hour] conv_reason: 4
  newton =   2 [     310] linear =     4 [       646] cuts =  0 [   0]
  --> SNES Linear/Non-Linear Iterations = 4 / 2
  --> SNES Residual: 0.470590E-05 0.896790E-10 0.321865E-05
  --> max change: dpmx=   2.9929E+02

== GEOMECHANICS ================================================================

 Step    163 Time=  5.47579E-01 Dt=  4.65174E-06 [hour] conv_reason: 2
  linear =   138 [     23162] cuts =  0 [   0]

== RICHARDS FLOW ===============================================================
  0 2r: 2.22E-02 2x: 0.00E+00 2u: 0.00E+00 ir: 2.15E-02 iu: 0.00E+00 rsn:   0
  1 2r: 9.04E-06 2x: 1.72E+09 2u: 8.97E+02 ir: 7.63E-06 iu: 2.99E+02 rsn:   0
  2 2r: 8.98E-06 2x: 1.72E+09 2u: 1.67E-02 ir: 7.63E-06 iu: 5.57E-03 rsn: stol

 Step    164 Time=  5.47583E-01 Dt=  4.65648E-06 [hour] conv_reason: 4
  newton =   2 [     312] linear =     4 [       650] cuts =  0 [   0]
  --> SNES Linear/Non-Linear Iterations = 4 / 2
  --> SNES Residual: 0.898209E-05 0.171169E-09 0.762939E-05
  --> max change: dpmx=   2.9929E+02

== GEOMECHANICS ================================================================

 Step    164 Time=  5.47583E-01 Dt=  4.65648E-06 [hour] conv_reason: 2
  linear =   143 [     23305] cuts =  0 [   0]

== RICHARDS FLOW ===============================================================
  0 2r: 2.22E-02 2x: 0.00E+00 2u: 0.00E+00 ir: 2.15E-02 iu: 0.00E+00 rsn:   0
  1 2r: 1.25E-05 2x: 1.72E+09 2u: 8.97E+02 ir: 1.14E-05 iu: 2.99E+02 rsn:   0
  2 2r: 1.25E-05 2x: 1.72E+09 2u: 1.67E-02 ir: 1.14E-05 iu: 5.58E-03 rsn: stol

 Step    165 Time=  5.47588E-01 Dt=  4.66124E-06 [hour] conv_reason: 4
  newton =   2 [     314] linear =     4 [       654] cuts =  0 [   0]
  --> SNES Linear/Non-Linear Iterations = 4 / 2
  --> SNES Residual: 0.125300E-04 0.238781E-09 0.114441E-04
  --> max change: dpmx=   2.9929E+02

== GEOMECHANICS ================================================================

 Step    165 Time=  5.47588E-01 Dt=  4.66124E-06 [hour] conv_reason: 2
  linear =   140 [     23445] cuts =  0 [   0]

== RICHARDS FLOW ===============================================================
  0 2r: 2.22E-02 2x: 0.00E+00 2u: 0.00E+00 ir: 2.15E-02 iu: 0.00E+00 rsn:   0
  1 2r: 4.84E-06 2x: 1.72E+09 2u: 8.97E+02 ir: 3.22E-06 iu: 2.99E+02 rsn:   0
  2 2r: 4.67E-06 2x: 1.72E+09 2u: 1.67E-02 ir: 3.22E-06 iu: 5.58E-03 rsn: stol

 Step    166 Time=  5.47593E-01 Dt=  4.66601E-06 [hour] conv_reason: 4
  newton =   2 [     316] linear =     4 [       658] cuts =  0 [   0]
  --> SNES Linear/Non-Linear Iterations = 4 / 2
  --> SNES Residual: 0.466685E-05 0.889347E-10 0.321865E-05
  --> max change: dpmx=   2.9929E+02

== GEOMECHANICS ================================================================

 Step    166 Time=  5.47593E-01 Dt=  4.66601E-06 [hour] conv_reason: 2
  linear =   142 [     23587] cuts =  0 [   0]

== RICHARDS FLOW ===============================================================
  0 2r: 2.22E-02 2x: 0.00E+00 2u: 0.00E+00 ir: 2.15E-02 iu: 0.00E+00 rsn:   0
  1 2r: 9.19E-06 2x: 1.72E+09 2u: 8.97E+02 ir: 7.63E-06 iu: 2.99E+02 rsn:   0
  2 2r: 9.14E-06 2x: 1.72E+09 2u: 1.68E-02 ir: 7.63E-06 iu: 5.59E-03 rsn: stol

 Step    167 Time=  5.47597E-01 Dt=  4.67078E-06 [hour] conv_reason: 4
  newton =   2 [     318] linear =     4 [       662] cuts =  0 [   0]
  --> SNES Linear/Non-Linear Iterations = 4 / 2
  --> SNES Residual: 0.913671E-05 0.174115E-09 0.762939E-05
  --> max change: dpmx=   2.9929E+02

== GEOMECHANICS ================================================================

 Step    167 Time=  5.47597E-01 Dt=  4.67078E-06 [hour] conv_reason: 2
  linear =   137 [     23724] cuts =  0 [   0]

== RICHARDS FLOW ===============================================================
  0 2r: 2.22E-02 2x: 0.00E+00 2u: 0.00E+00 ir: 2.15E-02 iu: 0.00E+00 rsn:   0
  1 2r: 9.01E-06 2x: 1.72E+09 2u: 8.97E+02 ir: 7.63E-06 iu: 2.99E+02 rsn:   0
  2 2r: 9.14E-06 2x: 1.72E+09 2u: 1.68E-02 ir: 7.63E-06 iu: 5.60E-03 rsn: stol

 Step    168 Time=  5.47602E-01 Dt=  4.67557E-06 [hour] conv_reason: 4
  newton =   2 [     320] linear =     4 [       666] cuts =  0 [   0]
  --> SNES Linear/Non-Linear Iterations = 4 / 2
  --> SNES Residual: 0.913547E-05 0.174092E-09 0.762939E-05
  --> max change: dpmx=   2.9929E+02

== GEOMECHANICS ================================================================

 Step    168 Time=  5.47602E-01 Dt=  4.67557E-06 [hour] conv_reason: 2
  linear =   148 [     23872] cuts =  0 [   0]

== RICHARDS FLOW ===============================================================
  0 2r: 2.22E-02 2x: 0.00E+00 2u: 0.00E+00 ir: 2.15E-02 iu: 0.00E+00 rsn:   0
  1 2r: 9.22E-06 2x: 1.72E+09 2u: 8.97E+02 ir: 7.63E-06 iu: 2.99E+02 rsn:   0
  2 2r: 9.13E-06 2x: 1.72E+09 2u: 1.68E-02 ir: 7.63E-06 iu: 5.60E-03 rsn: stol

 Step    169 Time=  5.47607E-01 Dt=  4.68036E-06 [hour] conv_reason: 4
  newton =   2 [     322] linear =     4 [       670] cuts =  0 [   0]
  --> SNES Linear/Non-Linear Iterations = 4 / 2
  --> SNES Residual: 0.912660E-05 0.173923E-09 0.762939E-05
  --> max change: dpmx=   2.9929E+02

== GEOMECHANICS ================================================================

 Step    169 Time=  5.47607E-01 Dt=  4.68036E-06 [hour] conv_reason: 2
  linear =   138 [     24010] cuts =  0 [   0]

== RICHARDS FLOW ===============================================================
  0 2r: 2.22E-02 2x: 0.00E+00 2u: 0.00E+00 ir: 2.15E-02 iu: 0.00E+00 rsn:   0
  1 2r: 9.00E-06 2x: 1.72E+09 2u: 8.97E+02 ir: 7.63E-06 iu: 2.99E+02 rsn:   0
  2 2r: 8.98E-06 2x: 1.72E+09 2u: 1.68E-02 ir: 7.63E-06 iu: 5.61E-03 rsn: stol

 Step    170 Time=  5.47611E-01 Dt=  4.68517E-06 [hour] conv_reason: 4
  newton =   2 [     324] linear =     4 [       674] cuts =  0 [   0]
  --> SNES Linear/Non-Linear Iterations = 4 / 2
  --> SNES Residual: 0.898347E-05 0.171195E-09 0.762939E-05
  --> max change: dpmx=   2.9928E+02

== GEOMECHANICS ================================================================

 Step    170 Time=  5.47611E-01 Dt=  4.68517E-06 [hour] conv_reason: 2
  linear =   139 [     24149] cuts =  0 [   0]

== RICHARDS FLOW ===============================================================
  0 2r: 2.23E-02 2x: 0.00E+00 2u: 0.00E+00 ir: 2.15E-02 iu: 0.00E+00 rsn:   0
  1 2r: 9.03E-06 2x: 1.72E+09 2u: 8.97E+02 ir: 7.63E-06 iu: 2.99E+02 rsn:   0
  2 2r: 9.02E-06 2x: 1.72E+09 2u: 1.68E-02 ir: 7.63E-06 iu: 5.61E-03 rsn: stol

 Step    171 Time=  5.47616E-01 Dt=  4.68998E-06 [hour] conv_reason: 4
  newton =   2 [     326] linear =     4 [       678] cuts =  0 [   0]
  --> SNES Linear/Non-Linear Iterations = 4 / 2
  --> SNES Residual: 0.901673E-05 0.171829E-09 0.762939E-05
  --> max change: dpmx=   2.9928E+02

== GEOMECHANICS ================================================================

 Step    171 Time=  5.47616E-01 Dt=  4.68998E-06 [hour] conv_reason: 2
  linear =   138 [     24287] cuts =  0 [   0]

== RICHARDS FLOW ===============================================================
  0 2r: 2.23E-02 2x: 0.00E+00 2u: 0.00E+00 ir: 2.15E-02 iu: 0.00E+00 rsn:   0
  1 2r: 9.21E-06 2x: 1.72E+09 2u: 8.97E+02 ir: 7.63E-06 iu: 2.99E+02 rsn:   0
  2 2r: 9.19E-06 2x: 1.72E+09 2u: 1.68E-02 ir: 7.63E-06 iu: 5.62E-03 rsn: stol

 Step    172 Time=  5.47621E-01 Dt=  4.69481E-06 [hour] conv_reason: 4
  newton =   2 [     328] linear =     4 [       682] cuts =  0 [   0]
  --> SNES Linear/Non-Linear Iterations = 4 / 2
  --> SNES Residual: 0.919441E-05 0.175215E-09 0.762939E-05
  --> max change: dpmx=   2.9928E+02

== GEOMECHANICS ================================================================

 Step    172 Time=  5.47621E-01 Dt=  4.69481E-06 [hour] conv_reason: 2
  linear =   140 [     24427] cuts =  0 [   0]

== RICHARDS FLOW ===============================================================
  0 2r: 2.23E-02 2x: 0.00E+00 2u: 0.00E+00 ir: 2.15E-02 iu: 0.00E+00 rsn:   0
  1 2r: 9.02E-06 2x: 1.72E+09 2u: 8.97E+02 ir: 7.63E-06 iu: 2.99E+02 rsn:   0
  2 2r: 9.00E-06 2x: 1.72E+09 2u: 1.69E-02 ir: 7.63E-06 iu: 5.62E-03 rsn: stol

 Step    173 Time=  5.47625E-01 Dt=  4.69965E-06 [hour] conv_reason: 4
  newton =   2 [     330] linear =     4 [       686] cuts =  0 [   0]
  --> SNES Linear/Non-Linear Iterations = 4 / 2
  --> SNES Residual: 0.900364E-05 0.171580E-09 0.762939E-05
  --> max change: dpmx=   2.9928E+02

== GEOMECHANICS ================================================================

 Step    173 Time=  5.47625E-01 Dt=  4.69965E-06 [hour] conv_reason: 2
  linear =   143 [     24570] cuts =  0 [   0]

== RICHARDS FLOW ===============================================================
  0 2r: 2.23E-02 2x: 0.00E+00 2u: 0.00E+00 ir: 2.15E-02 iu: 0.00E+00 rsn:   0
  1 2r: 9.22E-06 2x: 1.72E+09 2u: 8.97E+02 ir: 7.63E-06 iu: 2.99E+02 rsn:   0
  2 2r: 9.21E-06 2x: 1.72E+09 2u: 1.69E-02 ir: 7.63E-06 iu: 5.63E-03 rsn: stol

 Step    174 Time=  5.47630E-01 Dt=  4.70449E-06 [hour] conv_reason: 4
  newton =   2 [     332] linear =     4 [       690] cuts =  0 [   0]
  --> SNES Linear/Non-Linear Iterations = 4 / 2
  --> SNES Residual: 0.920977E-05 0.175508E-09 0.762939E-05
  --> max change: dpmx=   2.9928E+02

== GEOMECHANICS ================================================================

 Step    174 Time=  5.47630E-01 Dt=  4.70449E-06 [hour] conv_reason: 2
  linear =   139 [     24709] cuts =  0 [   0]

== RICHARDS FLOW ===============================================================
  0 2r: 2.23E-02 2x: 0.00E+00 2u: 0.00E+00 ir: 2.15E-02 iu: 0.00E+00 rsn:   0
  1 2r: 1.24E-05 2x: 1.72E+09 2u: 8.97E+02 ir: 1.14E-05 iu: 2.99E+02 rsn:   0
  2 2r: 8.93E-06 2x: 1.72E+09 2u: 1.69E-02 ir: 7.63E-06 iu: 5.64E-03 rsn: stol

 Step    175 Time=  5.47635E-01 Dt=  4.70935E-06 [hour] conv_reason: 4
  newton =   2 [     334] linear =     4 [       694] cuts =  0 [   0]
  --> SNES Linear/Non-Linear Iterations = 4 / 2
  --> SNES Residual: 0.892876E-05 0.170153E-09 0.762939E-05
  --> max change: dpmx=   2.9928E+02

== GEOMECHANICS ================================================================

 Step    175 Time=  5.47635E-01 Dt=  4.70935E-06 [hour] conv_reason: 2
  linear =   144 [     24853] cuts =  0 [   0]

== RICHARDS FLOW ===============================================================
  0 2r: 2.23E-02 2x: 0.00E+00 2u: 0.00E+00 ir: 2.15E-02 iu: 0.00E+00 rsn:   0
  1 2r: 9.25E-06 2x: 1.72E+09 2u: 8.97E+02 ir: 7.63E-06 iu: 2.99E+02 rsn:   0
  2 2r: 9.24E-06 2x: 1.72E+09 2u: 1.69E-02 ir: 7.63E-06 iu: 5.64E-03 rsn: stol

 Step    176 Time=  5.47639E-01 Dt=  4.71421E-06 [hour] conv_reason: 4
  newton =   2 [     336] linear =     4 [       698] cuts =  0 [   0]
  --> SNES Linear/Non-Linear Iterations = 4 / 2
  --> SNES Residual: 0.923948E-05 0.176074E-09 0.762939E-05
  --> max change: dpmx=   2.9928E+02

== GEOMECHANICS ================================================================

 Step    176 Time=  5.47639E-01 Dt=  4.71421E-06 [hour] conv_reason: 2
  linear =   172 [     25025] cuts =  0 [   0]

== RICHARDS FLOW ===============================================================
  0 2r: 2.23E-02 2x: 0.00E+00 2u: 0.00E+00 ir: 2.16E-02 iu: 0.00E+00 rsn:   0
  1 2r: 8.97E-06 2x: 1.72E+09 2u: 8.97E+02 ir: 7.63E-06 iu: 2.99E+02 rsn:   0
  2 2r: 8.96E-06 2x: 1.72E+09 2u: 1.69E-02 ir: 7.63E-06 iu: 5.65E-03 rsn: stol

 Step    177 Time=  5.47644E-01 Dt=  4.71909E-06 [hour] conv_reason: 4
  newton =   2 [     338] linear =     4 [       702] cuts =  0 [   0]
  --> SNES Linear/Non-Linear Iterations = 4 / 2
  --> SNES Residual: 0.896254E-05 0.170796E-09 0.762939E-05
  --> max change: dpmx=   2.9928E+02

== GEOMECHANICS ================================================================

 Step    177 Time=  5.47644E-01 Dt=  4.71909E-06 [hour] conv_reason: 2
  linear =   149 [     25174] cuts =  0 [   0]

== RICHARDS FLOW ===============================================================
  0 2r: 2.23E-02 2x: 0.00E+00 2u: 0.00E+00 ir: 2.16E-02 iu: 0.00E+00 rsn:   0
  1 2r: 9.23E-06 2x: 1.72E+09 2u: 8.97E+02 ir: 7.63E-06 iu: 2.99E+02 rsn:   0
  2 2r: 9.17E-06 2x: 1.72E+09 2u: 1.70E-02 ir: 7.63E-06 iu: 5.66E-03 rsn: stol

 Step    178 Time=  5.47649E-01 Dt=  4.72397E-06 [hour] conv_reason: 4
  newton =   2 [     340] linear =     4 [       706] cuts =  0 [   0]
  --> SNES Linear/Non-Linear Iterations = 4 / 2
  --> SNES Residual: 0.916986E-05 0.174747E-09 0.762939E-05
  --> max change: dpmx=   2.9928E+02

== GEOMECHANICS ================================================================

 Step    178 Time=  5.47649E-01 Dt=  4.72397E-06 [hour] conv_reason: 2
  linear =   138 [     25312] cuts =  0 [   0]

== RICHARDS FLOW ===============================================================
  0 2r: 2.23E-02 2x: 0.00E+00 2u: 0.00E+00 ir: 2.16E-02 iu: 0.00E+00 rsn:   0
  1 2r: 9.03E-06 2x: 1.72E+09 2u: 8.97E+02 ir: 7.63E-06 iu: 2.99E+02 rsn:   0
  2 2r: 9.01E-06 2x: 1.72E+09 2u: 1.70E-02 ir: 7.63E-06 iu: 5.66E-03 rsn: stol

 Step    179 Time=  5.47654E-01 Dt=  4.72887E-06 [hour] conv_reason: 4
  newton =   2 [     342] linear =     4 [       710] cuts =  0 [   0]
  --> SNES Linear/Non-Linear Iterations = 4 / 2
  --> SNES Residual: 0.901045E-05 0.171709E-09 0.762939E-05
  --> max change: dpmx=   2.9928E+02

== GEOMECHANICS ================================================================

 Step    179 Time=  5.47654E-01 Dt=  4.72887E-06 [hour] conv_reason: 2
  linear =   143 [     25455] cuts =  0 [   0]

== RICHARDS FLOW ===============================================================
  0 2r: 2.23E-02 2x: 0.00E+00 2u: 0.00E+00 ir: 2.16E-02 iu: 0.00E+00 rsn:   0
  1 2r: 9.10E-06 2x: 1.72E+09 2u: 8.97E+02 ir: 7.63E-06 iu: 2.99E+02 rsn:   0
  2 2r: 9.09E-06 2x: 1.72E+09 2u: 1.70E-02 ir: 7.63E-06 iu: 5.67E-03 rsn: stol

 Step    180 Time=  5.47658E-01 Dt=  4.73377E-06 [hour] conv_reason: 4
  newton =   2 [     344] linear =     4 [       714] cuts =  0 [   0]
  --> SNES Linear/Non-Linear Iterations = 4 / 2
  --> SNES Residual: 0.908679E-05 0.173164E-09 0.762939E-05
  --> max change: dpmx=   2.9928E+02

== GEOMECHANICS ================================================================

 Step    180 Time=  5.47658E-01 Dt=  4.73377E-06 [hour] conv_reason: 2
  linear =   140 [     25595] cuts =  0 [   0]

== RICHARDS FLOW ===============================================================
  0 2r: 2.23E-02 2x: 0.00E+00 2u: 0.00E+00 ir: 2.16E-02 iu: 0.00E+00 rsn:   0
  1 2r: 1.26E-05 2x: 1.72E+09 2u: 8.97E+02 ir: 1.14E-05 iu: 2.99E+02 rsn:   0
  2 2r: 1.26E-05 2x: 1.72E+09 2u: 1.70E-02 ir: 1.14E-05 iu: 5.67E-03 rsn: stol

 Step    181 Time=  5.47663E-01 Dt=  4.73869E-06 [hour] conv_reason: 4
  newton =   2 [     346] linear =     4 [       718] cuts =  0 [   0]
  --> SNES Linear/Non-Linear Iterations = 4 / 2
  --> SNES Residual: 0.125610E-04 0.239370E-09 0.114441E-04
  --> max change: dpmx=   2.9928E+02

== GEOMECHANICS ================================================================

 Step    181 Time=  5.47663E-01 Dt=  4.73869E-06 [hour] conv_reason: 2
  linear =   139 [     25734] cuts =  0 [   0]

== RICHARDS FLOW ===============================================================
  0 2r: 2.23E-02 2x: 0.00E+00 2u: 0.00E+00 ir: 2.16E-02 iu: 0.00E+00 rsn:   0
  1 2r: 4.96E-06 2x: 1.72E+09 2u: 8.97E+02 ir: 3.22E-06 iu: 2.99E+02 rsn:   0
  2 2r: 4.94E-06 2x: 1.72E+09 2u: 1.70E-02 ir: 3.22E-06 iu: 5.68E-03 rsn: stol

 Step    182 Time=  5.47668E-01 Dt=  4.74361E-06 [hour] conv_reason: 4
  newton =   2 [     348] linear =     4 [       722] cuts =  0 [   0]
  --> SNES Linear/Non-Linear Iterations = 4 / 2
  --> SNES Residual: 0.493561E-05 0.940564E-10 0.321865E-05
  --> max change: dpmx=   2.9928E+02

== GEOMECHANICS ================================================================

 Step    182 Time=  5.47668E-01 Dt=  4.74361E-06 [hour] conv_reason: 2
  linear =   140 [     25874] cuts =  0 [   0]

== RICHARDS FLOW ===============================================================
  0 2r: 2.23E-02 2x: 0.00E+00 2u: 0.00E+00 ir: 2.16E-02 iu: 0.00E+00 rsn:   0
  1 2r: 9.09E-06 2x: 1.72E+09 2u: 8.97E+02 ir: 7.63E-06 iu: 2.99E+02 rsn:   0
  2 2r: 9.01E-06 2x: 1.72E+09 2u: 1.70E-02 ir: 7.63E-06 iu: 5.68E-03 rsn: stol

 Step    183 Time=  5.47673E-01 Dt=  4.74855E-06 [hour] conv_reason: 4
  newton =   2 [     350] linear =     4 [       726] cuts =  0 [   0]
  --> SNES Linear/Non-Linear Iterations = 4 / 2
  --> SNES Residual: 0.901444E-05 0.171785E-09 0.762939E-05
  --> max change: dpmx=   2.9928E+02

== GEOMECHANICS ================================================================

 Step    183 Time=  5.47673E-01 Dt=  4.74855E-06 [hour] conv_reason: 2
  linear =   141 [     26015] cuts =  0 [   0]

== RICHARDS FLOW ===============================================================
  0 2r: 2.23E-02 2x: 0.00E+00 2u: 0.00E+00 ir: 2.16E-02 iu: 0.00E+00 rsn:   0
  1 2r: 1.25E-05 2x: 1.72E+09 2u: 8.97E+02 ir: 1.14E-05 iu: 2.99E+02 rsn:   0
  2 2r: 9.10E-06 2x: 1.72E+09 2u: 1.71E-02 ir: 7.63E-06 iu: 5.69E-03 rsn: stol

 Step    184 Time=  5.47677E-01 Dt=  4.75350E-06 [hour] conv_reason: 4
  newton =   2 [     352] linear =     4 [       730] cuts =  0 [   0]
  --> SNES Linear/Non-Linear Iterations = 4 / 2
  --> SNES Residual: 0.909777E-05 0.173373E-09 0.762939E-05
  --> max change: dpmx=   2.9928E+02

== GEOMECHANICS ================================================================

 Step    184 Time=  5.47677E-01 Dt=  4.75350E-06 [hour] conv_reason: 2
  linear =   136 [     26151] cuts =  0 [   0]

== RICHARDS FLOW ===============================================================
  0 2r: 2.23E-02 2x: 0.00E+00 2u: 0.00E+00 ir: 2.16E-02 iu: 0.00E+00 rsn:   0
  1 2r: 9.09E-06 2x: 1.72E+09 2u: 8.97E+02 ir: 7.63E-06 iu: 2.99E+02 rsn:   0
  2 2r: 9.08E-06 2x: 1.72E+09 2u: 1.71E-02 ir: 7.63E-06 iu: 5.70E-03 rsn: stol

 Step    185 Time=  5.47682E-01 Dt=  4.75845E-06 [hour] conv_reason: 4
  newton =   2 [     354] linear =     4 [       734] cuts =  0 [   0]
  --> SNES Linear/Non-Linear Iterations = 4 / 2
  --> SNES Residual: 0.907916E-05 0.173019E-09 0.762939E-05
  --> max change: dpmx=   2.9927E+02

== GEOMECHANICS ================================================================

 Step    185 Time=  5.47682E-01 Dt=  4.75845E-06 [hour] conv_reason: 2
  linear =   140 [     26291] cuts =  0 [   0]

== RICHARDS FLOW ===============================================================
  0 2r: 2.23E-02 2x: 0.00E+00 2u: 0.00E+00 ir: 2.16E-02 iu: 0.00E+00 rsn:   0
  1 2r: 9.17E-06 2x: 1.72E+09 2u: 8.97E+02 ir: 7.63E-06 iu: 2.99E+02 rsn:   0
  2 2r: 9.16E-06 2x: 1.72E+09 2u: 1.71E-02 ir: 7.63E-06 iu: 5.70E-03 rsn: stol

 Step    186 Time=  5.47687E-01 Dt=  4.76342E-06 [hour] conv_reason: 4
  newton =   2 [     356] linear =     4 [       738] cuts =  0 [   0]
  --> SNES Linear/Non-Linear Iterations = 4 / 2
  --> SNES Residual: 0.916384E-05 0.174632E-09 0.762939E-05
  --> max change: dpmx=   2.9927E+02

== GEOMECHANICS ================================================================

 Step    186 Time=  5.47687E-01 Dt=  4.76342E-06 [hour] conv_reason: 2
  linear =   139 [     26430] cuts =  0 [   0]

== RICHARDS FLOW ===============================================================
  0 2r: 2.23E-02 2x: 0.00E+00 2u: 0.00E+00 ir: 2.16E-02 iu: 0.00E+00 rsn:   0
  1 2r: 9.15E-06 2x: 1.72E+09 2u: 8.97E+02 ir: 7.63E-06 iu: 2.99E+02 rsn:   0
  2 2r: 9.07E-06 2x: 1.72E+09 2u: 1.71E-02 ir: 7.63E-06 iu: 5.71E-03 rsn: stol

 Step    187 Time=  5.47692E-01 Dt=  4.76840E-06 [hour] conv_reason: 4
  newton =   2 [     358] linear =     4 [       742] cuts =  0 [   0]
  --> SNES Linear/Non-Linear Iterations = 4 / 2
  --> SNES Residual: 0.907157E-05 0.172874E-09 0.762939E-05
  --> max change: dpmx=   2.9927E+02

== GEOMECHANICS ================================================================

 Step    187 Time=  5.47692E-01 Dt=  4.76840E-06 [hour] conv_reason: 2
  linear =   147 [     26577] cuts =  0 [   0]

== RICHARDS FLOW ===============================================================
  0 2r: 2.23E-02 2x: 0.00E+00 2u: 0.00E+00 ir: 2.16E-02 iu: 0.00E+00 rsn:   0
  1 2r: 9.17E-06 2x: 1.72E+09 2u: 8.97E+02 ir: 7.63E-06 iu: 2.99E+02 rsn:   0
  2 2r: 9.10E-06 2x: 1.72E+09 2u: 1.71E-02 ir: 7.63E-06 iu: 5.72E-03 rsn: stol

 Step    188 Time=  5.47696E-01 Dt=  4.77339E-06 [hour] conv_reason: 4
  newton =   2 [     360] linear =     4 [       746] cuts =  0 [   0]
  --> SNES Linear/Non-Linear Iterations = 4 / 2
  --> SNES Residual: 0.910307E-05 0.173474E-09 0.762939E-05
  --> max change: dpmx=   2.9927E+02

== GEOMECHANICS ================================================================

 Step    188 Time=  5.47696E-01 Dt=  4.77339E-06 [hour] conv_reason: 2
  linear =   140 [     26717] cuts =  0 [   0]

== RICHARDS FLOW ===============================================================
  0 2r: 2.23E-02 2x: 0.00E+00 2u: 0.00E+00 ir: 2.16E-02 iu: 0.00E+00 rsn:   0
  1 2r: 9.32E-06 2x: 1.72E+09 2u: 8.97E+02 ir: 7.63E-06 iu: 2.99E+02 rsn:   0
  2 2r: 9.31E-06 2x: 1.72E+09 2u: 1.72E-02 ir: 7.63E-06 iu: 5.72E-03 rsn: stol

 Step    189 Time=  5.47701E-01 Dt=  4.77838E-06 [hour] conv_reason: 4
  newton =   2 [     362] linear =     4 [       750] cuts =  0 [   0]
  --> SNES Linear/Non-Linear Iterations = 4 / 2
  --> SNES Residual: 0.930634E-05 0.177348E-09 0.762939E-05
  --> max change: dpmx=   2.9927E+02

== GEOMECHANICS ================================================================

 Step    189 Time=  5.47701E-01 Dt=  4.77838E-06 [hour] conv_reason: 2
  linear =   142 [     26859] cuts =  0 [   0]

== RICHARDS FLOW ===============================================================
  0 2r: 2.23E-02 2x: 0.00E+00 2u: 0.00E+00 ir: 2.16E-02 iu: 0.00E+00 rsn:   0
  1 2r: 9.12E-06 2x: 1.72E+09 2u: 8.97E+02 ir: 7.63E-06 iu: 2.99E+02 rsn:   0
  2 2r: 9.07E-06 2x: 1.72E+09 2u: 1.72E-02 ir: 7.63E-06 iu: 5.73E-03 rsn: stol

 Step    190 Time=  5.47706E-01 Dt=  4.78339E-06 [hour] conv_reason: 4
  newton =   2 [     364] linear =     4 [       754] cuts =  0 [   0]
  --> SNES Linear/Non-Linear Iterations = 4 / 2
  --> SNES Residual: 0.907096E-05 0.172863E-09 0.762939E-05
  --> max change: dpmx=   2.9927E+02

== GEOMECHANICS ================================================================

 Step    190 Time=  5.47706E-01 Dt=  4.78339E-06 [hour] conv_reason: 2
  linear =   139 [     26998] cuts =  0 [   0]

== RICHARDS FLOW ===============================================================
  0 2r: 2.23E-02 2x: 0.00E+00 2u: 0.00E+00 ir: 2.16E-02 iu: 0.00E+00 rsn:   0
  1 2r: 9.16E-06 2x: 1.72E+09 2u: 8.97E+02 ir: 7.63E-06 iu: 2.99E+02 rsn:   0
  2 2r: 9.15E-06 2x: 1.72E+09 2u: 1.72E-02 ir: 7.63E-06 iu: 5.73E-03 rsn: stol

 Step    191 Time=  5.47711E-01 Dt=  4.78841E-06 [hour] conv_reason: 4
  newton =   2 [     366] linear =     4 [       758] cuts =  0 [   0]
  --> SNES Linear/Non-Linear Iterations = 4 / 2
  --> SNES Residual: 0.914999E-05 0.174369E-09 0.762939E-05
  --> max change: dpmx=   2.9927E+02

== GEOMECHANICS ================================================================

 Step    191 Time=  5.47711E-01 Dt=  4.78841E-06 [hour] conv_reason: 2
  linear =   137 [     27135] cuts =  0 [   0]

== RICHARDS FLOW ===============================================================
  0 2r: 2.23E-02 2x: 0.00E+00 2u: 0.00E+00 ir: 2.16E-02 iu: 0.00E+00 rsn:   0
  1 2r: 1.26E-05 2x: 1.72E+09 2u: 8.97E+02 ir: 1.14E-05 iu: 2.99E+02 rsn:   0
  2 2r: 1.25E-05 2x: 1.72E+09 2u: 1.72E-02 ir: 1.14E-05 iu: 5.74E-03 rsn: stol

 Step    192 Time=  5.47716E-01 Dt=  4.79344E-06 [hour] conv_reason: 4
  newton =   2 [     368] linear =     4 [       762] cuts =  0 [   0]
  --> SNES Linear/Non-Linear Iterations = 4 / 2
  --> SNES Residual: 0.125257E-04 0.238699E-09 0.114441E-04
  --> max change: dpmx=   2.9927E+02

== GEOMECHANICS ================================================================

 Step    192 Time=  5.47716E-01 Dt=  4.79344E-06 [hour] conv_reason: 2
  linear =   145 [     27280] cuts =  0 [   0]

== RICHARDS FLOW ===============================================================
  0 2r: 2.23E-02 2x: 0.00E+00 2u: 0.00E+00 ir: 2.16E-02 iu: 0.00E+00 rsn:   0
  1 2r: 6.31E-06 2x: 1.72E+09 2u: 8.97E+02 ir: 3.81E-06 iu: 2.99E+02 rsn:   0
  2 2r: 1.61E-05 2x: 1.72E+09 2u: 1.72E-02 ir: 1.53E-05 iu: 5.74E-03 rsn: stol

 Step    193 Time=  5.47720E-01 Dt=  4.79848E-06 [hour] conv_reason: 4
  newton =   2 [     370] linear =     4 [       766] cuts =  0 [   0]
  --> SNES Linear/Non-Linear Iterations = 4 / 2
  --> SNES Residual: 0.160551E-04 0.305957E-09 0.152588E-04
  --> max change: dpmx=   2.9927E+02

== GEOMECHANICS ================================================================

 Step    193 Time=  5.47720E-01 Dt=  4.79848E-06 [hour] conv_reason: 2
  linear =   137 [     27417] cuts =  0 [   0]

== RICHARDS FLOW ===============================================================
  0 2r: 2.23E-02 2x: 0.00E+00 2u: 0.00E+00 ir: 2.16E-02 iu: 0.00E+00 rsn:   0
  1 2r: 6.66E-06 2x: 1.72E+09 2u: 8.97E+02 ir: 3.81E-06 iu: 2.99E+02 rsn:   0
  2 2r: 5.43E-06 2x: 1.72E+09 2u: 1.72E-02 ir: 3.22E-06 iu: 5.75E-03 rsn: stol

 Step    194 Time=  5.47725E-01 Dt=  4.80353E-06 [hour] conv_reason: 4
  newton =   2 [     372] linear =     4 [       770] cuts =  0 [   0]
  --> SNES Linear/Non-Linear Iterations = 4 / 2
  --> SNES Residual: 0.542665E-05 0.103414E-09 0.321865E-05
  --> max change: dpmx=   2.9927E+02

== GEOMECHANICS ================================================================

 Step    194 Time=  5.47725E-01 Dt=  4.80353E-06 [hour] conv_reason: 2
  linear =   144 [     27561] cuts =  0 [   0]

== RICHARDS FLOW ===============================================================
  0 2r: 2.23E-02 2x: 0.00E+00 2u: 0.00E+00 ir: 2.16E-02 iu: 0.00E+00 rsn:   0
  1 2r: 5.18E-06 2x: 1.72E+09 2u: 8.97E+02 ir: 3.22E-06 iu: 2.99E+02 rsn:   0
  2 2r: 5.12E-06 2x: 1.72E+09 2u: 1.73E-02 ir: 3.22E-06 iu: 5.76E-03 rsn: stol

 Step    195 Time=  5.47730E-01 Dt=  4.80860E-06 [hour] conv_reason: 4
  newton =   2 [     374] linear =     4 [       774] cuts =  0 [   0]
  --> SNES Linear/Non-Linear Iterations = 4 / 2
  --> SNES Residual: 0.512438E-05 0.976538E-10 0.321865E-05
  --> max change: dpmx=   2.9927E+02

== GEOMECHANICS ================================================================

 Step    195 Time=  5.47730E-01 Dt=  4.80860E-06 [hour] conv_reason: 2
  linear =   144 [     27705] cuts =  0 [   0]

== RICHARDS FLOW ===============================================================
  0 2r: 2.23E-02 2x: 0.00E+00 2u: 0.00E+00 ir: 2.16E-02 iu: 0.00E+00 rsn:   0
  1 2r: 5.21E-06 2x: 1.72E+09 2u: 8.97E+02 ir: 3.22E-06 iu: 2.99E+02 rsn:   0
  2 2r: 5.39E-06 2x: 1.72E+09 2u: 1.73E-02 ir: 3.22E-06 iu: 5.76E-03 rsn: stol

 Step    196 Time=  5.47735E-01 Dt=  4.81367E-06 [hour] conv_reason: 4
  newton =   2 [     376] linear =     4 [       778] cuts =  0 [   0]
  --> SNES Linear/Non-Linear Iterations = 4 / 2
  --> SNES Residual: 0.538762E-05 0.102670E-09 0.321865E-05
  --> max change: dpmx=   2.9927E+02

== GEOMECHANICS ================================================================

 Step    196 Time=  5.47735E-01 Dt=  4.81367E-06 [hour] conv_reason: 2
  linear =   141 [     27846] cuts =  0 [   0]

== RICHARDS FLOW ===============================================================
  0 2r: 2.23E-02 2x: 0.00E+00 2u: 0.00E+00 ir: 2.16E-02 iu: 0.00E+00 rsn:   0
  1 2r: 9.19E-06 2x: 1.72E+09 2u: 8.97E+02 ir: 7.63E-06 iu: 2.99E+02 rsn:   0
  2 2r: 6.37E-06 2x: 1.72E+09 2u: 1.73E-02 ir: 3.81E-06 iu: 5.77E-03 rsn: stol

 Step    197 Time=  5.47740E-01 Dt=  4.81875E-06 [hour] conv_reason: 4
  newton =   2 [     378] linear =     4 [       782] cuts =  0 [   0]
  --> SNES Linear/Non-Linear Iterations = 4 / 2
  --> SNES Residual: 0.637397E-05 0.121467E-09 0.381470E-05
  --> max change: dpmx=   2.9927E+02

== GEOMECHANICS ================================================================

 Step    197 Time=  5.47740E-01 Dt=  4.81875E-06 [hour] conv_reason: 2
  linear =   137 [     27983] cuts =  0 [   0]

== RICHARDS FLOW ===============================================================
  0 2r: 2.23E-02 2x: 0.00E+00 2u: 0.00E+00 ir: 2.16E-02 iu: 0.00E+00 rsn:   0
  1 2r: 6.65E-06 2x: 1.72E+09 2u: 8.97E+02 ir: 3.81E-06 iu: 2.99E+02 rsn:   0
  2 2r: 6.63E-06 2x: 1.72E+09 2u: 1.73E-02 ir: 3.81E-06 iu: 5.78E-03 rsn: stol

 Step    198 Time=  5.47744E-01 Dt=  4.82384E-06 [hour] conv_reason: 4
  newton =   2 [     380] linear =     4 [       786] cuts =  0 [   0]
  --> SNES Linear/Non-Linear Iterations = 4 / 2
  --> SNES Residual: 0.662764E-05 0.126301E-09 0.381470E-05
  --> max change: dpmx=   2.9927E+02

== GEOMECHANICS ================================================================

 Step    198 Time=  5.47744E-01 Dt=  4.82384E-06 [hour] conv_reason: 2
  linear =   151 [     28134] cuts =  0 [   0]

== RICHARDS FLOW ===============================================================
  0 2r: 2.23E-02 2x: 0.00E+00 2u: 0.00E+00 ir: 2.16E-02 iu: 0.00E+00 rsn:   0
  1 2r: 6.48E-06 2x: 1.72E+09 2u: 8.97E+02 ir: 3.81E-06 iu: 2.99E+02 rsn:   0
  2 2r: 5.22E-06 2x: 1.72E+09 2u: 1.73E-02 ir: 3.22E-06 iu: 5.78E-03 rsn: stol

 Step    199 Time=  5.47749E-01 Dt=  4.82895E-06 [hour] conv_reason: 4
  newton =   2 [     382] linear =     4 [       790] cuts =  0 [   0]
  --> SNES Linear/Non-Linear Iterations = 4 / 2
  --> SNES Residual: 0.521813E-05 0.994403E-10 0.321865E-05
  --> max change: dpmx=   2.9927E+02

== GEOMECHANICS ================================================================

 Step    199 Time=  5.47749E-01 Dt=  4.82895E-06 [hour] conv_reason: 2
  linear =   139 [     28273] cuts =  0 [   0]

== RICHARDS FLOW ===============================================================
  0 2r: 2.23E-02 2x: 0.00E+00 2u: 0.00E+00 ir: 2.16E-02 iu: 0.00E+00 rsn:   0
  1 2r: 5.20E-06 2x: 1.72E+09 2u: 8.97E+02 ir: 3.22E-06 iu: 2.99E+02 rsn:   0
  2 2r: 5.16E-06 2x: 1.72E+09 2u: 1.74E-02 ir: 3.22E-06 iu: 5.79E-03 rsn: stol

 Step    200 Time=  5.47754E-01 Dt=  4.83406E-06 [hour] conv_reason: 4
  newton =   2 [     384] linear =     4 [       794] cuts =  0 [   0]
  --> SNES Linear/Non-Linear Iterations = 4 / 2
  --> SNES Residual: 0.516339E-05 0.983971E-10 0.321865E-05
  --> max change: dpmx=   2.9927E+02

== GEOMECHANICS ================================================================

 Step    200 Time=  5.47754E-01 Dt=  4.83406E-06 [hour] conv_reason: 2
  linear =   141 [     28414] cuts =  0 [   0]

== RICHARDS FLOW ===============================================================
  0 2r: 2.23E-02 2x: 0.00E+00 2u: 0.00E+00 ir: 2.16E-02 iu: 0.00E+00 rsn:   0
  1 2r: 9.42E-06 2x: 1.72E+09 2u: 8.97E+02 ir: 7.63E-06 iu: 2.99E+02 rsn:   0
  2 2r: 9.40E-06 2x: 1.72E+09 2u: 1.74E-02 ir: 7.63E-06 iu: 5.79E-03 rsn: stol

 Step    201 Time=  5.47759E-01 Dt=  4.83919E-06 [hour] conv_reason: 4
  newton =   2 [     386] linear =     4 [       798] cuts =  0 [   0]
  --> SNES Linear/Non-Linear Iterations = 4 / 2
  --> SNES Residual: 0.940231E-05 0.179177E-09 0.762939E-05
  --> max change: dpmx=   2.9926E+02

== GEOMECHANICS ================================================================

 Step    201 Time=  5.47759E-01 Dt=  4.83919E-06 [hour] conv_reason: 2
  linear =   140 [     28554] cuts =  0 [   0]

== RICHARDS FLOW ===============================================================
  0 2r: 2.23E-02 2x: 0.00E+00 2u: 0.00E+00 ir: 2.16E-02 iu: 0.00E+00 rsn:   0
  1 2r: 9.24E-06 2x: 1.72E+09 2u: 8.97E+02 ir: 7.63E-06 iu: 2.99E+02 rsn:   0
  2 2r: 9.24E-06 2x: 1.72E+09 2u: 1.74E-02 ir: 7.63E-06 iu: 5.80E-03 rsn: stol

 Step    202 Time=  5.47764E-01 Dt=  4.84433E-06 [hour] conv_reason: 4
  newton =   2 [     388] linear =     4 [       802] cuts =  0 [   0]
  --> SNES Linear/Non-Linear Iterations = 4 / 2
  --> SNES Residual: 0.924051E-05 0.176094E-09 0.762939E-05
  --> max change: dpmx=   2.9926E+02

== GEOMECHANICS ================================================================

 Step    202 Time=  5.47764E-01 Dt=  4.84433E-06 [hour] conv_reason: 2
  linear =   142 [     28696] cuts =  0 [   0]

== RICHARDS FLOW ===============================================================
  0 2r: 2.23E-02 2x: 0.00E+00 2u: 0.00E+00 ir: 2.16E-02 iu: 0.00E+00 rsn:   0
  1 2r: 1.26E-05 2x: 1.72E+09 2u: 8.97E+02 ir: 1.14E-05 iu: 2.99E+02 rsn:   0
  2 2r: 9.29E-06 2x: 1.72E+09 2u: 1.74E-02 ir: 7.63E-06 iu: 5.81E-03 rsn: stol

 Step    203 Time=  5.47769E-01 Dt=  4.84947E-06 [hour] conv_reason: 4
  newton =   2 [     390] linear =     4 [       806] cuts =  0 [   0]
  --> SNES Linear/Non-Linear Iterations = 4 / 2
  --> SNES Residual: 0.928723E-05 0.176984E-09 0.762939E-05
  --> max change: dpmx=   2.9926E+02

== GEOMECHANICS ================================================================

 Step    203 Time=  5.47769E-01 Dt=  4.84947E-06 [hour] conv_reason: 2
  linear =   135 [     28831] cuts =  0 [   0]

== RICHARDS FLOW ===============================================================
  0 2r: 2.23E-02 2x: 0.00E+00 2u: 0.00E+00 ir: 2.16E-02 iu: 0.00E+00 rsn:   0
  1 2r: 5.31E-06 2x: 1.72E+09 2u: 8.97E+02 ir: 3.22E-06 iu: 2.99E+02 rsn:   0
  2 2r: 5.29E-06 2x: 1.72E+09 2u: 1.74E-02 ir: 3.22E-06 iu: 5.81E-03 rsn: stol

 Step    204 Time=  5.47774E-01 Dt=  4.85463E-06 [hour] conv_reason: 4
  newton =   2 [     392] linear =     4 [       810] cuts =  0 [   0]
  --> SNES Linear/Non-Linear Iterations = 4 / 2
  --> SNES Residual: 0.529334E-05 0.100874E-09 0.321865E-05
  --> max change: dpmx=   2.9926E+02

== GEOMECHANICS ================================================================

 Step    204 Time=  5.47774E-01 Dt=  4.85463E-06 [hour] conv_reason: 2
  linear =   138 [     28969] cuts =  0 [   0]

== RICHARDS FLOW ===============================================================
  0 2r: 2.23E-02 2x: 0.00E+00 2u: 0.00E+00 ir: 2.16E-02 iu: 0.00E+00 rsn:   0
  1 2r: 5.59E-06 2x: 1.72E+09 2u: 8.97E+02 ir: 3.22E-06 iu: 2.99E+02 rsn:   0
  2 2r: 5.47E-06 2x: 1.72E+09 2u: 1.75E-02 ir: 3.22E-06 iu: 5.82E-03 rsn: stol

 Step    205 Time=  5.47778E-01 Dt=  4.85980E-06 [hour] conv_reason: 4
  newton =   2 [     394] linear =     4 [       814] cuts =  0 [   0]
  --> SNES Linear/Non-Linear Iterations = 4 / 2
  --> SNES Residual: 0.547319E-05 0.104301E-09 0.321865E-05
  --> max change: dpmx=   2.9926E+02

== GEOMECHANICS ================================================================

 Step    205 Time=  5.47778E-01 Dt=  4.85980E-06 [hour] conv_reason: 2
  linear =   148 [     29117] cuts =  0 [   0]

== RICHARDS FLOW ===============================================================
  0 2r: 2.23E-02 2x: 0.00E+00 2u: 0.00E+00 ir: 2.16E-02 iu: 0.00E+00 rsn:   0
  1 2r: 6.73E-06 2x: 1.72E+09 2u: 8.97E+02 ir: 3.81E-06 iu: 2.99E+02 rsn:   0
  2 2r: 5.45E-06 2x: 1.72E+09 2u: 1.75E-02 ir: 3.22E-06 iu: 5.83E-03 rsn: stol

 Step    206 Time=  5.47783E-01 Dt=  4.86498E-06 [hour] conv_reason: 4
  newton =   2 [     396] linear =     4 [       818] cuts =  0 [   0]
  --> SNES Linear/Non-Linear Iterations = 4 / 2
  --> SNES Residual: 0.544695E-05 0.103801E-09 0.321865E-05
  --> max change: dpmx=   2.9926E+02

== GEOMECHANICS ================================================================

 Step    206 Time=  5.47783E-01 Dt=  4.86498E-06 [hour] conv_reason: 2
  linear =   154 [     29271] cuts =  0 [   0]

== RICHARDS FLOW ===============================================================
  0 2r: 2.23E-02 2x: 0.00E+00 2u: 0.00E+00 ir: 2.16E-02 iu: 0.00E+00 rsn:   0
  1 2r: 1.26E-05 2x: 1.72E+09 2u: 8.97E+02 ir: 1.14E-05 iu: 2.99E+02 rsn:   0
  2 2r: 1.26E-05 2x: 1.72E+09 2u: 1.75E-02 ir: 1.14E-05 iu: 5.83E-03 rsn: stol

 Step    207 Time=  5.47788E-01 Dt=  4.87018E-06 [hour] conv_reason: 4
  newton =   2 [     398] linear =     4 [       822] cuts =  0 [   0]
  --> SNES Linear/Non-Linear Iterations = 4 / 2
  --> SNES Residual: 0.125867E-04 0.239861E-09 0.114441E-04
  --> max change: dpmx=   2.9926E+02

== GEOMECHANICS ================================================================

 Step    207 Time=  5.47788E-01 Dt=  4.87018E-06 [hour] conv_reason: 2
  linear =   159 [     29430] cuts =  0 [   0]

== RICHARDS FLOW ===============================================================
  0 2r: 2.23E-02 2x: 0.00E+00 2u: 0.00E+00 ir: 2.16E-02 iu: 0.00E+00 rsn:   0
  1 2r: 6.72E-06 2x: 1.72E+09 2u: 8.97E+02 ir: 3.81E-06 iu: 2.99E+02 rsn:   0
  2 2r: 6.64E-06 2x: 1.72E+09 2u: 1.75E-02 ir: 3.81E-06 iu: 5.84E-03 rsn: stol

 Step    208 Time=  5.47793E-01 Dt=  4.87538E-06 [hour] conv_reason: 4
  newton =   2 [     400] linear =     4 [       826] cuts =  0 [   0]
  --> SNES Linear/Non-Linear Iterations = 4 / 2
  --> SNES Residual: 0.664167E-05 0.126568E-09 0.381470E-05
  --> max change: dpmx=   2.9926E+02

== GEOMECHANICS ================================================================

 Step    208 Time=  5.47793E-01 Dt=  4.87538E-06 [hour] conv_reason: 2
  linear =   136 [     29566] cuts =  0 [   0]

== RICHARDS FLOW ===============================================================
  0 2r: 2.23E-02 2x: 0.00E+00 2u: 0.00E+00 ir: 2.16E-02 iu: 0.00E+00 rsn:   0
  1 2r: 1.27E-05 2x: 1.72E+09 2u: 8.97E+02 ir: 1.14E-05 iu: 2.99E+02 rsn:   0
  2 2r: 1.27E-05 2x: 1.72E+09 2u: 1.75E-02 ir: 1.14E-05 iu: 5.84E-03 rsn: stol

 Step    209 Time=  5.47798E-01 Dt=  4.88059E-06 [hour] conv_reason: 4
  newton =   2 [     402] linear =     4 [       830] cuts =  0 [   0]
  --> SNES Linear/Non-Linear Iterations = 4 / 2
  --> SNES Residual: 0.127378E-04 0.242740E-09 0.114441E-04
  --> max change: dpmx=   2.9926E+02

== GEOMECHANICS ================================================================

 Step    209 Time=  5.47798E-01 Dt=  4.88059E-06 [hour] conv_reason: 2
  linear =   153 [     29719] cuts =  0 [   0]

== RICHARDS FLOW ===============================================================
  0 2r: 2.23E-02 2x: 0.00E+00 2u: 0.00E+00 ir: 2.16E-02 iu: 0.00E+00 rsn:   0
  1 2r: 5.74E-06 2x: 1.72E+09 2u: 8.97E+02 ir: 3.22E-06 iu: 2.99E+02 rsn:   0
  2 2r: 5.74E-06 2x: 1.72E+09 2u: 1.75E-02 ir: 3.22E-06 iu: 5.85E-03 rsn: stol

 Step    210 Time=  5.47803E-01 Dt=  4.88582E-06 [hour] conv_reason: 4
  newton =   2 [     404] linear =     4 [       834] cuts =  0 [   0]
  --> SNES Linear/Non-Linear Iterations = 4 / 2
  --> SNES Residual: 0.573730E-05 0.109334E-09 0.321865E-05
  --> max change: dpmx=   2.9926E+02

== GEOMECHANICS ================================================================

 Step    210 Time=  5.47803E-01 Dt=  4.88582E-06 [hour] conv_reason: 2
  linear =   150 [     29869] cuts =  0 [   0]

== RICHARDS FLOW ===============================================================
  0 2r: 2.23E-02 2x: 0.00E+00 2u: 0.00E+00 ir: 2.16E-02 iu: 0.00E+00 rsn:   0
  1 2r: 6.73E-06 2x: 1.72E+09 2u: 8.97E+02 ir: 3.81E-06 iu: 2.99E+02 rsn:   0
  2 2r: 6.65E-06 2x: 1.72E+09 2u: 1.76E-02 ir: 3.81E-06 iu: 5.86E-03 rsn: stol

 Step    211 Time=  5.47808E-01 Dt=  4.89105E-06 [hour] conv_reason: 4
  newton =   2 [     406] linear =     4 [       838] cuts =  0 [   0]
  --> SNES Linear/Non-Linear Iterations = 4 / 2
  --> SNES Residual: 0.665172E-05 0.126760E-09 0.381470E-05
  --> max change: dpmx=   2.9926E+02

== GEOMECHANICS ================================================================

 Step    211 Time=  5.47808E-01 Dt=  4.89105E-06 [hour] conv_reason: 2
  linear =   140 [     30009] cuts =  0 [   0]

== RICHARDS FLOW ===============================================================
  0 2r: 2.24E-02 2x: 0.00E+00 2u: 0.00E+00 ir: 2.16E-02 iu: 0.00E+00 rsn:   0
  1 2r: 9.65E-06 2x: 1.72E+09 2u: 8.97E+02 ir: 7.63E-06 iu: 2.99E+02 rsn:   0
  2 2r: 9.60E-06 2x: 1.72E+09 2u: 1.76E-02 ir: 7.63E-06 iu: 5.86E-03 rsn: stol

 Step    212 Time=  5.47813E-01 Dt=  4.89630E-06 [hour] conv_reason: 4
  newton =   2 [     408] linear =     4 [       842] cuts =  0 [   0]
  --> SNES Linear/Non-Linear Iterations = 4 / 2
  --> SNES Residual: 0.960435E-05 0.183027E-09 0.762939E-05
  --> max change: dpmx=   2.9926E+02

== GEOMECHANICS ================================================================

 Step    212 Time=  5.47813E-01 Dt=  4.89630E-06 [hour] conv_reason: 2
  linear =   142 [     30151] cuts =  0 [   0]

== RICHARDS FLOW ===============================================================
  0 2r: 2.24E-02 2x: 0.00E+00 2u: 0.00E+00 ir: 2.16E-02 iu: 0.00E+00 rsn:   0
  1 2r: 9.44E-06 2x: 1.72E+09 2u: 8.97E+02 ir: 7.63E-06 iu: 2.99E+02 rsn:   0
  2 2r: 9.43E-06 2x: 1.72E+09 2u: 1.76E-02 ir: 7.63E-06 iu: 5.87E-03 rsn: stol

 Step    213 Time=  5.47817E-01 Dt=  4.90156E-06 [hour] conv_reason: 4
  newton =   2 [     410] linear =     4 [       846] cuts =  0 [   0]
  --> SNES Linear/Non-Linear Iterations = 4 / 2
  --> SNES Residual: 0.943162E-05 0.179735E-09 0.762939E-05
  --> max change: dpmx=   2.9926E+02

== GEOMECHANICS ================================================================

 Step    213 Time=  5.47817E-01 Dt=  4.90156E-06 [hour] conv_reason: 2
  linear =   141 [     30292] cuts =  0 [   0]

== RICHARDS FLOW ===============================================================
  0 2r: 2.24E-02 2x: 0.00E+00 2u: 0.00E+00 ir: 2.16E-02 iu: 0.00E+00 rsn:   0
  1 2r: 9.49E-06 2x: 1.72E+09 2u: 8.97E+02 ir: 7.63E-06 iu: 2.99E+02 rsn:   0
  2 2r: 9.48E-06 2x: 1.72E+09 2u: 1.76E-02 ir: 7.63E-06 iu: 5.88E-03 rsn: stol

 Step    214 Time=  5.47822E-01 Dt=  4.90683E-06 [hour] conv_reason: 4
  newton =   2 [     412] linear =     4 [       850] cuts =  0 [   0]
  --> SNES Linear/Non-Linear Iterations = 4 / 2
  --> SNES Residual: 0.947647E-05 0.180590E-09 0.762939E-05
  --> max change: dpmx=   2.9926E+02

== GEOMECHANICS ================================================================

 Step    214 Time=  5.47822E-01 Dt=  4.90683E-06 [hour] conv_reason: 2
  linear =   140 [     30432] cuts =  0 [   0]

== RICHARDS FLOW ===============================================================
  0 2r: 2.24E-02 2x: 0.00E+00 2u: 0.00E+00 ir: 2.16E-02 iu: 0.00E+00 rsn:   0
  1 2r: 9.44E-06 2x: 1.72E+09 2u: 8.97E+02 ir: 7.63E-06 iu: 2.99E+02 rsn:   0
  2 2r: 9.39E-06 2x: 1.72E+09 2u: 1.76E-02 ir: 7.63E-06 iu: 5.88E-03 rsn: stol

 Step    215 Time=  5.47827E-01 Dt=  4.91211E-06 [hour] conv_reason: 4
  newton =   2 [     414] linear =     4 [       854] cuts =  0 [   0]
  --> SNES Linear/Non-Linear Iterations = 4 / 2
  --> SNES Residual: 0.938938E-05 0.178931E-09 0.762939E-05
  --> max change: dpmx=   2.9925E+02

== GEOMECHANICS ================================================================

 Step    215 Time=  5.47827E-01 Dt=  4.91211E-06 [hour] conv_reason: 2
  linear =   141 [     30573] cuts =  0 [   0]

== RICHARDS FLOW ===============================================================
  0 2r: 2.24E-02 2x: 0.00E+00 2u: 0.00E+00 ir: 2.17E-02 iu: 0.00E+00 rsn:   0
  1 2r: 9.63E-06 2x: 1.72E+09 2u: 8.97E+02 ir: 7.63E-06 iu: 2.99E+02 rsn:   0
  2 2r: 9.61E-06 2x: 1.72E+09 2u: 1.77E-02 ir: 7.63E-06 iu: 5.89E-03 rsn: stol

 Step    216 Time=  5.47832E-01 Dt=  4.91740E-06 [hour] conv_reason: 4
  newton =   2 [     416] linear =     4 [       858] cuts =  0 [   0]
  --> SNES Linear/Non-Linear Iterations = 4 / 2
  --> SNES Residual: 0.960623E-05 0.183063E-09 0.762939E-05
  --> max change: dpmx=   2.9925E+02

== GEOMECHANICS ================================================================

 Step    216 Time=  5.47832E-01 Dt=  4.91740E-06 [hour] conv_reason: 2
  linear =   138 [     30711] cuts =  0 [   0]

== RICHARDS FLOW ===============================================================
  0 2r: 2.24E-02 2x: 0.00E+00 2u: 0.00E+00 ir: 2.17E-02 iu: 0.00E+00 rsn:   0
  1 2r: 9.47E-06 2x: 1.72E+09 2u: 8.97E+02 ir: 7.63E-06 iu: 2.99E+02 rsn:   0
  2 2r: 9.46E-06 2x: 1.72E+09 2u: 1.77E-02 ir: 7.63E-06 iu: 5.90E-03 rsn: stol

 Step    217 Time=  5.47837E-01 Dt=  4.92271E-06 [hour] conv_reason: 4
  newton =   2 [     418] linear =     4 [       862] cuts =  0 [   0]
  --> SNES Linear/Non-Linear Iterations = 4 / 2
  --> SNES Residual: 0.945928E-05 0.180263E-09 0.762939E-05
  --> max change: dpmx=   2.9925E+02

== GEOMECHANICS ================================================================

 Step    217 Time=  5.47837E-01 Dt=  4.92271E-06 [hour] conv_reason: 2
  linear =   148 [     30859] cuts =  0 [   0]

== RICHARDS FLOW ===============================================================
  0 2r: 2.24E-02 2x: 0.00E+00 2u: 0.00E+00 ir: 2.17E-02 iu: 0.00E+00 rsn:   0
  1 2r: 9.59E-06 2x: 1.72E+09 2u: 8.97E+02 ir: 7.63E-06 iu: 2.99E+02 rsn:   0
  2 2r: 9.58E-06 2x: 1.72E+09 2u: 1.77E-02 ir: 7.63E-06 iu: 5.90E-03 rsn: stol

 Step    218 Time=  5.47842E-01 Dt=  4.92802E-06 [hour] conv_reason: 4
  newton =   2 [     420] linear =     4 [       866] cuts =  0 [   0]
  --> SNES Linear/Non-Linear Iterations = 4 / 2
  --> SNES Residual: 0.958101E-05 0.182582E-09 0.762939E-05
  --> max change: dpmx=   2.9925E+02

== GEOMECHANICS ================================================================

 Step    218 Time=  5.47842E-01 Dt=  4.92802E-06 [hour] conv_reason: 2
  linear =   146 [     31005] cuts =  0 [   0]

== RICHARDS FLOW ===============================================================
  0 2r: 2.24E-02 2x: 0.00E+00 2u: 0.00E+00 ir: 2.17E-02 iu: 0.00E+00 rsn:   0
  1 2r: 9.78E-06 2x: 1.72E+09 2u: 8.97E+02 ir: 7.63E-06 iu: 2.99E+02 rsn:   0
  2 2r: 9.76E-06 2x: 1.72E+09 2u: 1.77E-02 ir: 7.63E-06 iu: 5.91E-03 rsn: stol

 Step    219 Time=  5.47847E-01 Dt=  4.93335E-06 [hour] conv_reason: 4
  newton =   2 [     422] linear =     4 [       870] cuts =  0 [   0]
  --> SNES Linear/Non-Linear Iterations = 4 / 2
  --> SNES Residual: 0.975700E-05 0.185936E-09 0.762939E-05
  --> max change: dpmx=   2.9925E+02

== GEOMECHANICS ================================================================

 Step    219 Time=  5.47847E-01 Dt=  4.93335E-06 [hour] conv_reason: 2
  linear =   140 [     31145] cuts =  0 [   0]

== RICHARDS FLOW ===============================================================
  0 2r: 2.24E-02 2x: 0.00E+00 2u: 0.00E+00 ir: 2.17E-02 iu: 0.00E+00 rsn:   0
  1 2r: 9.63E-06 2x: 1.72E+09 2u: 8.97E+02 ir: 7.63E-06 iu: 2.99E+02 rsn:   0
  2 2r: 9.62E-06 2x: 1.72E+09 2u: 1.77E-02 ir: 7.63E-06 iu: 5.92E-03 rsn: stol

 Step    220 Time=  5.47852E-01 Dt=  4.93869E-06 [hour] conv_reason: 4
  newton =   2 [     424] linear =     4 [       874] cuts =  0 [   0]
  --> SNES Linear/Non-Linear Iterations = 4 / 2
  --> SNES Residual: 0.961578E-05 0.183245E-09 0.762939E-05
  --> max change: dpmx=   2.9925E+02

== GEOMECHANICS ================================================================

 Step    220 Time=  5.47852E-01 Dt=  4.93869E-06 [hour] conv_reason: 2
  linear =   142 [     31287] cuts =  0 [   0]

== RICHARDS FLOW ===============================================================
  0 2r: 2.24E-02 2x: 0.00E+00 2u: 0.00E+00 ir: 2.17E-02 iu: 0.00E+00 rsn:   0
  1 2r: 9.63E-06 2x: 1.72E+09 2u: 8.97E+02 ir: 7.63E-06 iu: 2.99E+02 rsn:   0
  2 2r: 9.76E-06 2x: 1.72E+09 2u: 1.78E-02 ir: 7.63E-06 iu: 5.92E-03 rsn: stol

 Step    221 Time=  5.47857E-01 Dt=  4.94404E-06 [hour] conv_reason: 4
  newton =   2 [     426] linear =     4 [       878] cuts =  0 [   0]
  --> SNES Linear/Non-Linear Iterations = 4 / 2
  --> SNES Residual: 0.975941E-05 0.185982E-09 0.762939E-05
  --> max change: dpmx=   2.9925E+02

== GEOMECHANICS ================================================================

 Step    221 Time=  5.47857E-01 Dt=  4.94404E-06 [hour] conv_reason: 2
  linear =   137 [     31424] cuts =  0 [   0]

== RICHARDS FLOW ===============================================================
  0 2r: 2.24E-02 2x: 0.00E+00 2u: 0.00E+00 ir: 2.17E-02 iu: 0.00E+00 rsn:   0
  1 2r: 1.28E-05 2x: 1.72E+09 2u: 8.97E+02 ir: 1.14E-05 iu: 2.99E+02 rsn:   0
  2 2r: 9.50E-06 2x: 1.72E+09 2u: 1.78E-02 ir: 7.63E-06 iu: 5.93E-03 rsn: stol

 Step    222 Time=  5.47862E-01 Dt=  4.94940E-06 [hour] conv_reason: 4
  newton =   2 [     428] linear =     4 [       882] cuts =  0 [   0]
  --> SNES Linear/Non-Linear Iterations = 4 / 2
  --> SNES Residual: 0.949562E-05 0.180955E-09 0.762939E-05
  --> max change: dpmx=   2.9925E+02

== GEOMECHANICS ================================================================

 Step    222 Time=  5.47862E-01 Dt=  4.94940E-06 [hour] conv_reason: 2
  linear =   143 [     31567] cuts =  0 [   0]

== RICHARDS FLOW ===============================================================
  0 2r: 2.24E-02 2x: 0.00E+00 2u: 0.00E+00 ir: 2.17E-02 iu: 0.00E+00 rsn:   0
  1 2r: 6.15E-06 2x: 1.72E+09 2u: 8.97E+02 ir: 3.22E-06 iu: 2.99E+02 rsn:   0
  2 2r: 6.14E-06 2x: 1.72E+09 2u: 1.78E-02 ir: 3.22E-06 iu: 5.93E-03 rsn: stol

 Step    223 Time=  5.47867E-01 Dt=  4.95477E-06 [hour] conv_reason: 4
  newton =   2 [     430] linear =     4 [       886] cuts =  0 [   0]
  --> SNES Linear/Non-Linear Iterations = 4 / 2
  --> SNES Residual: 0.613635E-05 0.116939E-09 0.321865E-05
  --> max change: dpmx=   2.9925E+02

== GEOMECHANICS ================================================================

 Step    223 Time=  5.47867E-01 Dt=  4.95477E-06 [hour] conv_reason: 2
  linear =   144 [     31711] cuts =  0 [   0]

== RICHARDS FLOW ===============================================================
  0 2r: 2.24E-02 2x: 0.00E+00 2u: 0.00E+00 ir: 2.17E-02 iu: 0.00E+00 rsn:   0
  1 2r: 6.92E-06 2x: 1.72E+09 2u: 8.97E+02 ir: 3.81E-06 iu: 2.99E+02 rsn:   0
  2 2r: 5.77E-06 2x: 1.72E+09 2u: 1.78E-02 ir: 3.22E-06 iu: 5.94E-03 rsn: stol

 Step    224 Time=  5.47872E-01 Dt=  4.96016E-06 [hour] conv_reason: 4
  newton =   2 [     432] linear =     4 [       890] cuts =  0 [   0]
  --> SNES Linear/Non-Linear Iterations = 4 / 2
  --> SNES Residual: 0.576641E-05 0.109889E-09 0.321865E-05
  --> max change: dpmx=   2.9925E+02

== GEOMECHANICS ================================================================

 Step    224 Time=  5.47872E-01 Dt=  4.96016E-06 [hour] conv_reason: 2
  linear =   139 [     31850] cuts =  0 [   0]

== RICHARDS FLOW ===============================================================
  0 2r: 2.24E-02 2x: 0.00E+00 2u: 0.00E+00 ir: 2.17E-02 iu: 0.00E+00 rsn:   0
  1 2r: 7.18E-06 2x: 1.72E+09 2u: 8.97E+02 ir: 3.81E-06 iu: 2.99E+02 rsn:   0
  2 2r: 9.73E-06 2x: 1.72E+09 2u: 1.78E-02 ir: 7.63E-06 iu: 5.95E-03 rsn: stol

 Step    225 Time=  5.47877E-01 Dt=  4.96556E-06 [hour] conv_reason: 4
  newton =   2 [     434] linear =     4 [       894] cuts =  0 [   0]
  --> SNES Linear/Non-Linear Iterations = 4 / 2
  --> SNES Residual: 0.973469E-05 0.185511E-09 0.762939E-05
  --> max change: dpmx=   2.9925E+02

== GEOMECHANICS ================================================================

 Step    225 Time=  5.47877E-01 Dt=  4.96556E-06 [hour] conv_reason: 2
  linear =   142 [     31992] cuts =  0 [   0]

== RICHARDS FLOW ===============================================================
  0 2r: 2.24E-02 2x: 0.00E+00 2u: 0.00E+00 ir: 2.17E-02 iu: 0.00E+00 rsn:   0
  1 2r: 6.06E-06 2x: 1.72E+09 2u: 8.97E+02 ir: 3.22E-06 iu: 2.99E+02 rsn:   0
  2 2r: 6.05E-06 2x: 1.72E+09 2u: 1.79E-02 ir: 3.22E-06 iu: 5.95E-03 rsn: stol

 Step    226 Time=  5.47882E-01 Dt=  4.97096E-06 [hour] conv_reason: 4
  newton =   2 [     436] linear =     4 [       898] cuts =  0 [   0]
  --> SNES Linear/Non-Linear Iterations = 4 / 2
  --> SNES Residual: 0.605270E-05 0.115345E-09 0.321865E-05
  --> max change: dpmx=   2.9925E+02

== GEOMECHANICS ================================================================

 Step    226 Time=  5.47882E-01 Dt=  4.97096E-06 [hour] conv_reason: 2
  linear =   136 [     32128] cuts =  0 [   0]

== RICHARDS FLOW ===============================================================
  0 2r: 2.24E-02 2x: 0.00E+00 2u: 0.00E+00 ir: 2.17E-02 iu: 0.00E+00 rsn:   0
  1 2r: 7.32E-06 2x: 1.72E+09 2u: 8.97E+02 ir: 3.81E-06 iu: 2.99E+02 rsn:   0
  2 2r: 6.24E-06 2x: 1.72E+09 2u: 1.79E-02 ir: 3.22E-06 iu: 5.96E-03 rsn: stol

 Step    227 Time=  5.47887E-01 Dt=  4.97638E-06 [hour] conv_reason: 4
  newton =   2 [     438] linear =     4 [       902] cuts =  0 [   0]
  --> SNES Linear/Non-Linear Iterations = 4 / 2
  --> SNES Residual: 0.623859E-05 0.118887E-09 0.321865E-05
  --> max change: dpmx=   2.9925E+02

== GEOMECHANICS ================================================================

 Step    227 Time=  5.47887E-01 Dt=  4.97638E-06 [hour] conv_reason: 2
  linear =   137 [     32265] cuts =  0 [   0]

== RICHARDS FLOW ===============================================================
  0 2r: 2.24E-02 2x: 0.00E+00 2u: 0.00E+00 ir: 2.17E-02 iu: 0.00E+00 rsn:   0
  1 2r: 5.86E-06 2x: 1.72E+09 2u: 8.97E+02 ir: 3.22E-06 iu: 2.99E+02 rsn:   0
  2 2r: 5.84E-06 2x: 1.72E+09 2u: 1.79E-02 ir: 3.22E-06 iu: 5.97E-03 rsn: stol

 Step    228 Time=  5.47892E-01 Dt=  4.98182E-06 [hour] conv_reason: 4
  newton =   2 [     440] linear =     4 [       906] cuts =  0 [   0]
  --> SNES Linear/Non-Linear Iterations = 4 / 2
  --> SNES Residual: 0.583725E-05 0.111239E-09 0.321865E-05
  --> max change: dpmx=   2.9925E+02

== GEOMECHANICS ================================================================

 Step    228 Time=  5.47892E-01 Dt=  4.98182E-06 [hour] conv_reason: 2
  linear =   139 [     32404] cuts =  0 [   0]

== RICHARDS FLOW ===============================================================
  0 2r: 2.24E-02 2x: 0.00E+00 2u: 0.00E+00 ir: 2.17E-02 iu: 0.00E+00 rsn:   0
  1 2r: 7.19E-06 2x: 1.72E+09 2u: 8.97E+02 ir: 3.81E-06 iu: 2.99E+02 rsn:   0
  2 2r: 9.76E-06 2x: 1.72E+09 2u: 1.79E-02 ir: 7.63E-06 iu: 5.97E-03 rsn: stol

 Step    229 Time=  5.47897E-01 Dt=  4.98726E-06 [hour] conv_reason: 4
  newton =   2 [     442] linear =     4 [       910] cuts =  0 [   0]
  --> SNES Linear/Non-Linear Iterations = 4 / 2
  --> SNES Residual: 0.975909E-05 0.185976E-09 0.762939E-05
  --> max change: dpmx=   2.9925E+02

== GEOMECHANICS ================================================================

 Step    229 Time=  5.47897E-01 Dt=  4.98726E-06 [hour] conv_reason: 2
  linear =   143 [     32547] cuts =  0 [   0]

== RICHARDS FLOW ===============================================================
  0 2r: 2.24E-02 2x: 0.00E+00 2u: 0.00E+00 ir: 2.17E-02 iu: 0.00E+00 rsn:   0
  1 2r: 7.42E-06 2x: 1.72E+09 2u: 8.97E+02 ir: 3.81E-06 iu: 2.99E+02 rsn:   0
  2 2r: 7.41E-06 2x: 1.72E+09 2u: 1.79E-02 ir: 3.81E-06 iu: 5.98E-03 rsn: stol

 Step    230 Time=  5.47902E-01 Dt=  4.99272E-06 [hour] conv_reason: 4
  newton =   2 [     444] linear =     4 [       914] cuts =  0 [   0]
  --> SNES Linear/Non-Linear Iterations = 4 / 2
  --> SNES Residual: 0.740736E-05 0.141160E-09 0.381470E-05
  --> max change: dpmx=   2.9924E+02

== GEOMECHANICS ================================================================

 Step    230 Time=  5.47902E-01 Dt=  4.99272E-06 [hour] conv_reason: 2
  linear =   147 [     32694] cuts =  0 [   0]

== RICHARDS FLOW ===============================================================
  0 2r: 2.24E-02 2x: 0.00E+00 2u: 0.00E+00 ir: 2.17E-02 iu: 0.00E+00 rsn:   0
  1 2r: 9.80E-06 2x: 1.72E+09 2u: 8.97E+02 ir: 7.63E-06 iu: 2.99E+02 rsn:   0
  2 2r: 6.07E-06 2x: 1.72E+09 2u: 1.80E-02 ir: 3.22E-06 iu: 5.99E-03 rsn: stol

 Step    231 Time=  5.47907E-01 Dt=  4.99818E-06 [hour] conv_reason: 4
  newton =   2 [     446] linear =     4 [       918] cuts =  0 [   0]
  --> SNES Linear/Non-Linear Iterations = 4 / 2
  --> SNES Residual: 0.606708E-05 0.115619E-09 0.321865E-05
  --> max change: dpmx=   2.9924E+02

== GEOMECHANICS ================================================================

 Step    231 Time=  5.47907E-01 Dt=  4.99818E-06 [hour] conv_reason: 2
  linear =   140 [     32834] cuts =  0 [   0]

== RICHARDS FLOW ===============================================================
  0 2r: 2.24E-02 2x: 0.00E+00 2u: 0.00E+00 ir: 2.17E-02 iu: 0.00E+00 rsn:   0
  1 2r: 7.34E-06 2x: 1.72E+09 2u: 8.97E+02 ir: 3.81E-06 iu: 2.99E+02 rsn:   0
  2 2r: 9.83E-06 2x: 1.72E+09 2u: 1.80E-02 ir: 7.63E-06 iu: 5.99E-03 rsn: stol

 Step    232 Time=  5.47912E-01 Dt=  5.00366E-06 [hour] conv_reason: 4
  newton =   2 [     448] linear =     4 [       922] cuts =  0 [   0]
  --> SNES Linear/Non-Linear Iterations = 4 / 2
  --> SNES Residual: 0.982520E-05 0.187236E-09 0.762939E-05
  --> max change: dpmx=   2.9924E+02

== GEOMECHANICS ================================================================

 Step    232 Time=  5.47912E-01 Dt=  5.00366E-06 [hour] conv_reason: 2
  linear =   140 [     32974] cuts =  0 [   0]

== RICHARDS FLOW ===============================================================
  0 2r: 2.24E-02 2x: 0.00E+00 2u: 0.00E+00 ir: 2.17E-02 iu: 0.00E+00 rsn:   0
  1 2r: 7.29E-06 2x: 1.72E+09 2u: 8.97E+02 ir: 3.81E-06 iu: 2.99E+02 rsn:   0
  2 2r: 7.28E-06 2x: 1.72E+09 2u: 1.80E-02 ir: 3.81E-06 iu: 6.00E-03 rsn: stol

 Step    233 Time=  5.47917E-01 Dt=  5.00915E-06 [hour] conv_reason: 4
  newton =   2 [     450] linear =     4 [       926] cuts =  0 [   0]
  --> SNES Linear/Non-Linear Iterations = 4 / 2
  --> SNES Residual: 0.727644E-05 0.138665E-09 0.381470E-05
  --> max change: dpmx=   2.9924E+02

== GEOMECHANICS ================================================================

 Step    233 Time=  5.47917E-01 Dt=  5.00915E-06 [hour] conv_reason: 2
  linear =   142 [     33116] cuts =  0 [   0]

== RICHARDS FLOW ===============================================================
  0 2r: 2.24E-02 2x: 0.00E+00 2u: 0.00E+00 ir: 2.17E-02 iu: 0.00E+00 rsn:   0
  1 2r: 7.49E-06 2x: 1.72E+09 2u: 8.97E+02 ir: 3.81E-06 iu: 2.99E+02 rsn:   0
  2 2r: 1.00E-05 2x: 1.72E+09 2u: 1.80E-02 ir: 7.63E-06 iu: 6.01E-03 rsn: stol

 Step    234 Time=  5.47922E-01 Dt=  5.01466E-06 [hour] conv_reason: 4
  newton =   2 [     452] linear =     4 [       930] cuts =  0 [   0]
  --> SNES Linear/Non-Linear Iterations = 4 / 2
  --> SNES Residual: 0.999781E-05 0.190525E-09 0.762939E-05
  --> max change: dpmx=   2.9924E+02

== GEOMECHANICS ================================================================

 Step    234 Time=  5.47922E-01 Dt=  5.01466E-06 [hour] conv_reason: 2
  linear =   138 [     33254] cuts =  0 [   0]

== RICHARDS FLOW ===============================================================
  0 2r: 2.24E-02 2x: 0.00E+00 2u: 0.00E+00 ir: 2.17E-02 iu: 0.00E+00 rsn:   0
  1 2r: 9.95E-06 2x: 1.72E+09 2u: 8.97E+02 ir: 7.63E-06 iu: 2.99E+02 rsn:   0
  2 2r: 7.32E-06 2x: 1.72E+09 2u: 1.80E-02 ir: 3.81E-06 iu: 6.01E-03 rsn: stol

 Step    235 Time=  5.47927E-01 Dt=  5.02017E-06 [hour] conv_reason: 4
  newton =   2 [     454] linear =     4 [       934] cuts =  0 [   0]
  --> SNES Linear/Non-Linear Iterations = 4 / 2
  --> SNES Residual: 0.731881E-05 0.139472E-09 0.381470E-05
  --> max change: dpmx=   2.9924E+02

== GEOMECHANICS ================================================================

 Step    235 Time=  5.47927E-01 Dt=  5.02017E-06 [hour] conv_reason: 2
  linear =   147 [     33401] cuts =  0 [   0]

== RICHARDS FLOW ===============================================================
  0 2r: 2.24E-02 2x: 0.00E+00 2u: 0.00E+00 ir: 2.17E-02 iu: 0.00E+00 rsn:   0
  1 2r: 7.31E-06 2x: 1.72E+09 2u: 8.97E+02 ir: 3.81E-06 iu: 2.99E+02 rsn:   0
  2 2r: 7.25E-06 2x: 1.72E+09 2u: 1.81E-02 ir: 3.81E-06 iu: 6.02E-03 rsn: stol

 Step    236 Time=  5.47932E-01 Dt=  5.02570E-06 [hour] conv_reason: 4
  newton =   2 [     456] linear =     4 [       938] cuts =  0 [   0]
  --> SNES Linear/Non-Linear Iterations = 4 / 2
  --> SNES Residual: 0.724742E-05 0.138112E-09 0.381470E-05
  --> max change: dpmx=   2.9924E+02

== GEOMECHANICS ================================================================

 Step    236 Time=  5.47932E-01 Dt=  5.02570E-06 [hour] conv_reason: 2
  linear =   154 [     33555] cuts =  0 [   0]

== RICHARDS FLOW ===============================================================
  0 2r: 2.24E-02 2x: 0.00E+00 2u: 0.00E+00 ir: 2.17E-02 iu: 0.00E+00 rsn:   0
  1 2r: 7.71E-06 2x: 1.72E+09 2u: 8.97E+02 ir: 3.81E-06 iu: 2.99E+02 rsn:   0
  2 2r: 1.01E-05 2x: 1.72E+09 2u: 1.81E-02 ir: 7.63E-06 iu: 6.03E-03 rsn: stol

 Step    237 Time=  5.47937E-01 Dt=  5.03124E-06 [hour] conv_reason: 4
  newton =   2 [     458] linear =     4 [       942] cuts =  0 [   0]
  --> SNES Linear/Non-Linear Iterations = 4 / 2
  --> SNES Residual: 0.101008E-04 0.192487E-09 0.762939E-05
  --> max change: dpmx=   2.9924E+02

== GEOMECHANICS ================================================================

 Step    237 Time=  5.47937E-01 Dt=  5.03124E-06 [hour] conv_reason: 2
  linear =   144 [     33699] cuts =  0 [   0]

== RICHARDS FLOW ===============================================================
  0 2r: 2.24E-02 2x: 0.00E+00 2u: 0.00E+00 ir: 2.17E-02 iu: 0.00E+00 rsn:   0
  1 2r: 1.33E-05 2x: 1.72E+09 2u: 8.97E+02 ir: 1.14E-05 iu: 2.99E+02 rsn:   0
  2 2r: 1.01E-05 2x: 1.72E+09 2u: 1.81E-02 ir: 7.63E-06 iu: 6.03E-03 rsn: stol

 Step    238 Time=  5.47942E-01 Dt=  5.03679E-06 [hour] conv_reason: 4
  newton =   2 [     460] linear =     4 [       946] cuts =  0 [   0]
  --> SNES Linear/Non-Linear Iterations = 4 / 2
  --> SNES Residual: 0.101034E-04 0.192538E-09 0.762939E-05
  --> max change: dpmx=   2.9924E+02

== GEOMECHANICS ================================================================

 Step    238 Time=  5.47942E-01 Dt=  5.03679E-06 [hour] conv_reason: 2
  linear =   149 [     33848] cuts =  0 [   0]

== RICHARDS FLOW ===============================================================
  0 2r: 2.24E-02 2x: 0.00E+00 2u: 0.00E+00 ir: 2.17E-02 iu: 0.00E+00 rsn:   0
  1 2r: 7.26E-06 2x: 1.72E+09 2u: 8.97E+02 ir: 3.81E-06 iu: 2.99E+02 rsn:   0
  2 2r: 9.80E-06 2x: 1.72E+09 2u: 1.81E-02 ir: 7.63E-06 iu: 6.04E-03 rsn: stol

 Step    239 Time=  5.47947E-01 Dt=  5.04236E-06 [hour] conv_reason: 4
  newton =   2 [     462] linear =     4 [       950] cuts =  0 [   0]
  --> SNES Linear/Non-Linear Iterations = 4 / 2
  --> SNES Residual: 0.980217E-05 0.186797E-09 0.762939E-05
  --> max change: dpmx=   2.9924E+02

== GEOMECHANICS ================================================================

 Step    239 Time=  5.47947E-01 Dt=  5.04236E-06 [hour] conv_reason: 2
  linear =   141 [     33989] cuts =  0 [   0]

== RICHARDS FLOW ===============================================================
  0 2r: 2.24E-02 2x: 0.00E+00 2u: 0.00E+00 ir: 2.17E-02 iu: 0.00E+00 rsn:   0
  1 2r: 1.32E-05 2x: 1.72E+09 2u: 8.97E+02 ir: 1.14E-05 iu: 2.99E+02 rsn:   0
  2 2r: 1.01E-05 2x: 1.72E+09 2u: 1.81E-02 ir: 7.63E-06 iu: 6.05E-03 rsn: stol

 Step    240 Time=  5.47952E-01 Dt=  5.04793E-06 [hour] conv_reason: 4
  newton =   2 [     464] linear =     4 [       954] cuts =  0 [   0]
  --> SNES Linear/Non-Linear Iterations = 4 / 2
  --> SNES Residual: 0.100736E-04 0.191970E-09 0.762939E-05
  --> max change: dpmx=   2.9924E+02

== GEOMECHANICS ================================================================

 Step    240 Time=  5.47952E-01 Dt=  5.04793E-06 [hour] conv_reason: 2
  linear =   150 [     34139] cuts =  0 [   0]

== RICHARDS FLOW ===============================================================
  0 2r: 2.24E-02 2x: 0.00E+00 2u: 0.00E+00 ir: 2.17E-02 iu: 0.00E+00 rsn:   0
  1 2r: 6.74E-06 2x: 1.72E+09 2u: 8.97E+02 ir: 3.22E-06 iu: 2.99E+02 rsn:   0
  2 2r: 6.71E-06 2x: 1.72E+09 2u: 1.82E-02 ir: 3.22E-06 iu: 6.05E-03 rsn: stol

 Step    241 Time=  5.47957E-01 Dt=  5.05352E-06 [hour] conv_reason: 4
  newton =   2 [     466] linear =     4 [       958] cuts =  0 [   0]
  --> SNES Linear/Non-Linear Iterations = 4 / 2
  --> SNES Residual: 0.670605E-05 0.127795E-09 0.321865E-05
  --> max change: dpmx=   2.9924E+02

== GEOMECHANICS ================================================================

 Step    241 Time=  5.47957E-01 Dt=  5.05352E-06 [hour] conv_reason: 2
  linear =   136 [     34275] cuts =  0 [   0]

== RICHARDS FLOW ===============================================================
  0 2r: 2.24E-02 2x: 0.00E+00 2u: 0.00E+00 ir: 2.17E-02 iu: 0.00E+00 rsn:   0
  1 2r: 9.93E-06 2x: 1.72E+09 2u: 8.97E+02 ir: 7.63E-06 iu: 2.99E+02 rsn:   0
  2 2r: 9.93E-06 2x: 1.72E+09 2u: 1.82E-02 ir: 7.63E-06 iu: 6.06E-03 rsn: stol

 Step    242 Time=  5.47962E-01 Dt=  5.05913E-06 [hour] conv_reason: 4
  newton =   2 [     468] linear =     4 [       962] cuts =  0 [   0]
  --> SNES Linear/Non-Linear Iterations = 4 / 2
  --> SNES Residual: 0.992706E-05 0.189177E-09 0.762939E-05
  --> max change: dpmx=   2.9924E+02

== GEOMECHANICS ================================================================

 Step    242 Time=  5.47962E-01 Dt=  5.05913E-06 [hour] conv_reason: 2
  linear =   148 [     34423] cuts =  0 [   0]

== RICHARDS FLOW ===============================================================
  0 2r: 2.24E-02 2x: 0.00E+00 2u: 0.00E+00 ir: 2.17E-02 iu: 0.00E+00 rsn:   0
  1 2r: 1.00E-05 2x: 1.72E+09 2u: 8.97E+02 ir: 7.63E-06 iu: 2.99E+02 rsn:   0
  2 2r: 9.94E-06 2x: 1.72E+09 2u: 1.82E-02 ir: 7.63E-06 iu: 6.07E-03 rsn: stol

 Step    243 Time=  5.47967E-01 Dt=  5.06474E-06 [hour] conv_reason: 4
  newton =   2 [     470] linear =     4 [       966] cuts =  0 [   0]
  --> SNES Linear/Non-Linear Iterations = 4 / 2
  --> SNES Residual: 0.993678E-05 0.189362E-09 0.762939E-05
  --> max change: dpmx=   2.9923E+02

== GEOMECHANICS ================================================================

 Step    243 Time=  5.47967E-01 Dt=  5.06474E-06 [hour] conv_reason: 2
  linear =   140 [     34563] cuts =  0 [   0]

== RICHARDS FLOW ===============================================================
  0 2r: 2.24E-02 2x: 0.00E+00 2u: 0.00E+00 ir: 2.17E-02 iu: 0.00E+00 rsn:   0
  1 2r: 7.92E-06 2x: 1.72E+09 2u: 8.97E+02 ir: 3.81E-06 iu: 2.99E+02 rsn:   0
  2 2r: 6.87E-06 2x: 1.72E+09 2u: 1.82E-02 ir: 3.22E-06 iu: 6.08E-03 rsn: stol

 Step    244 Time=  5.47972E-01 Dt=  5.07037E-06 [hour] conv_reason: 4
  newton =   2 [     472] linear =     4 [       970] cuts =  0 [   0]
  --> SNES Linear/Non-Linear Iterations = 4 / 2
  --> SNES Residual: 0.687051E-05 0.130929E-09 0.321865E-05
  --> max change: dpmx=   2.9923E+02

== GEOMECHANICS ================================================================

 Step    244 Time=  5.47972E-01 Dt=  5.07037E-06 [hour] conv_reason: 2
  linear =   132 [     34695] cuts =  0 [   0]

== RICHARDS FLOW ===============================================================
  0 2r: 2.24E-02 2x: 0.00E+00 2u: 0.00E+00 ir: 2.17E-02 iu: 0.00E+00 rsn:   0
  1 2r: 6.70E-06 2x: 1.72E+09 2u: 8.97E+02 ir: 3.22E-06 iu: 2.99E+02 rsn:   0
  2 2r: 6.70E-06 2x: 1.72E+09 2u: 1.82E-02 ir: 3.22E-06 iu: 6.08E-03 rsn: stol

 Step    245 Time=  5.47977E-01 Dt=  5.07600E-06 [hour] conv_reason: 4
  newton =   2 [     474] linear =     4 [       974] cuts =  0 [   0]
  --> SNES Linear/Non-Linear Iterations = 4 / 2
  --> SNES Residual: 0.669511E-05 0.127587E-09 0.321865E-05
  --> max change: dpmx=   2.9923E+02

== GEOMECHANICS ================================================================

 Step    245 Time=  5.47977E-01 Dt=  5.07600E-06 [hour] conv_reason: 2
  linear =   139 [     34834] cuts =  0 [   0]

== RICHARDS FLOW ===============================================================
  0 2r: 2.24E-02 2x: 0.00E+00 2u: 0.00E+00 ir: 2.17E-02 iu: 0.00E+00 rsn:   0
  1 2r: 1.01E-05 2x: 1.72E+09 2u: 8.97E+02 ir: 7.63E-06 iu: 2.99E+02 rsn:   0
  2 2r: 1.00E-05 2x: 1.72E+09 2u: 1.83E-02 ir: 7.63E-06 iu: 6.09E-03 rsn: stol

 Step    246 Time=  5.47982E-01 Dt=  5.08166E-06 [hour] conv_reason: 4
  newton =   2 [     476] linear =     4 [       978] cuts =  0 [   0]
  --> SNES Linear/Non-Linear Iterations = 4 / 2
  --> SNES Residual: 0.100423E-04 0.191374E-09 0.762939E-05
  --> max change: dpmx=   2.9923E+02

== GEOMECHANICS ================================================================

 Step    246 Time=  5.47982E-01 Dt=  5.08166E-06 [hour] conv_reason: 2
  linear =   179 [     35013] cuts =  0 [   0]

== RICHARDS FLOW ===============================================================
  0 2r: 2.24E-02 2x: 0.00E+00 2u: 0.00E+00 ir: 2.17E-02 iu: 0.00E+00 rsn:   0
  1 2r: 1.04E-05 2x: 1.72E+09 2u: 8.97E+02 ir: 7.63E-06 iu: 2.99E+02 rsn:   0
  2 2r: 7.10E-06 2x: 1.72E+09 2u: 1.83E-02 ir: 3.22E-06 iu: 6.10E-03 rsn: stol

 Step    247 Time=  5.47987E-01 Dt=  5.08732E-06 [hour] conv_reason: 4
  newton =   2 [     478] linear =     4 [       982] cuts =  0 [   0]
  --> SNES Linear/Non-Linear Iterations = 4 / 2
  --> SNES Residual: 0.709614E-05 0.135229E-09 0.321865E-05
  --> max change: dpmx=   2.9923E+02

== GEOMECHANICS ================================================================

 Step    247 Time=  5.47987E-01 Dt=  5.08732E-06 [hour] conv_reason: 2
  linear =   142 [     35155] cuts =  0 [   0]

== RICHARDS FLOW ===============================================================
  0 2r: 2.24E-02 2x: 0.00E+00 2u: 0.00E+00 ir: 2.17E-02 iu: 0.00E+00 rsn:   0
  1 2r: 6.83E-06 2x: 1.72E+09 2u: 8.97E+02 ir: 3.22E-06 iu: 2.99E+02 rsn:   0
  2 2r: 6.80E-06 2x: 1.72E+09 2u: 1.83E-02 ir: 3.22E-06 iu: 6.10E-03 rsn: stol

 Step    248 Time=  5.47992E-01 Dt=  5.09300E-06 [hour] conv_reason: 4
  newton =   2 [     480] linear =     4 [       986] cuts =  0 [   0]
  --> SNES Linear/Non-Linear Iterations = 4 / 2
  --> SNES Residual: 0.679570E-05 0.129504E-09 0.321865E-05
  --> max change: dpmx=   2.9923E+02

== GEOMECHANICS ================================================================

 Step    248 Time=  5.47992E-01 Dt=  5.09300E-06 [hour] conv_reason: 2
  linear =   147 [     35302] cuts =  0 [   0]

== RICHARDS FLOW ===============================================================
  0 2r: 2.24E-02 2x: 0.00E+00 2u: 0.00E+00 ir: 2.17E-02 iu: 0.00E+00 rsn:   0
  1 2r: 7.88E-06 2x: 1.72E+09 2u: 8.97E+02 ir: 3.81E-06 iu: 2.99E+02 rsn:   0
  2 2r: 7.80E-06 2x: 1.72E+09 2u: 1.83E-02 ir: 3.81E-06 iu: 6.11E-03 rsn: stol

 Step    249 Time=  5.47997E-01 Dt=  5.09869E-06 [hour] conv_reason: 4
  newton =   2 [     482] linear =     4 [       990] cuts =  0 [   0]
  --> SNES Linear/Non-Linear Iterations = 4 / 2
  --> SNES Residual: 0.779650E-05 0.148575E-09 0.381470E-05
  --> max change: dpmx=   2.9923E+02

== GEOMECHANICS ================================================================

 Step    249 Time=  5.47997E-01 Dt=  5.09869E-06 [hour] conv_reason: 2
  linear =   139 [     35441] cuts =  0 [   0]

== RICHARDS FLOW ===============================================================
  0 2r: 2.24E-02 2x: 0.00E+00 2u: 0.00E+00 ir: 2.17E-02 iu: 0.00E+00 rsn:   0
  1 2r: 1.01E-05 2x: 1.72E+09 2u: 8.97E+02 ir: 7.63E-06 iu: 2.99E+02 rsn:   0
  2 2r: 1.01E-05 2x: 1.72E+09 2u: 1.83E-02 ir: 7.63E-06 iu: 6.12E-03 rsn: stol

 Step    250 Time=  5.48003E-01 Dt=  5.10439E-06 [hour] conv_reason: 4
  newton =   2 [     484] linear =     4 [       994] cuts =  0 [   0]
  --> SNES Linear/Non-Linear Iterations = 4 / 2
  --> SNES Residual: 0.100943E-04 0.192364E-09 0.762939E-05
  --> max change: dpmx=   2.9923E+02

== GEOMECHANICS ================================================================

 Step    250 Time=  5.48003E-01 Dt=  5.10439E-06 [hour] conv_reason: 2
  linear =   140 [     35581] cuts =  0 [   0]

== RICHARDS FLOW ===============================================================
  0 2r: 2.24E-02 2x: 0.00E+00 2u: 0.00E+00 ir: 2.17E-02 iu: 0.00E+00 rsn:   0
  1 2r: 1.05E-05 2x: 1.72E+09 2u: 8.97E+02 ir: 7.63E-06 iu: 2.99E+02 rsn:   0
  2 2r: 1.05E-05 2x: 1.72E+09 2u: 1.84E-02 ir: 7.63E-06 iu: 6.12E-03 rsn: stol

 Step    251 Time=  5.48008E-01 Dt=  5.11010E-06 [hour] conv_reason: 4
  newton =   2 [     486] linear =     4 [       998] cuts =  0 [   0]
  --> SNES Linear/Non-Linear Iterations = 4 / 2
  --> SNES Residual: 0.104816E-04 0.199745E-09 0.762939E-05
  --> max change: dpmx=   2.9923E+02

== GEOMECHANICS ================================================================

 Step    251 Time=  5.48008E-01 Dt=  5.11010E-06 [hour] conv_reason: 2
  linear =   139 [     35720] cuts =  0 [   0]

== RICHARDS FLOW ===============================================================
  0 2r: 2.25E-02 2x: 0.00E+00 2u: 0.00E+00 ir: 2.17E-02 iu: 0.00E+00 rsn:   0
  1 2r: 1.03E-05 2x: 1.72E+09 2u: 8.97E+02 ir: 7.63E-06 iu: 2.99E+02 rsn:   0
  2 2r: 1.03E-05 2x: 1.72E+09 2u: 1.84E-02 ir: 7.63E-06 iu: 6.13E-03 rsn: stol

 Step    252 Time=  5.48013E-01 Dt=  5.11583E-06 [hour] conv_reason: 4
  newton =   2 [     488] linear =     4 [      1002] cuts =  0 [   0]
  --> SNES Linear/Non-Linear Iterations = 4 / 2
  --> SNES Residual: 0.102907E-04 0.196108E-09 0.762939E-05
  --> max change: dpmx=   2.9923E+02

== GEOMECHANICS ================================================================

 Step    252 Time=  5.48013E-01 Dt=  5.11583E-06 [hour] conv_reason: 2
  linear =   144 [     35864] cuts =  0 [   0]

== RICHARDS FLOW ===============================================================
  0 2r: 2.25E-02 2x: 0.00E+00 2u: 0.00E+00 ir: 2.17E-02 iu: 0.00E+00 rsn:   0
  1 2r: 1.03E-05 2x: 1.72E+09 2u: 8.97E+02 ir: 7.63E-06 iu: 2.99E+02 rsn:   0
  2 2r: 1.03E-05 2x: 1.72E+09 2u: 1.84E-02 ir: 7.63E-06 iu: 6.14E-03 rsn: stol

 Step    253 Time=  5.48018E-01 Dt=  5.12157E-06 [hour] conv_reason: 4
  newton =   2 [     490] linear =     4 [      1006] cuts =  0 [   0]
  --> SNES Linear/Non-Linear Iterations = 4 / 2
  --> SNES Residual: 0.103329E-04 0.196911E-09 0.762939E-05
  --> max change: dpmx=   2.9923E+02

== GEOMECHANICS ================================================================

 Step    253 Time=  5.48018E-01 Dt=  5.12157E-06 [hour] conv_reason: 2
  linear =   144 [     36008] cuts =  0 [   0]

== RICHARDS FLOW ===============================================================
  0 2r: 2.25E-02 2x: 0.00E+00 2u: 0.00E+00 ir: 2.17E-02 iu: 0.00E+00 rsn:   0
  1 2r: 1.05E-05 2x: 1.72E+09 2u: 8.97E+02 ir: 7.63E-06 iu: 2.99E+02 rsn:   0
  2 2r: 1.04E-05 2x: 1.72E+09 2u: 1.84E-02 ir: 7.63E-06 iu: 6.14E-03 rsn: stol

 Step    254 Time=  5.48023E-01 Dt=  5.12732E-06 [hour] conv_reason: 4
  newton =   2 [     492] linear =     4 [      1010] cuts =  0 [   0]
  --> SNES Linear/Non-Linear Iterations = 4 / 2
  --> SNES Residual: 0.104464E-04 0.199073E-09 0.762939E-05
  --> max change: dpmx=   2.9923E+02

== GEOMECHANICS ================================================================

 Step    254 Time=  5.48023E-01 Dt=  5.12732E-06 [hour] conv_reason: 2
  linear =   141 [     36149] cuts =  0 [   0]

== RICHARDS FLOW ===============================================================
  0 2r: 2.25E-02 2x: 0.00E+00 2u: 0.00E+00 ir: 2.18E-02 iu: 0.00E+00 rsn:   0
  1 2r: 1.03E-05 2x: 1.72E+09 2u: 8.97E+02 ir: 7.63E-06 iu: 2.99E+02 rsn:   0
  2 2r: 1.03E-05 2x: 1.72E+09 2u: 1.84E-02 ir: 7.63E-06 iu: 6.15E-03 rsn: stol

 Step    255 Time=  5.48028E-01 Dt=  5.13309E-06 [hour] conv_reason: 4
  newton =   2 [     494] linear =     4 [      1014] cuts =  0 [   0]
  --> SNES Linear/Non-Linear Iterations = 4 / 2
  --> SNES Residual: 0.103409E-04 0.197064E-09 0.762939E-05
  --> max change: dpmx=   2.9923E+02

== GEOMECHANICS ================================================================

 Step    255 Time=  5.48028E-01 Dt=  5.13309E-06 [hour] conv_reason: 2
  linear =   141 [     36290] cuts =  0 [   0]

== RICHARDS FLOW ===============================================================
  0 2r: 2.25E-02 2x: 0.00E+00 2u: 0.00E+00 ir: 2.18E-02 iu: 0.00E+00 rsn:   0
  1 2r: 1.03E-05 2x: 1.72E+09 2u: 8.97E+02 ir: 7.63E-06 iu: 2.99E+02 rsn:   0
  2 2r: 1.02E-05 2x: 1.72E+09 2u: 1.85E-02 ir: 7.63E-06 iu: 6.16E-03 rsn: stol

 Step    256 Time=  5.48033E-01 Dt=  5.13887E-06 [hour] conv_reason: 4
  newton =   2 [     496] linear =     4 [      1018] cuts =  0 [   0]
  --> SNES Linear/Non-Linear Iterations = 4 / 2
  --> SNES Residual: 0.102422E-04 0.195183E-09 0.762939E-05
  --> max change: dpmx=   2.9923E+02

== GEOMECHANICS ================================================================

 Step    256 Time=  5.48033E-01 Dt=  5.13887E-06 [hour] conv_reason: 2
  linear =   146 [     36436] cuts =  0 [   0]

== RICHARDS FLOW ===============================================================
  0 2r: 2.25E-02 2x: 0.00E+00 2u: 0.00E+00 ir: 2.18E-02 iu: 0.00E+00 rsn:   0
  1 2r: 1.05E-05 2x: 1.72E+09 2u: 8.97E+02 ir: 7.63E-06 iu: 2.99E+02 rsn:   0
  2 2r: 1.04E-05 2x: 1.72E+09 2u: 1.85E-02 ir: 7.63E-06 iu: 6.16E-03 rsn: stol

 Step    257 Time=  5.48038E-01 Dt=  5.14466E-06 [hour] conv_reason: 4
  newton =   2 [     498] linear =     4 [      1022] cuts =  0 [   0]
  --> SNES Linear/Non-Linear Iterations = 4 / 2
  --> SNES Residual: 0.104295E-04 0.198752E-09 0.762939E-05
  --> max change: dpmx=   2.9922E+02

== GEOMECHANICS ================================================================

 Step    257 Time=  5.48038E-01 Dt=  5.14466E-06 [hour] conv_reason: 2
  linear =   136 [     36572] cuts =  0 [   0]

== RICHARDS FLOW ===============================================================
  0 2r: 2.25E-02 2x: 0.00E+00 2u: 0.00E+00 ir: 2.18E-02 iu: 0.00E+00 rsn:   0
  1 2r: 1.05E-05 2x: 1.72E+09 2u: 8.97E+02 ir: 7.63E-06 iu: 2.99E+02 rsn:   0
  2 2r: 1.05E-05 2x: 1.72E+09 2u: 1.85E-02 ir: 7.63E-06 iu: 6.17E-03 rsn: stol

 Step    258 Time=  5.48044E-01 Dt=  5.15046E-06 [hour] conv_reason: 4
  newton =   2 [     500] linear =     4 [      1026] cuts =  0 [   0]
  --> SNES Linear/Non-Linear Iterations = 4 / 2
  --> SNES Residual: 0.105216E-04 0.200508E-09 0.762939E-05
  --> max change: dpmx=   2.9922E+02

== GEOMECHANICS ================================================================

 Step    258 Time=  5.48044E-01 Dt=  5.15046E-06 [hour] conv_reason: 2
  linear =   141 [     36713] cuts =  0 [   0]

== RICHARDS FLOW ===============================================================
  0 2r: 2.25E-02 2x: 0.00E+00 2u: 0.00E+00 ir: 2.18E-02 iu: 0.00E+00 rsn:   0
  1 2r: 1.05E-05 2x: 1.72E+09 2u: 8.97E+02 ir: 7.63E-06 iu: 2.99E+02 rsn:   0
  2 2r: 1.04E-05 2x: 1.72E+09 2u: 1.85E-02 ir: 7.63E-06 iu: 6.18E-03 rsn: stol

 Step    259 Time=  5.48049E-01 Dt=  5.15628E-06 [hour] conv_reason: 4
  newton =   2 [     502] linear =     4 [      1030] cuts =  0 [   0]
  --> SNES Linear/Non-Linear Iterations = 4 / 2
  --> SNES Residual: 0.104480E-04 0.199104E-09 0.762939E-05
  --> max change: dpmx=   2.9922E+02

== GEOMECHANICS ================================================================

 Step    259 Time=  5.48049E-01 Dt=  5.15628E-06 [hour] conv_reason: 2
  linear =   142 [     36855] cuts =  0 [   0]

== RICHARDS FLOW ===============================================================
  0 2r: 2.25E-02 2x: 0.00E+00 2u: 0.00E+00 ir: 2.18E-02 iu: 0.00E+00 rsn:   0
  1 2r: 1.04E-05 2x: 1.72E+09 2u: 8.97E+02 ir: 7.63E-06 iu: 2.99E+02 rsn:   0
  2 2r: 1.04E-05 2x: 1.72E+09 2u: 1.85E-02 ir: 7.63E-06 iu: 6.19E-03 rsn: stol

 Step    260 Time=  5.48054E-01 Dt=  5.16211E-06 [hour] conv_reason: 4
  newton =   2 [     504] linear =     4 [      1034] cuts =  0 [   0]
  --> SNES Linear/Non-Linear Iterations = 4 / 2
  --> SNES Residual: 0.103828E-04 0.197861E-09 0.762939E-05
  --> max change: dpmx=   2.9922E+02

== GEOMECHANICS ================================================================

 Step    260 Time=  5.48054E-01 Dt=  5.16211E-06 [hour] conv_reason: 2
  linear =   142 [     36997] cuts =  0 [   0]

== RICHARDS FLOW ===============================================================
  0 2r: 2.25E-02 2x: 0.00E+00 2u: 0.00E+00 ir: 2.18E-02 iu: 0.00E+00 rsn:   0
  1 2r: 1.09E-05 2x: 1.72E+09 2u: 8.97E+02 ir: 7.63E-06 iu: 2.99E+02 rsn:   0
  2 2r: 1.09E-05 2x: 1.72E+09 2u: 1.86E-02 ir: 7.63E-06 iu: 6.19E-03 rsn: stol

 Step    261 Time=  5.48059E-01 Dt=  5.16796E-06 [hour] conv_reason: 4
  newton =   2 [     506] linear =     4 [      1038] cuts =  0 [   0]
  --> SNES Linear/Non-Linear Iterations = 4 / 2
  --> SNES Residual: 0.108966E-04 0.207654E-09 0.762939E-05
  --> max change: dpmx=   2.9922E+02

== GEOMECHANICS ================================================================

 Step    261 Time=  5.48059E-01 Dt=  5.16796E-06 [hour] conv_reason: 2
  linear =   146 [     37143] cuts =  0 [   0]

== RICHARDS FLOW ===============================================================
  0 2r: 2.25E-02 2x: 0.00E+00 2u: 0.00E+00 ir: 2.18E-02 iu: 0.00E+00 rsn:   0
  1 2r: 1.06E-05 2x: 1.72E+09 2u: 8.97E+02 ir: 7.63E-06 iu: 2.99E+02 rsn:   0
  2 2r: 1.05E-05 2x: 1.72E+09 2u: 1.86E-02 ir: 7.63E-06 iu: 6.20E-03 rsn: stol

 Step    262 Time=  5.48064E-01 Dt=  5.17382E-06 [hour] conv_reason: 4
  newton =   2 [     508] linear =     4 [      1042] cuts =  0 [   0]
  --> SNES Linear/Non-Linear Iterations = 4 / 2
  --> SNES Residual: 0.105035E-04 0.200163E-09 0.762939E-05
  --> max change: dpmx=   2.9922E+02

== GEOMECHANICS ================================================================

 Step    262 Time=  5.48064E-01 Dt=  5.17382E-06 [hour] conv_reason: 2
  linear =   140 [     37283] cuts =  0 [   0]

== RICHARDS FLOW ===============================================================
  0 2r: 2.25E-02 2x: 0.00E+00 2u: 0.00E+00 ir: 2.18E-02 iu: 0.00E+00 rsn:   0
  1 2r: 1.07E-05 2x: 1.72E+09 2u: 8.97E+02 ir: 7.63E-06 iu: 2.99E+02 rsn:   0
  2 2r: 1.07E-05 2x: 1.72E+09 2u: 1.86E-02 ir: 7.63E-06 iu: 6.21E-03 rsn: stol

 Step    263 Time=  5.48069E-01 Dt=  5.17969E-06 [hour] conv_reason: 4
  newton =   2 [     510] linear =     4 [      1046] cuts =  0 [   0]
  --> SNES Linear/Non-Linear Iterations = 4 / 2
  --> SNES Residual: 0.107061E-04 0.204022E-09 0.762939E-05
  --> max change: dpmx=   2.9922E+02

== GEOMECHANICS ================================================================

 Step    263 Time=  5.48069E-01 Dt=  5.17969E-06 [hour] conv_reason: 2
  linear =   139 [     37422] cuts =  0 [   0]

== RICHARDS FLOW ===============================================================
  0 2r: 2.25E-02 2x: 0.00E+00 2u: 0.00E+00 ir: 2.18E-02 iu: 0.00E+00 rsn:   0
  1 2r: 8.57E-06 2x: 1.72E+09 2u: 8.97E+02 ir: 3.81E-06 iu: 2.99E+02 rsn:   0
  2 2r: 8.39E-06 2x: 1.72E+09 2u: 1.86E-02 ir: 3.81E-06 iu: 6.21E-03 rsn: stol

 Step    264 Time=  5.48075E-01 Dt=  5.18557E-06 [hour] conv_reason: 4
  newton =   2 [     512] linear =     4 [      1050] cuts =  0 [   0]
  --> SNES Linear/Non-Linear Iterations = 4 / 2
  --> SNES Residual: 0.839078E-05 0.159900E-09 0.381470E-05
  --> max change: dpmx=   2.9922E+02

== GEOMECHANICS ================================================================

 Step    264 Time=  5.48075E-01 Dt=  5.18557E-06 [hour] conv_reason: 2
  linear =   139 [     37561] cuts =  0 [   0]

== RICHARDS FLOW ===============================================================
  0 2r: 2.25E-02 2x: 0.00E+00 2u: 0.00E+00 ir: 2.18E-02 iu: 0.00E+00 rsn:   0
  1 2r: 8.59E-06 2x: 1.72E+09 2u: 8.97E+02 ir: 3.81E-06 iu: 2.99E+02 rsn:   0
  2 2r: 7.69E-06 2x: 1.72E+09 2u: 1.87E-02 ir: 3.22E-06 iu: 6.22E-03 rsn: stol

 Step    265 Time=  5.48080E-01 Dt=  5.19147E-06 [hour] conv_reason: 4
  newton =   2 [     514] linear =     4 [      1054] cuts =  0 [   0]
  --> SNES Linear/Non-Linear Iterations = 4 / 2
  --> SNES Residual: 0.768698E-05 0.146488E-09 0.321865E-05
  --> max change: dpmx=   2.9922E+02

== GEOMECHANICS ================================================================

 Step    265 Time=  5.48080E-01 Dt=  5.19147E-06 [hour] conv_reason: 2
  linear =   148 [     37709] cuts =  0 [   0]

== RICHARDS FLOW ===============================================================
  0 2r: 2.25E-02 2x: 0.00E+00 2u: 0.00E+00 ir: 2.18E-02 iu: 0.00E+00 rsn:   0
  1 2r: 7.41E-06 2x: 1.72E+09 2u: 8.97E+02 ir: 3.22E-06 iu: 2.99E+02 rsn:   0
  2 2r: 7.34E-06 2x: 1.72E+09 2u: 1.87E-02 ir: 3.22E-06 iu: 6.23E-03 rsn: stol

 Step    266 Time=  5.48085E-01 Dt=  5.19738E-06 [hour] conv_reason: 4
  newton =   2 [     516] linear =     4 [      1058] cuts =  0 [   0]
  --> SNES Linear/Non-Linear Iterations = 4 / 2
  --> SNES Residual: 0.734192E-05 0.139913E-09 0.321865E-05
  --> max change: dpmx=   2.9922E+02

== GEOMECHANICS ================================================================

 Step    266 Time=  5.48085E-01 Dt=  5.19738E-06 [hour] conv_reason: 2
  linear =   157 [     37866] cuts =  0 [   0]

== RICHARDS FLOW ===============================================================
  0 2r: 2.25E-02 2x: 0.00E+00 2u: 0.00E+00 ir: 2.18E-02 iu: 0.00E+00 rsn:   0
  1 2r: 7.78E-06 2x: 1.72E+09 2u: 8.97E+02 ir: 3.22E-06 iu: 2.99E+02 rsn:   0
  2 2r: 7.78E-06 2x: 1.72E+09 2u: 1.87E-02 ir: 3.22E-06 iu: 6.24E-03 rsn: stol

 Step    267 Time=  5.48090E-01 Dt=  5.20330E-06 [hour] conv_reason: 4
  newton =   2 [     518] linear =     4 [      1062] cuts =  0 [   0]
  --> SNES Linear/Non-Linear Iterations = 4 / 2
  --> SNES Residual: 0.777796E-05 0.148222E-09 0.321865E-05
  --> max change: dpmx=   2.9922E+02

== GEOMECHANICS ================================================================

 Step    267 Time=  5.48090E-01 Dt=  5.20330E-06 [hour] conv_reason: 2
  linear =   131 [     37997] cuts =  0 [   0]

== RICHARDS FLOW ===============================================================
  0 2r: 2.25E-02 2x: 0.00E+00 2u: 0.00E+00 ir: 2.18E-02 iu: 0.00E+00 rsn:   0
  1 2r: 7.58E-06 2x: 1.72E+09 2u: 8.97E+02 ir: 3.22E-06 iu: 2.99E+02 rsn:   0
  2 2r: 7.54E-06 2x: 1.72E+09 2u: 1.87E-02 ir: 3.22E-06 iu: 6.24E-03 rsn: stol

 Step    268 Time=  5.48095E-01 Dt=  5.20924E-06 [hour] conv_reason: 4
  newton =   2 [     520] linear =     4 [      1066] cuts =  0 [   0]
  --> SNES Linear/Non-Linear Iterations = 4 / 2
  --> SNES Residual: 0.754481E-05 0.143779E-09 0.321865E-05
  --> max change: dpmx=   2.9922E+02

== GEOMECHANICS ================================================================

 Step    268 Time=  5.48095E-01 Dt=  5.20924E-06 [hour] conv_reason: 2
  linear =   143 [     38140] cuts =  0 [   0]

== RICHARDS FLOW ===============================================================
  0 2r: 2.25E-02 2x: 0.00E+00 2u: 0.00E+00 ir: 2.18E-02 iu: 0.00E+00 rsn:   0
  1 2r: 1.08E-05 2x: 1.72E+09 2u: 8.97E+02 ir: 7.63E-06 iu: 2.99E+02 rsn:   0
  2 2r: 1.07E-05 2x: 1.72E+09 2u: 1.87E-02 ir: 7.63E-06 iu: 6.25E-03 rsn: stol

 Step    269 Time=  5.48101E-01 Dt=  5.21519E-06 [hour] conv_reason: 4
  newton =   2 [     522] linear =     4 [      1070] cuts =  0 [   0]
  --> SNES Linear/Non-Linear Iterations = 4 / 2
  --> SNES Residual: 0.107466E-04 0.204795E-09 0.762939E-05
  --> max change: dpmx=   2.9922E+02

== GEOMECHANICS ================================================================

 Step    269 Time=  5.48101E-01 Dt=  5.21519E-06 [hour] conv_reason: 2
  linear =   136 [     38276] cuts =  0 [   0]

== RICHARDS FLOW ===============================================================
  0 2r: 2.25E-02 2x: 0.00E+00 2u: 0.00E+00 ir: 2.18E-02 iu: 0.00E+00 rsn:   0
  1 2r: 1.09E-05 2x: 1.72E+09 2u: 8.97E+02 ir: 7.63E-06 iu: 2.99E+02 rsn:   0
  2 2r: 1.08E-05 2x: 1.72E+09 2u: 1.88E-02 ir: 7.63E-06 iu: 6.26E-03 rsn: stol

 Step    270 Time=  5.48106E-01 Dt=  5.22116E-06 [hour] conv_reason: 4
  newton =   2 [     524] linear =     4 [      1074] cuts =  0 [   0]
  --> SNES Linear/Non-Linear Iterations = 4 / 2
  --> SNES Residual: 0.108384E-04 0.206544E-09 0.762939E-05
  --> max change: dpmx=   2.9921E+02

== GEOMECHANICS ================================================================

 Step    270 Time=  5.48106E-01 Dt=  5.22116E-06 [hour] conv_reason: 2
  linear =   145 [     38421] cuts =  0 [   0]

== RICHARDS FLOW ===============================================================
  0 2r: 2.25E-02 2x: 0.00E+00 2u: 0.00E+00 ir: 2.18E-02 iu: 0.00E+00 rsn:   0
  1 2r: 1.08E-05 2x: 1.72E+09 2u: 8.97E+02 ir: 7.63E-06 iu: 2.99E+02 rsn:   0
  2 2r: 1.08E-05 2x: 1.72E+09 2u: 1.88E-02 ir: 7.63E-06 iu: 6.26E-03 rsn: stol

 Step    271 Time=  5.48111E-01 Dt=  5.22714E-06 [hour] conv_reason: 4
  newton =   2 [     526] linear =     4 [      1078] cuts =  0 [   0]
  --> SNES Linear/Non-Linear Iterations = 4 / 2
  --> SNES Residual: 0.108343E-04 0.206466E-09 0.762939E-05
  --> max change: dpmx=   2.9921E+02

== GEOMECHANICS ================================================================

 Step    271 Time=  5.48111E-01 Dt=  5.22714E-06 [hour] conv_reason: 2
  linear =   138 [     38559] cuts =  0 [   0]

== RICHARDS FLOW ===============================================================
  0 2r: 2.25E-02 2x: 0.00E+00 2u: 0.00E+00 ir: 2.18E-02 iu: 0.00E+00 rsn:   0
  1 2r: 1.09E-05 2x: 1.72E+09 2u: 8.97E+02 ir: 7.63E-06 iu: 2.99E+02 rsn:   0
  2 2r: 1.09E-05 2x: 1.72E+09 2u: 1.88E-02 ir: 7.63E-06 iu: 6.27E-03 rsn: stol

 Step    272 Time=  5.48116E-01 Dt=  5.23313E-06 [hour] conv_reason: 4
  newton =   2 [     528] linear =     4 [      1082] cuts =  0 [   0]
  --> SNES Linear/Non-Linear Iterations = 4 / 2
  --> SNES Residual: 0.108544E-04 0.206850E-09 0.762939E-05
  --> max change: dpmx=   2.9921E+02

== GEOMECHANICS ================================================================

 Step    272 Time=  5.48116E-01 Dt=  5.23313E-06 [hour] conv_reason: 2
  linear =   170 [     38729] cuts =  0 [   0]

== RICHARDS FLOW ===============================================================
  0 2r: 2.25E-02 2x: 0.00E+00 2u: 0.00E+00 ir: 2.18E-02 iu: 0.00E+00 rsn:   0
  1 2r: 1.09E-05 2x: 1.72E+09 2u: 8.97E+02 ir: 7.63E-06 iu: 2.99E+02 rsn:   0
  2 2r: 1.09E-05 2x: 1.72E+09 2u: 1.88E-02 ir: 7.63E-06 iu: 6.28E-03 rsn: stol

 Step    273 Time=  5.48122E-01 Dt=  5.23914E-06 [hour] conv_reason: 4
  newton =   2 [     530] linear =     4 [      1086] cuts =  0 [   0]
  --> SNES Linear/Non-Linear Iterations = 4 / 2
  --> SNES Residual: 0.108970E-04 0.207661E-09 0.762939E-05
  --> max change: dpmx=   2.9921E+02

== GEOMECHANICS ================================================================

 Step    273 Time=  5.48122E-01 Dt=  5.23914E-06 [hour] conv_reason: 2
  linear =   144 [     38873] cuts =  0 [   0]

== RICHARDS FLOW ===============================================================
  0 2r: 2.25E-02 2x: 0.00E+00 2u: 0.00E+00 ir: 2.18E-02 iu: 0.00E+00 rsn:   0
  1 2r: 1.08E-05 2x: 1.72E+09 2u: 8.97E+02 ir: 7.63E-06 iu: 2.99E+02 rsn:   0
  2 2r: 1.08E-05 2x: 1.72E+09 2u: 1.89E-02 ir: 7.63E-06 iu: 6.29E-03 rsn: stol

 Step    274 Time=  5.48127E-01 Dt=  5.24516E-06 [hour] conv_reason: 4
  newton =   2 [     532] linear =     4 [      1090] cuts =  0 [   0]
  --> SNES Linear/Non-Linear Iterations = 4 / 2
  --> SNES Residual: 0.107745E-04 0.205327E-09 0.762939E-05
  --> max change: dpmx=   2.9921E+02

== GEOMECHANICS ================================================================

 Step    274 Time=  5.48127E-01 Dt=  5.24516E-06 [hour] conv_reason: 2
  linear =   146 [     39019] cuts =  0 [   0]

== RICHARDS FLOW ===============================================================
  0 2r: 2.25E-02 2x: 0.00E+00 2u: 0.00E+00 ir: 2.18E-02 iu: 0.00E+00 rsn:   0
  1 2r: 1.12E-05 2x: 1.72E+09 2u: 8.97E+02 ir: 7.63E-06 iu: 2.99E+02 rsn:   0
  2 2r: 1.12E-05 2x: 1.72E+09 2u: 1.89E-02 ir: 7.63E-06 iu: 6.29E-03 rsn: stol

 Step    275 Time=  5.48132E-01 Dt=  5.25119E-06 [hour] conv_reason: 4
  newton =   2 [     534] linear =     4 [      1094] cuts =  0 [   0]
  --> SNES Linear/Non-Linear Iterations = 4 / 2
  --> SNES Residual: 0.111592E-04 0.212657E-09 0.762939E-05
  --> max change: dpmx=   2.9921E+02

== GEOMECHANICS ================================================================

 Step    275 Time=  5.48132E-01 Dt=  5.25119E-06 [hour] conv_reason: 2
  linear =   147 [     39166] cuts =  0 [   0]

== RICHARDS FLOW ===============================================================
  0 2r: 2.25E-02 2x: 0.00E+00 2u: 0.00E+00 ir: 2.18E-02 iu: 0.00E+00 rsn:   0
  1 2r: 8.86E-06 2x: 1.72E+09 2u: 8.97E+02 ir: 3.81E-06 iu: 2.99E+02 rsn:   0
  2 2r: 1.11E-05 2x: 1.72E+09 2u: 1.89E-02 ir: 7.63E-06 iu: 6.30E-03 rsn: stol

 Step    276 Time=  5.48137E-01 Dt=  5.25724E-06 [hour] conv_reason: 4
  newton =   2 [     536] linear =     4 [      1098] cuts =  0 [   0]
  --> SNES Linear/Non-Linear Iterations = 4 / 2
  --> SNES Residual: 0.110561E-04 0.210693E-09 0.762939E-05
  --> max change: dpmx=   2.9921E+02

== GEOMECHANICS ================================================================

 Step    276 Time=  5.48137E-01 Dt=  5.25724E-06 [hour] conv_reason: 2
  linear =   152 [     39318] cuts =  0 [   0]

== RICHARDS FLOW ===============================================================
  0 2r: 2.25E-02 2x: 0.00E+00 2u: 0.00E+00 ir: 2.18E-02 iu: 0.00E+00 rsn:   0
  1 2r: 8.78E-06 2x: 1.72E+09 2u: 8.97E+02 ir: 3.81E-06 iu: 2.99E+02 rsn:   0
  2 2r: 8.78E-06 2x: 1.72E+09 2u: 1.89E-02 ir: 3.81E-06 iu: 6.31E-03 rsn: stol

 Step    277 Time=  5.48143E-01 Dt=  5.26330E-06 [hour] conv_reason: 4
  newton =   2 [     538] linear =     4 [      1102] cuts =  0 [   0]
  --> SNES Linear/Non-Linear Iterations = 4 / 2
  --> SNES Residual: 0.877550E-05 0.167232E-09 0.381470E-05
  --> max change: dpmx=   2.9921E+02

== GEOMECHANICS ================================================================

 Step    277 Time=  5.48143E-01 Dt=  5.26330E-06 [hour] conv_reason: 2
  linear =   138 [     39456] cuts =  0 [   0]

== RICHARDS FLOW ===============================================================
  0 2r: 2.25E-02 2x: 0.00E+00 2u: 0.00E+00 ir: 2.18E-02 iu: 0.00E+00 rsn:   0
  1 2r: 1.10E-05 2x: 1.72E+09 2u: 8.97E+02 ir: 7.63E-06 iu: 2.99E+02 rsn:   0
  2 2r: 7.93E-06 2x: 1.72E+09 2u: 1.89E-02 ir: 3.22E-06 iu: 6.32E-03 rsn: stol

 Step    278 Time=  5.48148E-01 Dt=  5.26937E-06 [hour] conv_reason: 4
  newton =   2 [     540] linear =     4 [      1106] cuts =  0 [   0]
  --> SNES Linear/Non-Linear Iterations = 4 / 2
  --> SNES Residual: 0.793495E-05 0.151214E-09 0.321865E-05
  --> max change: dpmx=   2.9921E+02

== GEOMECHANICS ================================================================

 Step    278 Time=  5.48148E-01 Dt=  5.26937E-06 [hour] conv_reason: 2
  linear =   142 [     39598] cuts =  0 [   0]

== RICHARDS FLOW ===============================================================
  0 2r: 2.25E-02 2x: 0.00E+00 2u: 0.00E+00 ir: 2.18E-02 iu: 0.00E+00 rsn:   0
  1 2r: 9.28E-06 2x: 1.72E+09 2u: 8.97E+02 ir: 3.81E-06 iu: 2.99E+02 rsn:   0
  2 2r: 1.14E-05 2x: 1.72E+09 2u: 1.90E-02 ir: 7.63E-06 iu: 6.32E-03 rsn: stol

 Step    279 Time=  5.48153E-01 Dt=  5.27546E-06 [hour] conv_reason: 4
  newton =   2 [     542] linear =     4 [      1110] cuts =  0 [   0]
  --> SNES Linear/Non-Linear Iterations = 4 / 2
  --> SNES Residual: 0.113586E-04 0.216457E-09 0.762939E-05
  --> max change: dpmx=   2.9921E+02

== GEOMECHANICS ================================================================

 Step    279 Time=  5.48153E-01 Dt=  5.27546E-06 [hour] conv_reason: 2
  linear =   137 [     39735] cuts =  0 [   0]

== RICHARDS FLOW ===============================================================
  0 2r: 2.25E-02 2x: 0.00E+00 2u: 0.00E+00 ir: 2.18E-02 iu: 0.00E+00 rsn:   0
  1 2r: 8.73E-06 2x: 1.72E+09 2u: 8.97E+02 ir: 3.81E-06 iu: 2.99E+02 rsn:   0
  2 2r: 8.73E-06 2x: 1.72E+09 2u: 1.90E-02 ir: 3.81E-06 iu: 6.33E-03 rsn: stol

 Step    280 Time=  5.48158E-01 Dt=  5.28157E-06 [hour] conv_reason: 4
  newton =   2 [     544] linear =     4 [      1114] cuts =  0 [   0]
  --> SNES Linear/Non-Linear Iterations = 4 / 2
  --> SNES Residual: 0.873464E-05 0.166453E-09 0.381470E-05
  --> max change: dpmx=   2.9921E+02

== GEOMECHANICS ================================================================

 Step    280 Time=  5.48158E-01 Dt=  5.28157E-06 [hour] conv_reason: 2
  linear =   149 [     39884] cuts =  0 [   0]

== RICHARDS FLOW ===============================================================
  0 2r: 2.25E-02 2x: 0.00E+00 2u: 0.00E+00 ir: 2.18E-02 iu: 0.00E+00 rsn:   0
  1 2r: 8.04E-06 2x: 1.72E+09 2u: 8.97E+02 ir: 3.22E-06 iu: 2.99E+02 rsn:   0
  2 2r: 7.87E-06 2x: 1.72E+09 2u: 1.90E-02 ir: 3.22E-06 iu: 6.34E-03 rsn: stol

 Step    281 Time=  5.48164E-01 Dt=  5.28768E-06 [hour] conv_reason: 4
  newton =   2 [     546] linear =     4 [      1118] cuts =  0 [   0]
  --> SNES Linear/Non-Linear Iterations = 4 / 2
  --> SNES Residual: 0.787274E-05 0.150028E-09 0.321865E-05
  --> max change: dpmx=   2.9921E+02

== GEOMECHANICS ================================================================

 Step    281 Time=  5.48164E-01 Dt=  5.28768E-06 [hour] conv_reason: 2
  linear =   138 [     40022] cuts =  0 [   0]

== RICHARDS FLOW ===============================================================
  0 2r: 2.25E-02 2x: 0.00E+00 2u: 0.00E+00 ir: 2.18E-02 iu: 0.00E+00 rsn:   0
  1 2r: 8.79E-06 2x: 1.72E+09 2u: 8.97E+02 ir: 3.22E-06 iu: 2.99E+02 rsn:   0
  2 2r: 8.82E-06 2x: 1.72E+09 2u: 1.90E-02 ir: 3.22E-06 iu: 6.35E-03 rsn: stol

 Step    282 Time=  5.48169E-01 Dt=  5.29382E-06 [hour] conv_reason: 4
  newton =   2 [     548] linear =     4 [      1122] cuts =  0 [   0]
  --> SNES Linear/Non-Linear Iterations = 4 / 2
  --> SNES Residual: 0.881818E-05 0.168045E-09 0.321865E-05
  --> max change: dpmx=   2.9921E+02

== GEOMECHANICS ================================================================

 Step    282 Time=  5.48169E-01 Dt=  5.29382E-06 [hour] conv_reason: 2
  linear =   138 [     40160] cuts =  0 [   0]

== RICHARDS FLOW ===============================================================
  0 2r: 2.25E-02 2x: 0.00E+00 2u: 0.00E+00 ir: 2.18E-02 iu: 0.00E+00 rsn:   0
  1 2r: 8.79E-06 2x: 1.72E+09 2u: 8.97E+02 ir: 3.81E-06 iu: 2.99E+02 rsn:   0
  2 2r: 1.09E-05 2x: 1.72E+09 2u: 1.91E-02 ir: 7.63E-06 iu: 6.35E-03 rsn: stol

 Step    283 Time=  5.48174E-01 Dt=  5.29996E-06 [hour] conv_reason: 4
  newton =   2 [     550] linear =     4 [      1126] cuts =  0 [   0]
  --> SNES Linear/Non-Linear Iterations = 4 / 2
  --> SNES Residual: 0.109434E-04 0.208544E-09 0.762939E-05
  --> max change: dpmx=   2.9920E+02

== GEOMECHANICS ================================================================

 Step    283 Time=  5.48174E-01 Dt=  5.29996E-06 [hour] conv_reason: 2
  linear =   145 [     40305] cuts =  0 [   0]

== RICHARDS FLOW ===============================================================
  0 2r: 2.25E-02 2x: 0.00E+00 2u: 0.00E+00 ir: 2.18E-02 iu: 0.00E+00 rsn:   0
  1 2r: 1.41E-05 2x: 1.72E+09 2u: 8.97E+02 ir: 1.14E-05 iu: 2.99E+02 rsn:   0
  2 2r: 1.12E-05 2x: 1.72E+09 2u: 1.91E-02 ir: 7.63E-06 iu: 6.36E-03 rsn: stol

 Step    284 Time=  5.48180E-01 Dt=  5.30612E-06 [hour] conv_reason: 4
  newton =   2 [     552] linear =     4 [      1130] cuts =  0 [   0]
  --> SNES Linear/Non-Linear Iterations = 4 / 2
  --> SNES Residual: 0.112187E-04 0.213792E-09 0.762939E-05
  --> max change: dpmx=   2.9920E+02

== GEOMECHANICS ================================================================

 Step    284 Time=  5.48180E-01 Dt=  5.30612E-06 [hour] conv_reason: 2
  linear =   140 [     40445] cuts =  0 [   0]

== RICHARDS FLOW ===============================================================
  0 2r: 2.25E-02 2x: 0.00E+00 2u: 0.00E+00 ir: 2.18E-02 iu: 0.00E+00 rsn:   0
  1 2r: 1.14E-05 2x: 1.72E+09 2u: 8.97E+02 ir: 7.63E-06 iu: 2.99E+02 rsn:   0
  2 2r: 1.13E-05 2x: 1.72E+09 2u: 1.91E-02 ir: 7.63E-06 iu: 6.37E-03 rsn: stol

 Step    285 Time=  5.48185E-01 Dt=  5.31230E-06 [hour] conv_reason: 4
  newton =   2 [     554] linear =     4 [      1134] cuts =  0 [   0]
  --> SNES Linear/Non-Linear Iterations = 4 / 2
  --> SNES Residual: 0.112587E-04 0.214554E-09 0.762939E-05
  --> max change: dpmx=   2.9920E+02

== GEOMECHANICS ================================================================

 Step    285 Time=  5.48185E-01 Dt=  5.31230E-06 [hour] conv_reason: 2
  linear =   151 [     40596] cuts =  0 [   0]

== RICHARDS FLOW ===============================================================
  0 2r: 2.25E-02 2x: 0.00E+00 2u: 0.00E+00 ir: 2.18E-02 iu: 0.00E+00 rsn:   0
  1 2r: 1.15E-05 2x: 1.72E+09 2u: 8.97E+02 ir: 7.63E-06 iu: 2.99E+02 rsn:   0
  2 2r: 1.15E-05 2x: 1.72E+09 2u: 1.91E-02 ir: 7.63E-06 iu: 6.38E-03 rsn: stol

 Step    286 Time=  5.48190E-01 Dt=  5.31849E-06 [hour] conv_reason: 4
  newton =   2 [     556] linear =     4 [      1138] cuts =  0 [   0]
  --> SNES Linear/Non-Linear Iterations = 4 / 2
  --> SNES Residual: 0.114762E-04 0.218699E-09 0.762939E-05
  --> max change: dpmx=   2.9920E+02

== GEOMECHANICS ================================================================

 Step    286 Time=  5.48190E-01 Dt=  5.31849E-06 [hour] conv_reason: 2
  linear =   140 [     40736] cuts =  0 [   0]

== RICHARDS FLOW ===============================================================
  0 2r: 2.25E-02 2x: 0.00E+00 2u: 0.00E+00 ir: 2.18E-02 iu: 0.00E+00 rsn:   0
  1 2r: 8.98E-06 2x: 1.72E+09 2u: 8.97E+02 ir: 3.81E-06 iu: 2.99E+02 rsn:   0
  2 2r: 1.12E-05 2x: 1.72E+09 2u: 1.91E-02 ir: 7.63E-06 iu: 6.38E-03 rsn: stol

 Step    287 Time=  5.48196E-01 Dt=  5.32469E-06 [hour] conv_reason: 4
  newton =   2 [     558] linear =     4 [      1142] cuts =  0 [   0]
  --> SNES Linear/Non-Linear Iterations = 4 / 2
  --> SNES Residual: 0.111592E-04 0.212657E-09 0.762939E-05
  --> max change: dpmx=   2.9920E+02

== GEOMECHANICS ================================================================

 Step    287 Time=  5.48196E-01 Dt=  5.32469E-06 [hour] conv_reason: 2
  linear =   136 [     40872] cuts =  0 [   0]

== RICHARDS FLOW ===============================================================
  0 2r: 2.25E-02 2x: 0.00E+00 2u: 0.00E+00 ir: 2.18E-02 iu: 0.00E+00 rsn:   0
  1 2r: 1.41E-05 2x: 1.72E+09 2u: 8.97E+02 ir: 1.14E-05 iu: 2.99E+02 rsn:   0
  2 2r: 1.12E-05 2x: 1.72E+09 2u: 1.92E-02 ir: 7.63E-06 iu: 6.39E-03 rsn: stol

 Step    288 Time=  5.48201E-01 Dt=  5.33091E-06 [hour] conv_reason: 4
  newton =   2 [     560] linear =     4 [      1146] cuts =  0 [   0]
  --> SNES Linear/Non-Linear Iterations = 4 / 2
  --> SNES Residual: 0.111969E-04 0.213376E-09 0.762939E-05
  --> max change: dpmx=   2.9920E+02

== GEOMECHANICS ================================================================

 Step    288 Time=  5.48201E-01 Dt=  5.33091E-06 [hour] conv_reason: 2
  linear =   146 [     41018] cuts =  0 [   0]

== RICHARDS FLOW ===============================================================
  0 2r: 2.25E-02 2x: 0.00E+00 2u: 0.00E+00 ir: 2.18E-02 iu: 0.00E+00 rsn:   0
  1 2r: 1.18E-05 2x: 1.72E+09 2u: 8.97E+02 ir: 7.63E-06 iu: 2.99E+02 rsn:   0
  2 2r: 1.18E-05 2x: 1.72E+09 2u: 1.92E-02 ir: 7.63E-06 iu: 6.40E-03 rsn: stol

 Step    289 Time=  5.48206E-01 Dt=  5.33714E-06 [hour] conv_reason: 4
  newton =   2 [     562] linear =     4 [      1150] cuts =  0 [   0]
  --> SNES Linear/Non-Linear Iterations = 4 / 2
  --> SNES Residual: 0.118349E-04 0.225535E-09 0.762939E-05
  --> max change: dpmx=   2.9920E+02

== GEOMECHANICS ================================================================

 Step    289 Time=  5.48206E-01 Dt=  5.33714E-06 [hour] conv_reason: 2
  linear =   138 [     41156] cuts =  0 [   0]

== RICHARDS FLOW ===============================================================
  0 2r: 2.25E-02 2x: 0.00E+00 2u: 0.00E+00 ir: 2.18E-02 iu: 0.00E+00 rsn:   0
  1 2r: 9.08E-06 2x: 1.72E+09 2u: 8.97E+02 ir: 3.81E-06 iu: 2.99E+02 rsn:   0
  2 2r: 1.12E-05 2x: 1.72E+09 2u: 1.92E-02 ir: 7.63E-06 iu: 6.41E-03 rsn: stol

 Step    290 Time=  5.48212E-01 Dt=  5.34339E-06 [hour] conv_reason: 4
  newton =   2 [     564] linear =     4 [      1154] cuts =  0 [   0]
  --> SNES Linear/Non-Linear Iterations = 4 / 2
  --> SNES Residual: 0.112228E-04 0.213870E-09 0.762939E-05
  --> max change: dpmx=   2.9920E+02

== GEOMECHANICS ================================================================

 Step    290 Time=  5.48212E-01 Dt=  5.34339E-06 [hour] conv_reason: 2
  linear =   139 [     41295] cuts =  0 [   0]

== RICHARDS FLOW ===============================================================
  0 2r: 2.25E-02 2x: 0.00E+00 2u: 0.00E+00 ir: 2.18E-02 iu: 0.00E+00 rsn:   0
  1 2r: 1.42E-05 2x: 1.72E+09 2u: 8.97E+02 ir: 1.14E-05 iu: 2.99E+02 rsn:   0
  2 2r: 1.13E-05 2x: 1.72E+09 2u: 1.92E-02 ir: 7.63E-06 iu: 6.41E-03 rsn: stol

 Step    291 Time=  5.48217E-01 Dt=  5.34965E-06 [hour] conv_reason: 4
  newton =   2 [     566] linear =     4 [      1158] cuts =  0 [   0]
  --> SNES Linear/Non-Linear Iterations = 4 / 2
  --> SNES Residual: 0.113426E-04 0.216152E-09 0.762939E-05
  --> max change: dpmx=   2.9920E+02

== GEOMECHANICS ================================================================

 Step    291 Time=  5.48217E-01 Dt=  5.34965E-06 [hour] conv_reason: 2
  linear =   137 [     41432] cuts =  0 [   0]

== RICHARDS FLOW ===============================================================
  0 2r: 2.25E-02 2x: 0.00E+00 2u: 0.00E+00 ir: 2.18E-02 iu: 0.00E+00 rsn:   0
  1 2r: 1.15E-05 2x: 1.72E+09 2u: 8.97E+02 ir: 7.63E-06 iu: 2.99E+02 rsn:   0
  2 2r: 1.15E-05 2x: 1.72E+09 2u: 1.93E-02 ir: 7.63E-06 iu: 6.42E-03 rsn: stol

 Step    292 Time=  5.48222E-01 Dt=  5.35592E-06 [hour] conv_reason: 4
  newton =   2 [     568] linear =     4 [      1162] cuts =  0 [   0]
  --> SNES Linear/Non-Linear Iterations = 4 / 2
  --> SNES Residual: 0.114968E-04 0.219092E-09 0.762939E-05
  --> max change: dpmx=   2.9920E+02

== GEOMECHANICS ================================================================

 Step    292 Time=  5.48222E-01 Dt=  5.35592E-06 [hour] conv_reason: 2
  linear =   145 [     41577] cuts =  0 [   0]

== RICHARDS FLOW ===============================================================
  0 2r: 2.26E-02 2x: 0.00E+00 2u: 0.00E+00 ir: 2.18E-02 iu: 0.00E+00 rsn:   0
  1 2r: 9.90E-06 2x: 1.72E+09 2u: 8.97E+02 ir: 3.81E-06 iu: 2.99E+02 rsn:   0
  2 2r: 1.19E-05 2x: 1.72E+09 2u: 1.93E-02 ir: 7.63E-06 iu: 6.43E-03 rsn: stol

 Step    293 Time=  5.48228E-01 Dt=  5.36221E-06 [hour] conv_reason: 4
  newton =   2 [     570] linear =     4 [      1166] cuts =  0 [   0]
  --> SNES Linear/Non-Linear Iterations = 4 / 2
  --> SNES Residual: 0.118829E-04 0.226450E-09 0.762939E-05
  --> max change: dpmx=   2.9920E+02

== GEOMECHANICS ================================================================

 Step    293 Time=  5.48228E-01 Dt=  5.36221E-06 [hour] conv_reason: 2
  linear =   143 [     41720] cuts =  0 [   0]

== RICHARDS FLOW ===============================================================
  0 2r: 2.26E-02 2x: 0.00E+00 2u: 0.00E+00 ir: 2.19E-02 iu: 0.00E+00 rsn:   0
  1 2r: 1.43E-05 2x: 1.72E+09 2u: 8.97E+02 ir: 1.14E-05 iu: 2.99E+02 rsn:   0
  2 2r: 1.14E-05 2x: 1.72E+09 2u: 1.93E-02 ir: 7.63E-06 iu: 6.44E-03 rsn: stol

 Step    294 Time=  5.48233E-01 Dt=  5.36852E-06 [hour] conv_reason: 4
  newton =   2 [     572] linear =     4 [      1170] cuts =  0 [   0]
  --> SNES Linear/Non-Linear Iterations = 4 / 2
  --> SNES Residual: 0.113540E-04 0.216370E-09 0.762939E-05
  --> max change: dpmx=   2.9920E+02

== GEOMECHANICS ================================================================

 Step    294 Time=  5.48233E-01 Dt=  5.36852E-06 [hour] conv_reason: 2
  linear =   138 [     41858] cuts =  0 [   0]

== RICHARDS FLOW ===============================================================
  0 2r: 2.26E-02 2x: 0.00E+00 2u: 0.00E+00 ir: 2.19E-02 iu: 0.00E+00 rsn:   0
  1 2r: 1.14E-05 2x: 1.72E+09 2u: 8.97E+02 ir: 7.63E-06 iu: 2.99E+02 rsn:   0
  2 2r: 1.14E-05 2x: 1.72E+09 2u: 1.93E-02 ir: 7.63E-06 iu: 6.44E-03 rsn: stol

 Step    295 Time=  5.48238E-01 Dt=  5.37484E-06 [hour] conv_reason: 4
  newton =   2 [     574] linear =     4 [      1174] cuts =  0 [   0]
  --> SNES Linear/Non-Linear Iterations = 4 / 2
  --> SNES Residual: 0.113669E-04 0.216615E-09 0.762939E-05
  --> max change: dpmx=   2.9919E+02

== GEOMECHANICS ================================================================

 Step    295 Time=  5.48238E-01 Dt=  5.37484E-06 [hour] conv_reason: 2
  linear =   140 [     41998] cuts =  0 [   0]

== RICHARDS FLOW ===============================================================
  0 2r: 2.26E-02 2x: 0.00E+00 2u: 0.00E+00 ir: 2.19E-02 iu: 0.00E+00 rsn:   0
  1 2r: 1.02E-05 2x: 1.72E+09 2u: 8.97E+02 ir: 3.81E-06 iu: 2.99E+02 rsn:   0
  2 2r: 1.21E-05 2x: 1.72E+09 2u: 1.93E-02 ir: 7.63E-06 iu: 6.45E-03 rsn: stol

 Step    296 Time=  5.48244E-01 Dt=  5.38118E-06 [hour] conv_reason: 4
  newton =   2 [     576] linear =     4 [      1178] cuts =  0 [   0]
  --> SNES Linear/Non-Linear Iterations = 4 / 2
  --> SNES Residual: 0.121124E-04 0.230822E-09 0.762939E-05
  --> max change: dpmx=   2.9919E+02

== GEOMECHANICS ================================================================

 Step    296 Time=  5.48244E-01 Dt=  5.38118E-06 [hour] conv_reason: 2
  linear =   138 [     42136] cuts =  0 [   0]

== RICHARDS FLOW ===============================================================
  0 2r: 2.26E-02 2x: 0.00E+00 2u: 0.00E+00 ir: 2.19E-02 iu: 0.00E+00 rsn:   0
  1 2r: 1.42E-05 2x: 1.72E+09 2u: 8.97E+02 ir: 1.14E-05 iu: 2.99E+02 rsn:   0
  2 2r: 1.14E-05 2x: 1.72E+09 2u: 1.94E-02 ir: 7.63E-06 iu: 6.46E-03 rsn: stol

 Step    297 Time=  5.48249E-01 Dt=  5.38753E-06 [hour] conv_reason: 4
  newton =   2 [     578] linear =     4 [      1182] cuts =  0 [   0]
  --> SNES Linear/Non-Linear Iterations = 4 / 2
  --> SNES Residual: 0.113680E-04 0.216637E-09 0.762939E-05
  --> max change: dpmx=   2.9919E+02

== GEOMECHANICS ================================================================

 Step    297 Time=  5.48249E-01 Dt=  5.38753E-06 [hour] conv_reason: 2
  linear =   141 [     42277] cuts =  0 [   0]

== RICHARDS FLOW ===============================================================
  0 2r: 2.26E-02 2x: 0.00E+00 2u: 0.00E+00 ir: 2.19E-02 iu: 0.00E+00 rsn:   0
  1 2r: 1.16E-05 2x: 1.72E+09 2u: 8.97E+02 ir: 7.63E-06 iu: 2.99E+02 rsn:   0
  2 2r: 1.15E-05 2x: 1.72E+09 2u: 1.94E-02 ir: 7.63E-06 iu: 6.47E-03 rsn: stol

 Step    298 Time=  5.48255E-01 Dt=  5.39389E-06 [hour] conv_reason: 4
  newton =   2 [     580] linear =     4 [      1186] cuts =  0 [   0]
  --> SNES Linear/Non-Linear Iterations = 4 / 2
  --> SNES Residual: 0.115442E-04 0.219993E-09 0.762939E-05
  --> max change: dpmx=   2.9919E+02

== GEOMECHANICS ================================================================

 Step    298 Time=  5.48255E-01 Dt=  5.39389E-06 [hour] conv_reason: 2
  linear =   138 [     42415] cuts =  0 [   0]

== RICHARDS FLOW ===============================================================
  0 2r: 2.26E-02 2x: 0.00E+00 2u: 0.00E+00 ir: 2.19E-02 iu: 0.00E+00 rsn:   0
  1 2r: 1.18E-05 2x: 1.72E+09 2u: 8.97E+02 ir: 7.63E-06 iu: 2.99E+02 rsn:   0
  2 2r: 1.17E-05 2x: 1.72E+09 2u: 1.94E-02 ir: 7.63E-06 iu: 6.48E-03 rsn: stol

 Step    299 Time=  5.48260E-01 Dt=  5.40027E-06 [hour] conv_reason: 4
  newton =   2 [     582] linear =     4 [      1190] cuts =  0 [   0]
  --> SNES Linear/Non-Linear Iterations = 4 / 2
  --> SNES Residual: 0.116611E-04 0.222223E-09 0.762939E-05
  --> max change: dpmx=   2.9919E+02

== GEOMECHANICS ================================================================

 Step    299 Time=  5.48260E-01 Dt=  5.40027E-06 [hour] conv_reason: 2
  linear =   143 [     42558] cuts =  0 [   0]

== RICHARDS FLOW ===============================================================
  0 2r: 2.26E-02 2x: 0.00E+00 2u: 0.00E+00 ir: 2.19E-02 iu: 0.00E+00 rsn:   0
  1 2r: 1.20E-05 2x: 1.72E+09 2u: 8.97E+02 ir: 7.63E-06 iu: 2.99E+02 rsn:   0
  2 2r: 1.19E-05 2x: 1.72E+09 2u: 1.94E-02 ir: 7.63E-06 iu: 6.48E-03 rsn: stol

 Step    300 Time=  5.48265E-01 Dt=  5.40667E-06 [hour] conv_reason: 4
  newton =   2 [     584] linear =     4 [      1194] cuts =  0 [   0]
  --> SNES Linear/Non-Linear Iterations = 4 / 2
  --> SNES Residual: 0.119483E-04 0.227695E-09 0.762939E-05
  --> max change: dpmx=   2.9919E+02

== GEOMECHANICS ================================================================

 Step    300 Time=  5.48265E-01 Dt=  5.40667E-06 [hour] conv_reason: 2
  linear =   142 [     42700] cuts =  0 [   0]

== RICHARDS FLOW ===============================================================
  0 2r: 2.26E-02 2x: 0.00E+00 2u: 0.00E+00 ir: 2.19E-02 iu: 0.00E+00 rsn:   0
  1 2r: 1.16E-05 2x: 1.72E+09 2u: 8.97E+02 ir: 7.63E-06 iu: 2.99E+02 rsn:   0
  2 2r: 1.16E-05 2x: 1.72E+09 2u: 1.95E-02 ir: 7.63E-06 iu: 6.49E-03 rsn: stol

 Step    301 Time=  5.48271E-01 Dt=  5.41308E-06 [hour] conv_reason: 4
  newton =   2 [     586] linear =     4 [      1198] cuts =  0 [   0]
  --> SNES Linear/Non-Linear Iterations = 4 / 2
  --> SNES Residual: 0.116466E-04 0.221947E-09 0.762939E-05
  --> max change: dpmx=   2.9919E+02

== GEOMECHANICS ================================================================

 Step    301 Time=  5.48271E-01 Dt=  5.41308E-06 [hour] conv_reason: 2
  linear =   138 [     42838] cuts =  0 [   0]

== RICHARDS FLOW ===============================================================
  0 2r: 2.26E-02 2x: 0.00E+00 2u: 0.00E+00 ir: 2.19E-02 iu: 0.00E+00 rsn:   0
  1 2r: 9.84E-06 2x: 1.72E+09 2u: 8.97E+02 ir: 3.81E-06 iu: 2.99E+02 rsn:   0
  2 2r: 1.18E-05 2x: 1.72E+09 2u: 1.95E-02 ir: 7.63E-06 iu: 6.50E-03 rsn: stol

 Step    302 Time=  5.48276E-01 Dt=  5.41950E-06 [hour] conv_reason: 4
  newton =   2 [     588] linear =     4 [      1202] cuts =  0 [   0]
  --> SNES Linear/Non-Linear Iterations = 4 / 2
  --> SNES Residual: 0.118342E-04 0.225521E-09 0.762939E-05
  --> max change: dpmx=   2.9919E+02

== GEOMECHANICS ================================================================

 Step    302 Time=  5.48276E-01 Dt=  5.41950E-06 [hour] conv_reason: 2
  linear =   137 [     42975] cuts =  0 [   0]

== RICHARDS FLOW ===============================================================
  0 2r: 2.26E-02 2x: 0.00E+00 2u: 0.00E+00 ir: 2.19E-02 iu: 0.00E+00 rsn:   0
  1 2r: 1.48E-05 2x: 1.72E+09 2u: 8.97E+02 ir: 1.14E-05 iu: 2.99E+02 rsn:   0
  2 2r: 1.21E-05 2x: 1.72E+09 2u: 1.95E-02 ir: 7.63E-06 iu: 6.51E-03 rsn: stol

 Step    303 Time=  5.48282E-01 Dt=  5.42594E-06 [hour] conv_reason: 4
  newton =   2 [     590] linear =     4 [      1206] cuts =  0 [   0]
  --> SNES Linear/Non-Linear Iterations = 4 / 2
  --> SNES Residual: 0.120928E-04 0.230450E-09 0.762939E-05
  --> max change: dpmx=   2.9919E+02

== GEOMECHANICS ================================================================

 Step    303 Time=  5.48282E-01 Dt=  5.42594E-06 [hour] conv_reason: 2
  linear =   141 [     43116] cuts =  0 [   0]

== RICHARDS FLOW ===============================================================
  0 2r: 2.26E-02 2x: 0.00E+00 2u: 0.00E+00 ir: 2.19E-02 iu: 0.00E+00 rsn:   0
  1 2r: 1.17E-05 2x: 1.72E+09 2u: 8.97E+02 ir: 7.63E-06 iu: 2.99E+02 rsn:   0
  2 2r: 1.17E-05 2x: 1.72E+09 2u: 1.95E-02 ir: 7.63E-06 iu: 6.51E-03 rsn: stol

 Step    304 Time=  5.48287E-01 Dt=  5.43240E-06 [hour] conv_reason: 4
  newton =   2 [     592] linear =     4 [      1210] cuts =  0 [   0]
  --> SNES Linear/Non-Linear Iterations = 4 / 2
  --> SNES Residual: 0.116538E-04 0.222084E-09 0.762939E-05
  --> max change: dpmx=   2.9919E+02

== GEOMECHANICS ================================================================

 Step    304 Time=  5.48287E-01 Dt=  5.43240E-06 [hour] conv_reason: 2
  linear =   142 [     43258] cuts =  0 [   0]

== RICHARDS FLOW ===============================================================
  0 2r: 2.26E-02 2x: 0.00E+00 2u: 0.00E+00 ir: 2.19E-02 iu: 0.00E+00 rsn:   0
  1 2r: 1.19E-05 2x: 1.72E+09 2u: 8.97E+02 ir: 7.63E-06 iu: 2.99E+02 rsn:   0
  2 2r: 1.19E-05 2x: 1.72E+09 2u: 1.96E-02 ir: 7.63E-06 iu: 6.52E-03 rsn: stol

 Step    305 Time=  5.48293E-01 Dt=  5.43887E-06 [hour] conv_reason: 4
  newton =   2 [     594] linear =     4 [      1214] cuts =  0 [   0]
  --> SNES Linear/Non-Linear Iterations = 4 / 2
  --> SNES Residual: 0.118836E-04 0.226463E-09 0.762939E-05
  --> max change: dpmx=   2.9919E+02

== GEOMECHANICS ================================================================

 Step    305 Time=  5.48293E-01 Dt=  5.43887E-06 [hour] conv_reason: 2
  linear =   143 [     43401] cuts =  0 [   0]

== RICHARDS FLOW ===============================================================
  0 2r: 2.26E-02 2x: 0.00E+00 2u: 0.00E+00 ir: 2.19E-02 iu: 0.00E+00 rsn:   0
  1 2r: 1.20E-05 2x: 1.72E+09 2u: 8.97E+02 ir: 7.63E-06 iu: 2.99E+02 rsn:   0
  2 2r: 1.20E-05 2x: 1.72E+09 2u: 1.96E-02 ir: 7.63E-06 iu: 6.53E-03 rsn: stol

 Step    306 Time=  5.48298E-01 Dt=  5.44536E-06 [hour] conv_reason: 4
  newton =   2 [     596] linear =     4 [      1218] cuts =  0 [   0]
  --> SNES Linear/Non-Linear Iterations = 4 / 2
  --> SNES Residual: 0.120230E-04 0.229118E-09 0.762939E-05
  --> max change: dpmx=   2.9919E+02

== GEOMECHANICS ================================================================

 Step    306 Time=  5.48298E-01 Dt=  5.44536E-06 [hour] conv_reason: 2
  linear =   138 [     43539] cuts =  0 [   0]

== RICHARDS FLOW ===============================================================
  0 2r: 2.26E-02 2x: 0.00E+00 2u: 0.00E+00 ir: 2.19E-02 iu: 0.00E+00 rsn:   0
  1 2r: 1.19E-05 2x: 1.72E+09 2u: 8.97E+02 ir: 7.63E-06 iu: 2.99E+02 rsn:   0
  2 2r: 1.19E-05 2x: 1.72E+09 2u: 1.96E-02 ir: 7.63E-06 iu: 6.54E-03 rsn: stol

 Step    307 Time=  5.48303E-01 Dt=  5.45186E-06 [hour] conv_reason: 4
  newton =   2 [     598] linear =     4 [      1222] cuts =  0 [   0]
  --> SNES Linear/Non-Linear Iterations = 4 / 2
  --> SNES Residual: 0.119289E-04 0.227324E-09 0.762939E-05
  --> max change: dpmx=   2.9918E+02

== GEOMECHANICS ================================================================

 Step    307 Time=  5.48303E-01 Dt=  5.45186E-06 [hour] conv_reason: 2
  linear =   146 [     43685] cuts =  0 [   0]

== RICHARDS FLOW ===============================================================
  0 2r: 2.26E-02 2x: 0.00E+00 2u: 0.00E+00 ir: 2.19E-02 iu: 0.00E+00 rsn:   0
  1 2r: 1.21E-05 2x: 1.72E+09 2u: 8.97E+02 ir: 7.63E-06 iu: 2.99E+02 rsn:   0
  2 2r: 1.21E-05 2x: 1.72E+09 2u: 1.96E-02 ir: 7.63E-06 iu: 6.55E-03 rsn: stol

 Step    308 Time=  5.48309E-01 Dt=  5.45838E-06 [hour] conv_reason: 4
  newton =   2 [     600] linear =     4 [      1226] cuts =  0 [   0]
  --> SNES Linear/Non-Linear Iterations = 4 / 2
  --> SNES Residual: 0.120572E-04 0.229770E-09 0.762939E-05
  --> max change: dpmx=   2.9918E+02

== GEOMECHANICS ================================================================

 Step    308 Time=  5.48309E-01 Dt=  5.45838E-06 [hour] conv_reason: 2
  linear =   139 [     43824] cuts =  0 [   0]

== RICHARDS FLOW ===============================================================
  0 2r: 2.26E-02 2x: 0.00E+00 2u: 0.00E+00 ir: 2.19E-02 iu: 0.00E+00 rsn:   0
  1 2r: 1.01E-05 2x: 1.72E+09 2u: 8.97E+02 ir: 3.81E-06 iu: 2.99E+02 rsn:   0
  2 2r: 1.20E-05 2x: 1.72E+09 2u: 1.96E-02 ir: 7.63E-06 iu: 6.55E-03 rsn: stol

 Step    309 Time=  5.48314E-01 Dt=  5.46491E-06 [hour] conv_reason: 4
  newton =   2 [     602] linear =     4 [      1230] cuts =  0 [   0]
  --> SNES Linear/Non-Linear Iterations = 4 / 2
  --> SNES Residual: 0.120220E-04 0.229100E-09 0.762939E-05
  --> max change: dpmx=   2.9918E+02

== GEOMECHANICS ================================================================

 Step    309 Time=  5.48314E-01 Dt=  5.46491E-06 [hour] conv_reason: 2
  linear =   140 [     43964] cuts =  0 [   0]

== RICHARDS FLOW ===============================================================
  0 2r: 2.26E-02 2x: 0.00E+00 2u: 0.00E+00 ir: 2.19E-02 iu: 0.00E+00 rsn:   0
  1 2r: 1.47E-05 2x: 1.72E+09 2u: 8.97E+02 ir: 1.14E-05 iu: 2.99E+02 rsn:   0
  2 2r: 1.20E-05 2x: 1.72E+09 2u: 1.97E-02 ir: 7.63E-06 iu: 6.56E-03 rsn: stol

 Step    310 Time=  5.48320E-01 Dt=  5.47146E-06 [hour] conv_reason: 4
  newton =   2 [     604] linear =     4 [      1234] cuts =  0 [   0]
  --> SNES Linear/Non-Linear Iterations = 4 / 2
  --> SNES Residual: 0.120161E-04 0.228986E-09 0.762939E-05
  --> max change: dpmx=   2.9918E+02

== GEOMECHANICS ================================================================

 Step    310 Time=  5.48320E-01 Dt=  5.47146E-06 [hour] conv_reason: 2
  linear =   145 [     44109] cuts =  0 [   0]

== RICHARDS FLOW ===============================================================
  0 2r: 2.26E-02 2x: 0.00E+00 2u: 0.00E+00 ir: 2.19E-02 iu: 0.00E+00 rsn:   0
  1 2r: 1.21E-05 2x: 1.72E+09 2u: 8.97E+02 ir: 7.63E-06 iu: 2.99E+02 rsn:   0
  2 2r: 1.21E-05 2x: 1.72E+09 2u: 1.97E-02 ir: 7.63E-06 iu: 6.57E-03 rsn: stol

 Step    311 Time=  5.48325E-01 Dt=  5.47803E-06 [hour] conv_reason: 4
  newton =   2 [     606] linear =     4 [      1238] cuts =  0 [   0]
  --> SNES Linear/Non-Linear Iterations = 4 / 2
  --> SNES Residual: 0.120686E-04 0.229988E-09 0.762939E-05
  --> max change: dpmx=   2.9918E+02

== GEOMECHANICS ================================================================

 Step    311 Time=  5.48325E-01 Dt=  5.47803E-06 [hour] conv_reason: 2
  linear =   149 [     44258] cuts =  0 [   0]

== RICHARDS FLOW ===============================================================
  0 2r: 2.26E-02 2x: 0.00E+00 2u: 0.00E+00 ir: 2.19E-02 iu: 0.00E+00 rsn:   0
  1 2r: 1.21E-05 2x: 1.72E+09 2u: 8.97E+02 ir: 7.63E-06 iu: 2.99E+02 rsn:   0
  2 2r: 1.20E-05 2x: 1.72E+09 2u: 1.97E-02 ir: 7.63E-06 iu: 6.58E-03 rsn: stol

 Step    312 Time=  5.48331E-01 Dt=  5.48461E-06 [hour] conv_reason: 4
  newton =   2 [     608] linear =     4 [      1242] cuts =  0 [   0]
  --> SNES Linear/Non-Linear Iterations = 4 / 2
  --> SNES Residual: 0.120079E-04 0.228830E-09 0.762939E-05
  --> max change: dpmx=   2.9918E+02

== GEOMECHANICS ================================================================

 Step    312 Time=  5.48331E-01 Dt=  5.48461E-06 [hour] conv_reason: 2
  linear =   141 [     44399] cuts =  0 [   0]

== RICHARDS FLOW ===============================================================
  0 2r: 2.26E-02 2x: 0.00E+00 2u: 0.00E+00 ir: 2.19E-02 iu: 0.00E+00 rsn:   0
  1 2r: 1.22E-05 2x: 1.72E+09 2u: 8.97E+02 ir: 7.63E-06 iu: 2.99E+02 rsn:   0
  2 2r: 1.22E-05 2x: 1.72E+09 2u: 1.97E-02 ir: 7.63E-06 iu: 6.59E-03 rsn: stol

 Step    313 Time=  5.48336E-01 Dt=  5.49120E-06 [hour] conv_reason: 4
  newton =   2 [     610] linear =     4 [      1246] cuts =  0 [   0]
  --> SNES Linear/Non-Linear Iterations = 4 / 2
  --> SNES Residual: 0.121715E-04 0.231949E-09 0.762939E-05
  --> max change: dpmx=   2.9918E+02

== GEOMECHANICS ================================================================

 Step    313 Time=  5.48336E-01 Dt=  5.49120E-06 [hour] conv_reason: 2
  linear =   145 [     44544] cuts =  0 [   0]

== RICHARDS FLOW ===============================================================
  0 2r: 2.26E-02 2x: 0.00E+00 2u: 0.00E+00 ir: 2.19E-02 iu: 0.00E+00 rsn:   0
  1 2r: 1.25E-05 2x: 1.72E+09 2u: 8.97E+02 ir: 7.63E-06 iu: 2.99E+02 rsn:   0
  2 2r: 1.25E-05 2x: 1.72E+09 2u: 1.98E-02 ir: 7.63E-06 iu: 6.59E-03 rsn: stol

 Step    314 Time=  5.48342E-01 Dt=  5.49782E-06 [hour] conv_reason: 4
  newton =   2 [     612] linear =     4 [      1250] cuts =  0 [   0]
  --> SNES Linear/Non-Linear Iterations = 4 / 2
  --> SNES Residual: 0.125027E-04 0.238259E-09 0.762939E-05
  --> max change: dpmx=   2.9918E+02

== GEOMECHANICS ================================================================

 Step    314 Time=  5.48342E-01 Dt=  5.49782E-06 [hour] conv_reason: 2
  linear =   142 [     44686] cuts =  0 [   0]

== RICHARDS FLOW ===============================================================
  0 2r: 2.26E-02 2x: 0.00E+00 2u: 0.00E+00 ir: 2.19E-02 iu: 0.00E+00 rsn:   0
  1 2r: 1.20E-05 2x: 1.72E+09 2u: 8.97E+02 ir: 7.63E-06 iu: 2.99E+02 rsn:   0
  2 2r: 1.20E-05 2x: 1.72E+09 2u: 1.98E-02 ir: 7.63E-06 iu: 6.60E-03 rsn: stol

 Step    315 Time=  5.48347E-01 Dt=  5.50444E-06 [hour] conv_reason: 4
  newton =   2 [     614] linear =     4 [      1254] cuts =  0 [   0]
  --> SNES Linear/Non-Linear Iterations = 4 / 2
  --> SNES Residual: 0.120349E-04 0.229346E-09 0.762939E-05
  --> max change: dpmx=   2.9918E+02

== GEOMECHANICS ================================================================

 Step    315 Time=  5.48347E-01 Dt=  5.50444E-06 [hour] conv_reason: 2
  linear =   147 [     44833] cuts =  0 [   0]

== RICHARDS FLOW ===============================================================
  0 2r: 2.26E-02 2x: 0.00E+00 2u: 0.00E+00 ir: 2.19E-02 iu: 0.00E+00 rsn:   0
  1 2r: 1.23E-05 2x: 1.72E+09 2u: 8.97E+02 ir: 7.63E-06 iu: 2.99E+02 rsn:   0
  2 2r: 1.24E-05 2x: 1.72E+09 2u: 1.98E-02 ir: 7.63E-06 iu: 6.61E-03 rsn: stol

 Step    316 Time=  5.48353E-01 Dt=  5.51109E-06 [hour] conv_reason: 4
  newton =   2 [     616] linear =     4 [      1258] cuts =  0 [   0]
  --> SNES Linear/Non-Linear Iterations = 4 / 2
  --> SNES Residual: 0.123515E-04 0.235378E-09 0.762939E-05
  --> max change: dpmx=   2.9918E+02

== GEOMECHANICS ================================================================

 Step    316 Time=  5.48353E-01 Dt=  5.51109E-06 [hour] conv_reason: 2
  linear =   141 [     44974] cuts =  0 [   0]

== RICHARDS FLOW ===============================================================
  0 2r: 2.26E-02 2x: 0.00E+00 2u: 0.00E+00 ir: 2.19E-02 iu: 0.00E+00 rsn:   0
  1 2r: 1.26E-05 2x: 1.72E+09 2u: 8.97E+02 ir: 7.63E-06 iu: 2.99E+02 rsn:   0
  2 2r: 1.27E-05 2x: 1.72E+09 2u: 1.98E-02 ir: 7.63E-06 iu: 6.62E-03 rsn: stol

 Step    317 Time=  5.48358E-01 Dt=  5.51775E-06 [hour] conv_reason: 4
  newton =   2 [     618] linear =     4 [      1262] cuts =  0 [   0]
  --> SNES Linear/Non-Linear Iterations = 4 / 2
  --> SNES Residual: 0.126521E-04 0.241108E-09 0.762939E-05
  --> max change: dpmx=   2.9918E+02

== GEOMECHANICS ================================================================

 Step    317 Time=  5.48358E-01 Dt=  5.51775E-06 [hour] conv_reason: 2
  linear =   143 [     45117] cuts =  0 [   0]

== RICHARDS FLOW ===============================================================
  0 2r: 2.26E-02 2x: 0.00E+00 2u: 0.00E+00 ir: 2.19E-02 iu: 0.00E+00 rsn:   0
  1 2r: 1.21E-05 2x: 1.72E+09 2u: 8.97E+02 ir: 7.63E-06 iu: 2.99E+02 rsn:   0
  2 2r: 1.21E-05 2x: 1.72E+09 2u: 1.99E-02 ir: 7.63E-06 iu: 6.63E-03 rsn: stol

 Step    318 Time=  5.48364E-01 Dt=  5.52442E-06 [hour] conv_reason: 4
  newton =   2 [     620] linear =     4 [      1266] cuts =  0 [   0]
  --> SNES Linear/Non-Linear Iterations = 4 / 2
  --> SNES Residual: 0.121395E-04 0.231339E-09 0.762939E-05
  --> max change: dpmx=   2.9917E+02

== GEOMECHANICS ================================================================

 Step    318 Time=  5.48364E-01 Dt=  5.52442E-06 [hour] conv_reason: 2
  linear =   139 [     45256] cuts =  0 [   0]

== RICHARDS FLOW ===============================================================
  0 2r: 2.26E-02 2x: 0.00E+00 2u: 0.00E+00 ir: 2.19E-02 iu: 0.00E+00 rsn:   0
  1 2r: 1.03E-05 2x: 1.72E+09 2u: 8.97E+02 ir: 3.81E-06 iu: 2.99E+02 rsn:   0
  2 2r: 1.22E-05 2x: 1.72E+09 2u: 1.99E-02 ir: 7.63E-06 iu: 6.63E-03 rsn: stol

 Step    319 Time=  5.48369E-01 Dt=  5.53112E-06 [hour] conv_reason: 4
  newton =   2 [     622] linear =     4 [      1270] cuts =  0 [   0]
  --> SNES Linear/Non-Linear Iterations = 4 / 2
  --> SNES Residual: 0.121900E-04 0.232302E-09 0.762939E-05
  --> max change: dpmx=   2.9917E+02

== GEOMECHANICS ================================================================

 Step    319 Time=  5.48369E-01 Dt=  5.53112E-06 [hour] conv_reason: 2
  linear =   147 [     45403] cuts =  0 [   0]

== RICHARDS FLOW ===============================================================
  0 2r: 2.26E-02 2x: 0.00E+00 2u: 0.00E+00 ir: 2.19E-02 iu: 0.00E+00 rsn:   0
  1 2r: 1.53E-05 2x: 1.72E+09 2u: 8.97E+02 ir: 1.14E-05 iu: 2.99E+02 rsn:   0
  2 2r: 1.27E-05 2x: 1.72E+09 2u: 1.99E-02 ir: 7.63E-06 iu: 6.64E-03 rsn: stol

 Step    320 Time=  5.48375E-01 Dt=  5.53782E-06 [hour] conv_reason: 4
  newton =   2 [     624] linear =     4 [      1274] cuts =  0 [   0]
  --> SNES Linear/Non-Linear Iterations = 4 / 2
  --> SNES Residual: 0.126836E-04 0.241708E-09 0.762939E-05
  --> max change: dpmx=   2.9917E+02

== GEOMECHANICS ================================================================

 Step    320 Time=  5.48375E-01 Dt=  5.53782E-06 [hour] conv_reason: 2
  linear =   137 [     45540] cuts =  0 [   0]

== RICHARDS FLOW ===============================================================
  0 2r: 2.26E-02 2x: 0.00E+00 2u: 0.00E+00 ir: 2.19E-02 iu: 0.00E+00 rsn:   0
  1 2r: 1.24E-05 2x: 1.72E+09 2u: 8.97E+02 ir: 7.63E-06 iu: 2.99E+02 rsn:   0
  2 2r: 1.24E-05 2x: 1.72E+09 2u: 1.99E-02 ir: 7.63E-06 iu: 6.65E-03 rsn: stol

 Step    321 Time=  5.48380E-01 Dt=  5.54455E-06 [hour] conv_reason: 4
  newton =   2 [     626] linear =     4 [      1278] cuts =  0 [   0]
  --> SNES Linear/Non-Linear Iterations = 4 / 2
  --> SNES Residual: 0.123768E-04 0.235861E-09 0.762939E-05
  --> max change: dpmx=   2.9917E+02

== GEOMECHANICS ================================================================

 Step    321 Time=  5.48380E-01 Dt=  5.54455E-06 [hour] conv_reason: 2
  linear =   143 [     45683] cuts =  0 [   0]

== RICHARDS FLOW ===============================================================
  0 2r: 2.26E-02 2x: 0.00E+00 2u: 0.00E+00 ir: 2.19E-02 iu: 0.00E+00 rsn:   0
  1 2r: 1.22E-05 2x: 1.72E+09 2u: 8.97E+02 ir: 7.63E-06 iu: 2.99E+02 rsn:   0
  2 2r: 1.22E-05 2x: 1.72E+09 2u: 2.00E-02 ir: 7.63E-06 iu: 6.66E-03 rsn: stol

 Step    322 Time=  5.48386E-01 Dt=  5.55129E-06 [hour] conv_reason: 4
  newton =   2 [     628] linear =     4 [      1282] cuts =  0 [   0]
  --> SNES Linear/Non-Linear Iterations = 4 / 2
  --> SNES Residual: 0.122138E-04 0.232755E-09 0.762939E-05
  --> max change: dpmx=   2.9917E+02

== GEOMECHANICS ================================================================

 Step    322 Time=  5.48386E-01 Dt=  5.55129E-06 [hour] conv_reason: 2
  linear =   142 [     45825] cuts =  0 [   0]

== RICHARDS FLOW ===============================================================
  0 2r: 2.26E-02 2x: 0.00E+00 2u: 0.00E+00 ir: 2.19E-02 iu: 0.00E+00 rsn:   0
  1 2r: 1.25E-05 2x: 1.72E+09 2u: 8.97E+02 ir: 7.63E-06 iu: 2.99E+02 rsn:   0
  2 2r: 1.25E-05 2x: 1.72E+09 2u: 2.00E-02 ir: 7.63E-06 iu: 6.67E-03 rsn: stol

 Step    323 Time=  5.48392E-01 Dt=  5.55805E-06 [hour] conv_reason: 4
  newton =   2 [     630] linear =     4 [      1286] cuts =  0 [   0]
  --> SNES Linear/Non-Linear Iterations = 4 / 2
  --> SNES Residual: 0.125189E-04 0.238569E-09 0.762939E-05
  --> max change: dpmx=   2.9917E+02

== GEOMECHANICS ================================================================

 Step    323 Time=  5.48392E-01 Dt=  5.55805E-06 [hour] conv_reason: 2
  linear =   139 [     45964] cuts =  0 [   0]

== RICHARDS FLOW ===============================================================
  0 2r: 2.26E-02 2x: 0.00E+00 2u: 0.00E+00 ir: 2.19E-02 iu: 0.00E+00 rsn:   0
  1 2r: 1.28E-05 2x: 1.72E+09 2u: 8.97E+02 ir: 7.63E-06 iu: 2.99E+02 rsn:   0
  2 2r: 1.28E-05 2x: 1.72E+09 2u: 2.00E-02 ir: 7.63E-06 iu: 6.67E-03 rsn: stol

 Step    324 Time=  5.48397E-01 Dt=  5.56482E-06 [hour] conv_reason: 4
  newton =   2 [     632] linear =     4 [      1290] cuts =  0 [   0]
  --> SNES Linear/Non-Linear Iterations = 4 / 2
  --> SNES Residual: 0.128120E-04 0.244154E-09 0.762939E-05
  --> max change: dpmx=   2.9917E+02

== GEOMECHANICS ================================================================

 Step    324 Time=  5.48397E-01 Dt=  5.56482E-06 [hour] conv_reason: 2
  linear =   136 [     46100] cuts =  0 [   0]

== RICHARDS FLOW ===============================================================
  0 2r: 2.26E-02 2x: 0.00E+00 2u: 0.00E+00 ir: 2.19E-02 iu: 0.00E+00 rsn:   0
  1 2r: 1.24E-05 2x: 1.72E+09 2u: 8.97E+02 ir: 7.63E-06 iu: 2.99E+02 rsn:   0
  2 2r: 1.24E-05 2x: 1.72E+09 2u: 2.00E-02 ir: 7.63E-06 iu: 6.68E-03 rsn: stol

 Step    325 Time=  5.48403E-01 Dt=  5.57161E-06 [hour] conv_reason: 4
  newton =   2 [     634] linear =     4 [      1294] cuts =  0 [   0]
  --> SNES Linear/Non-Linear Iterations = 4 / 2
  --> SNES Residual: 0.123722E-04 0.235774E-09 0.762939E-05
  --> max change: dpmx=   2.9917E+02

== GEOMECHANICS ================================================================

 Step    325 Time=  5.48403E-01 Dt=  5.57161E-06 [hour] conv_reason: 2
  linear =   142 [     46242] cuts =  0 [   0]

== RICHARDS FLOW ===============================================================
  0 2r: 2.26E-02 2x: 0.00E+00 2u: 0.00E+00 ir: 2.19E-02 iu: 0.00E+00 rsn:   0
  1 2r: 1.25E-05 2x: 1.72E+09 2u: 8.97E+02 ir: 7.63E-06 iu: 2.99E+02 rsn:   0
  2 2r: 1.25E-05 2x: 1.72E+09 2u: 2.01E-02 ir: 7.63E-06 iu: 6.69E-03 rsn: stol

 Step    326 Time=  5.48408E-01 Dt=  5.57842E-06 [hour] conv_reason: 4
  newton =   2 [     636] linear =     4 [      1298] cuts =  0 [   0]
  --> SNES Linear/Non-Linear Iterations = 4 / 2
  --> SNES Residual: 0.125190E-04 0.238571E-09 0.762939E-05
  --> max change: dpmx=   2.9917E+02

== GEOMECHANICS ================================================================

 Step    326 Time=  5.48408E-01 Dt=  5.57842E-06 [hour] conv_reason: 2
  linear =   138 [     46380] cuts =  0 [   0]

== RICHARDS FLOW ===============================================================
  0 2r: 2.26E-02 2x: 0.00E+00 2u: 0.00E+00 ir: 2.19E-02 iu: 0.00E+00 rsn:   0
  1 2r: 1.11E-05 2x: 1.72E+09 2u: 8.97E+02 ir: 3.81E-06 iu: 2.99E+02 rsn:   0
  2 2r: 1.30E-05 2x: 1.72E+09 2u: 2.01E-02 ir: 7.63E-06 iu: 6.70E-03 rsn: stol

 Step    327 Time=  5.48414E-01 Dt=  5.58524E-06 [hour] conv_reason: 4
  newton =   2 [     638] linear =     4 [      1302] cuts =  0 [   0]
  --> SNES Linear/Non-Linear Iterations = 4 / 2
  --> SNES Residual: 0.130169E-04 0.248058E-09 0.762939E-05
  --> max change: dpmx=   2.9917E+02

== GEOMECHANICS ================================================================

 Step    327 Time=  5.48414E-01 Dt=  5.58524E-06 [hour] conv_reason: 2
  linear =   140 [     46520] cuts =  0 [   0]

== RICHARDS FLOW ===============================================================
  0 2r: 2.26E-02 2x: 0.00E+00 2u: 0.00E+00 ir: 2.19E-02 iu: 0.00E+00 rsn:   0
  1 2r: 1.54E-05 2x: 1.72E+09 2u: 8.97E+02 ir: 1.14E-05 iu: 2.99E+02 rsn:   0
  2 2r: 1.27E-05 2x: 1.72E+09 2u: 2.01E-02 ir: 7.63E-06 iu: 6.71E-03 rsn: stol

 Step    328 Time=  5.48419E-01 Dt=  5.59208E-06 [hour] conv_reason: 4
  newton =   2 [     640] linear =     4 [      1306] cuts =  0 [   0]
  --> SNES Linear/Non-Linear Iterations = 4 / 2
  --> SNES Residual: 0.127162E-04 0.242329E-09 0.762939E-05
  --> max change: dpmx=   2.9917E+02

== GEOMECHANICS ================================================================

 Step    328 Time=  5.48419E-01 Dt=  5.59208E-06 [hour] conv_reason: 2
  linear =   139 [     46659] cuts =  0 [   0]

== RICHARDS FLOW ===============================================================
  0 2r: 2.26E-02 2x: 0.00E+00 2u: 0.00E+00 ir: 2.19E-02 iu: 0.00E+00 rsn:   0
  1 2r: 1.06E-05 2x: 1.72E+09 2u: 8.97E+02 ir: 3.81E-06 iu: 2.99E+02 rsn:   0
  2 2r: 1.25E-05 2x: 1.72E+09 2u: 2.01E-02 ir: 7.63E-06 iu: 6.72E-03 rsn: stol

 Step    329 Time=  5.48425E-01 Dt=  5.59894E-06 [hour] conv_reason: 4
  newton =   2 [     642] linear =     4 [      1310] cuts =  0 [   0]
  --> SNES Linear/Non-Linear Iterations = 4 / 2
  --> SNES Residual: 0.124788E-04 0.237804E-09 0.762939E-05
  --> max change: dpmx=   2.9917E+02

== GEOMECHANICS ================================================================

 Step    329 Time=  5.48425E-01 Dt=  5.59894E-06 [hour] conv_reason: 2
  linear =   150 [     46809] cuts =  0 [   0]

== RICHARDS FLOW ===============================================================
  0 2r: 2.26E-02 2x: 0.00E+00 2u: 0.00E+00 ir: 2.19E-02 iu: 0.00E+00 rsn:   0
  1 2r: 1.56E-05 2x: 1.72E+09 2u: 8.97E+02 ir: 1.14E-05 iu: 2.99E+02 rsn:   0
  2 2r: 1.31E-05 2x: 1.72E+09 2u: 2.02E-02 ir: 7.63E-06 iu: 6.72E-03 rsn: stol

 Step    330 Time=  5.48431E-01 Dt=  5.60581E-06 [hour] conv_reason: 4
  newton =   2 [     644] linear =     4 [      1314] cuts =  0 [   0]
  --> SNES Linear/Non-Linear Iterations = 4 / 2
  --> SNES Residual: 0.130845E-04 0.249346E-09 0.762939E-05
  --> max change: dpmx=   2.9916E+02

== GEOMECHANICS ================================================================

 Step    330 Time=  5.48431E-01 Dt=  5.60581E-06 [hour] conv_reason: 2
  linear =   140 [     46949] cuts =  0 [   0]

== RICHARDS FLOW ===============================================================
  0 2r: 2.26E-02 2x: 0.00E+00 2u: 0.00E+00 ir: 2.19E-02 iu: 0.00E+00 rsn:   0
  1 2r: 1.28E-05 2x: 1.72E+09 2u: 8.97E+02 ir: 7.63E-06 iu: 2.99E+02 rsn:   0
  2 2r: 1.27E-05 2x: 1.72E+09 2u: 2.02E-02 ir: 7.63E-06 iu: 6.73E-03 rsn: stol

 Step    331 Time=  5.48436E-01 Dt=  5.61270E-06 [hour] conv_reason: 4
  newton =   2 [     646] linear =     4 [      1318] cuts =  0 [   0]
  --> SNES Linear/Non-Linear Iterations = 4 / 2
  --> SNES Residual: 0.127474E-04 0.242924E-09 0.762939E-05
  --> max change: dpmx=   2.9916E+02

== GEOMECHANICS ================================================================

 Step    331 Time=  5.48436E-01 Dt=  5.61270E-06 [hour] conv_reason: 2
  linear =   153 [     47102] cuts =  0 [   0]

== RICHARDS FLOW ===============================================================
  0 2r: 2.26E-02 2x: 0.00E+00 2u: 0.00E+00 ir: 2.19E-02 iu: 0.00E+00 rsn:   0
  1 2r: 1.26E-05 2x: 1.72E+09 2u: 8.97E+02 ir: 7.63E-06 iu: 2.99E+02 rsn:   0
  2 2r: 1.26E-05 2x: 1.72E+09 2u: 2.02E-02 ir: 7.63E-06 iu: 6.74E-03 rsn: stol

 Step    332 Time=  5.48442E-01 Dt=  5.61961E-06 [hour] conv_reason: 4
  newton =   2 [     648] linear =     4 [      1322] cuts =  0 [   0]
  --> SNES Linear/Non-Linear Iterations = 4 / 2
  --> SNES Residual: 0.125755E-04 0.239647E-09 0.762939E-05
  --> max change: dpmx=   2.9916E+02

== GEOMECHANICS ================================================================

 Step    332 Time=  5.48442E-01 Dt=  5.61961E-06 [hour] conv_reason: 2
  linear =   160 [     47262] cuts =  0 [   0]

== RICHARDS FLOW ===============================================================
  0 2r: 2.26E-02 2x: 0.00E+00 2u: 0.00E+00 ir: 2.19E-02 iu: 0.00E+00 rsn:   0
  1 2r: 1.11E-05 2x: 1.72E+09 2u: 8.97E+02 ir: 3.81E-06 iu: 2.99E+02 rsn:   0
  2 2r: 1.29E-05 2x: 1.72E+09 2u: 2.02E-02 ir: 7.63E-06 iu: 6.75E-03 rsn: stol

 Step    333 Time=  5.48447E-01 Dt=  5.62654E-06 [hour] conv_reason: 4
  newton =   2 [     650] linear =     4 [      1326] cuts =  0 [   0]
  --> SNES Linear/Non-Linear Iterations = 4 / 2
  --> SNES Residual: 0.129211E-04 0.246233E-09 0.762939E-05
  --> max change: dpmx=   2.9916E+02

== GEOMECHANICS ================================================================

 Step    333 Time=  5.48447E-01 Dt=  5.62654E-06 [hour] conv_reason: 2
  linear =   141 [     47403] cuts =  0 [   0]

== RICHARDS FLOW ===============================================================
  0 2r: 2.26E-02 2x: 0.00E+00 2u: 0.00E+00 ir: 2.20E-02 iu: 0.00E+00 rsn:   0
  1 2r: 1.55E-05 2x: 1.72E+09 2u: 8.97E+02 ir: 1.14E-05 iu: 2.99E+02 rsn:   0
  2 2r: 1.30E-05 2x: 1.72E+09 2u: 2.03E-02 ir: 7.63E-06 iu: 6.76E-03 rsn: stol

 Step    334 Time=  5.48453E-01 Dt=  5.63348E-06 [hour] conv_reason: 4
  newton =   2 [     652] linear =     4 [      1330] cuts =  0 [   0]
  --> SNES Linear/Non-Linear Iterations = 4 / 2
  --> SNES Residual: 0.129671E-04 0.247111E-09 0.762939E-05
  --> max change: dpmx=   2.9916E+02

== GEOMECHANICS ================================================================

 Step    334 Time=  5.48453E-01 Dt=  5.63348E-06 [hour] conv_reason: 2
  linear =   142 [     47545] cuts =  0 [   0]

== RICHARDS FLOW ===============================================================
  0 2r: 2.27E-02 2x: 0.00E+00 2u: 0.00E+00 ir: 2.20E-02 iu: 0.00E+00 rsn:   0
  1 2r: 1.30E-05 2x: 1.72E+09 2u: 8.97E+02 ir: 7.63E-06 iu: 2.99E+02 rsn:   0
  2 2r: 1.30E-05 2x: 1.72E+09 2u: 2.03E-02 ir: 7.63E-06 iu: 6.77E-03 rsn: stol

 Step    335 Time=  5.48459E-01 Dt=  5.64044E-06 [hour] conv_reason: 4
  newton =   2 [     654] linear =     4 [      1334] cuts =  0 [   0]
  --> SNES Linear/Non-Linear Iterations = 4 / 2
  --> SNES Residual: 0.130323E-04 0.248353E-09 0.762939E-05
  --> max change: dpmx=   2.9916E+02

== GEOMECHANICS ================================================================

 Step    335 Time=  5.48459E-01 Dt=  5.64044E-06 [hour] conv_reason: 2
  linear =   138 [     47683] cuts =  0 [   0]

== RICHARDS FLOW ===============================================================
  0 2r: 2.27E-02 2x: 0.00E+00 2u: 0.00E+00 ir: 2.20E-02 iu: 0.00E+00 rsn:   0
  1 2r: 1.09E-05 2x: 1.72E+09 2u: 8.97E+02 ir: 3.81E-06 iu: 2.99E+02 rsn:   0
  2 2r: 1.27E-05 2x: 1.72E+09 2u: 2.03E-02 ir: 7.63E-06 iu: 6.77E-03 rsn: stol

 Step    336 Time=  5.48464E-01 Dt=  5.64741E-06 [hour] conv_reason: 4
  newton =   2 [     656] linear =     4 [      1338] cuts =  0 [   0]
  --> SNES Linear/Non-Linear Iterations = 4 / 2
  --> SNES Residual: 0.127440E-04 0.242858E-09 0.762939E-05
  --> max change: dpmx=   2.9916E+02

== GEOMECHANICS ================================================================

 Step    336 Time=  5.48464E-01 Dt=  5.64741E-06 [hour] conv_reason: 2
  linear =   149 [     47832] cuts =  0 [   0]

== RICHARDS FLOW ===============================================================
  0 2r: 2.27E-02 2x: 0.00E+00 2u: 0.00E+00 ir: 2.20E-02 iu: 0.00E+00 rsn:   0
  1 2r: 1.58E-05 2x: 1.72E+09 2u: 8.97E+02 ir: 1.14E-05 iu: 2.99E+02 rsn:   0
  2 2r: 1.33E-05 2x: 1.72E+09 2u: 2.03E-02 ir: 7.63E-06 iu: 6.78E-03 rsn: stol

 Step    337 Time=  5.48470E-01 Dt=  5.65441E-06 [hour] conv_reason: 4
  newton =   2 [     658] linear =     4 [      1342] cuts =  0 [   0]
  --> SNES Linear/Non-Linear Iterations = 4 / 2
  --> SNES Residual: 0.132786E-04 0.253045E-09 0.762939E-05
  --> max change: dpmx=   2.9916E+02

== GEOMECHANICS ================================================================

 Step    337 Time=  5.48470E-01 Dt=  5.65441E-06 [hour] conv_reason: 2
  linear =   136 [     47968] cuts =  0 [   0]

== RICHARDS FLOW ===============================================================
  0 2r: 2.27E-02 2x: 0.00E+00 2u: 0.00E+00 ir: 2.20E-02 iu: 0.00E+00 rsn:   0
  1 2r: 1.13E-05 2x: 1.72E+09 2u: 8.97E+02 ir: 3.81E-06 iu: 2.99E+02 rsn:   0
  2 2r: 1.30E-05 2x: 1.72E+09 2u: 2.04E-02 ir: 7.63E-06 iu: 6.79E-03 rsn: stol

 Step    338 Time=  5.48476E-01 Dt=  5.66142E-06 [hour] conv_reason: 4
  newton =   2 [     660] linear =     4 [      1346] cuts =  0 [   0]
  --> SNES Linear/Non-Linear Iterations = 4 / 2
  --> SNES Residual: 0.130417E-04 0.248532E-09 0.762939E-05
  --> max change: dpmx=   2.9916E+02

== GEOMECHANICS ================================================================

 Step    338 Time=  5.48476E-01 Dt=  5.66142E-06 [hour] conv_reason: 2
  linear =   143 [     48111] cuts =  0 [   0]

== RICHARDS FLOW ===============================================================
  0 2r: 2.27E-02 2x: 0.00E+00 2u: 0.00E+00 ir: 2.20E-02 iu: 0.00E+00 rsn:   0
  1 2r: 1.30E-05 2x: 1.72E+09 2u: 8.97E+02 ir: 7.63E-06 iu: 2.99E+02 rsn:   0
  2 2r: 1.30E-05 2x: 1.72E+09 2u: 2.04E-02 ir: 7.63E-06 iu: 6.80E-03 rsn: stol

 Step    339 Time=  5.48481E-01 Dt=  5.66844E-06 [hour] conv_reason: 4
  newton =   2 [     662] linear =     4 [      1350] cuts =  0 [   0]
  --> SNES Linear/Non-Linear Iterations = 4 / 2
  --> SNES Residual: 0.130134E-04 0.247992E-09 0.762939E-05
  --> max change: dpmx=   2.9916E+02

== GEOMECHANICS ================================================================

 Step    339 Time=  5.48481E-01 Dt=  5.66844E-06 [hour] conv_reason: 2
  linear =   139 [     48250] cuts =  0 [   0]

== RICHARDS FLOW ===============================================================
  0 2r: 2.27E-02 2x: 0.00E+00 2u: 0.00E+00 ir: 2.20E-02 iu: 0.00E+00 rsn:   0
  1 2r: 1.31E-05 2x: 1.72E+09 2u: 8.97E+02 ir: 7.63E-06 iu: 2.99E+02 rsn:   0
  2 2r: 1.31E-05 2x: 1.72E+09 2u: 2.04E-02 ir: 7.63E-06 iu: 6.81E-03 rsn: stol

 Step    340 Time=  5.48487E-01 Dt=  5.67549E-06 [hour] conv_reason: 4
  newton =   2 [     664] linear =     4 [      1354] cuts =  0 [   0]
  --> SNES Linear/Non-Linear Iterations = 4 / 2
  --> SNES Residual: 0.131167E-04 0.249961E-09 0.762939E-05
  --> max change: dpmx=   2.9916E+02

== GEOMECHANICS ================================================================

 Step    340 Time=  5.48487E-01 Dt=  5.67549E-06 [hour] conv_reason: 2
  linear =   135 [     48385] cuts =  0 [   0]

== RICHARDS FLOW ===============================================================
  0 2r: 2.27E-02 2x: 0.00E+00 2u: 0.00E+00 ir: 2.20E-02 iu: 0.00E+00 rsn:   0
  1 2r: 1.31E-05 2x: 1.72E+09 2u: 8.97E+02 ir: 7.63E-06 iu: 2.99E+02 rsn:   0
  2 2r: 1.31E-05 2x: 1.72E+09 2u: 2.04E-02 ir: 7.63E-06 iu: 6.82E-03 rsn: stol

 Step    341 Time=  5.48493E-01 Dt=  5.68255E-06 [hour] conv_reason: 4
  newton =   2 [     666] linear =     4 [      1358] cuts =  0 [   0]
  --> SNES Linear/Non-Linear Iterations = 4 / 2
  --> SNES Residual: 0.131282E-04 0.250180E-09 0.762939E-05
  --> max change: dpmx=   2.9915E+02

== GEOMECHANICS ================================================================

 Step    341 Time=  5.48493E-01 Dt=  5.68255E-06 [hour] conv_reason: 2
  linear =   141 [     48526] cuts =  0 [   0]

== RICHARDS FLOW ===============================================================
  0 2r: 2.27E-02 2x: 0.00E+00 2u: 0.00E+00 ir: 2.20E-02 iu: 0.00E+00 rsn:   0
  1 2r: 1.32E-05 2x: 1.72E+09 2u: 8.97E+02 ir: 7.63E-06 iu: 2.99E+02 rsn:   0
  2 2r: 1.32E-05 2x: 1.72E+09 2u: 2.05E-02 ir: 7.63E-06 iu: 6.83E-03 rsn: stol

 Step    342 Time=  5.48498E-01 Dt=  5.68963E-06 [hour] conv_reason: 4
  newton =   2 [     668] linear =     4 [      1362] cuts =  0 [   0]
  --> SNES Linear/Non-Linear Iterations = 4 / 2
  --> SNES Residual: 0.132247E-04 0.252018E-09 0.762939E-05
  --> max change: dpmx=   2.9915E+02

== GEOMECHANICS ================================================================

 Step    342 Time=  5.48498E-01 Dt=  5.68963E-06 [hour] conv_reason: 2
  linear =   142 [     48668] cuts =  0 [   0]

== RICHARDS FLOW ===============================================================
  0 2r: 2.27E-02 2x: 0.00E+00 2u: 0.00E+00 ir: 2.20E-02 iu: 0.00E+00 rsn:   0
  1 2r: 1.58E-05 2x: 1.72E+09 2u: 8.97E+02 ir: 1.14E-05 iu: 2.99E+02 rsn:   0
  2 2r: 1.33E-05 2x: 1.72E+09 2u: 2.05E-02 ir: 7.63E-06 iu: 6.83E-03 rsn: stol

 Step    343 Time=  5.48504E-01 Dt=  5.69673E-06 [hour] conv_reason: 4
  newton =   2 [     670] linear =     4 [      1366] cuts =  0 [   0]
  --> SNES Linear/Non-Linear Iterations = 4 / 2
  --> SNES Residual: 0.132923E-04 0.253307E-09 0.762939E-05
  --> max change: dpmx=   2.9915E+02

== GEOMECHANICS ================================================================

 Step    343 Time=  5.48504E-01 Dt=  5.69673E-06 [hour] conv_reason: 2
  linear =   144 [     48812] cuts =  0 [   0]

== RICHARDS FLOW ===============================================================
  0 2r: 2.27E-02 2x: 0.00E+00 2u: 0.00E+00 ir: 2.20E-02 iu: 0.00E+00 rsn:   0
  1 2r: 1.15E-05 2x: 1.72E+09 2u: 8.97E+02 ir: 3.81E-06 iu: 2.99E+02 rsn:   0
  2 2r: 1.32E-05 2x: 1.72E+09 2u: 2.05E-02 ir: 7.63E-06 iu: 6.84E-03 rsn: stol

 Step    344 Time=  5.48510E-01 Dt=  5.70385E-06 [hour] conv_reason: 4
  newton =   2 [     672] linear =     4 [      1370] cuts =  0 [   0]
  --> SNES Linear/Non-Linear Iterations = 4 / 2
  --> SNES Residual: 0.132476E-04 0.252455E-09 0.762939E-05
  --> max change: dpmx=   2.9915E+02

== GEOMECHANICS ================================================================

 Step    344 Time=  5.48510E-01 Dt=  5.70385E-06 [hour] conv_reason: 2
  linear =   142 [     48954] cuts =  0 [   0]

== RICHARDS FLOW ===============================================================
  0 2r: 2.27E-02 2x: 0.00E+00 2u: 0.00E+00 ir: 2.20E-02 iu: 0.00E+00 rsn:   0
  1 2r: 1.34E-05 2x: 1.72E+09 2u: 8.97E+02 ir: 7.63E-06 iu: 2.99E+02 rsn:   0
  2 2r: 1.34E-05 2x: 1.72E+09 2u: 2.05E-02 ir: 7.63E-06 iu: 6.85E-03 rsn: stol

 Step    345 Time=  5.48516E-01 Dt=  5.71098E-06 [hour] conv_reason: 4
  newton =   2 [     674] linear =     4 [      1374] cuts =  0 [   0]
  --> SNES Linear/Non-Linear Iterations = 4 / 2
  --> SNES Residual: 0.134219E-04 0.255777E-09 0.762939E-05
  --> max change: dpmx=   2.9915E+02

== GEOMECHANICS ================================================================

 Step    345 Time=  5.48516E-01 Dt=  5.71098E-06 [hour] conv_reason: 2
  linear =   139 [     49093] cuts =  0 [   0]

== RICHARDS FLOW ===============================================================
  0 2r: 2.27E-02 2x: 0.00E+00 2u: 0.00E+00 ir: 2.20E-02 iu: 0.00E+00 rsn:   0
  1 2r: 1.59E-05 2x: 1.72E+09 2u: 8.97E+02 ir: 1.14E-05 iu: 2.99E+02 rsn:   0
  2 2r: 1.34E-05 2x: 1.72E+09 2u: 2.06E-02 ir: 7.63E-06 iu: 6.86E-03 rsn: stol

 Step    346 Time=  5.48521E-01 Dt=  5.71813E-06 [hour] conv_reason: 4
  newton =   2 [     676] linear =     4 [      1378] cuts =  0 [   0]
  --> SNES Linear/Non-Linear Iterations = 4 / 2
  --> SNES Residual: 0.134384E-04 0.256092E-09 0.762939E-05
  --> max change: dpmx=   2.9915E+02

== GEOMECHANICS ================================================================

 Step    346 Time=  5.48521E-01 Dt=  5.71813E-06 [hour] conv_reason: 2
  linear =   137 [     49230] cuts =  0 [   0]

== RICHARDS FLOW ===============================================================
  0 2r: 2.27E-02 2x: 0.00E+00 2u: 0.00E+00 ir: 2.20E-02 iu: 0.00E+00 rsn:   0
  1 2r: 1.16E-05 2x: 1.72E+09 2u: 8.97E+02 ir: 3.81E-06 iu: 2.99E+02 rsn:   0
  2 2r: 1.33E-05 2x: 1.72E+09 2u: 2.06E-02 ir: 7.63E-06 iu: 6.87E-03 rsn: stol

 Step    347 Time=  5.48527E-01 Dt=  5.72530E-06 [hour] conv_reason: 4
  newton =   2 [     678] linear =     4 [      1382] cuts =  0 [   0]
  --> SNES Linear/Non-Linear Iterations = 4 / 2
  --> SNES Residual: 0.133491E-04 0.254389E-09 0.762939E-05
  --> max change: dpmx=   2.9915E+02

== GEOMECHANICS ================================================================

 Step    347 Time=  5.48527E-01 Dt=  5.72530E-06 [hour] conv_reason: 2
  linear =   156 [     49386] cuts =  0 [   0]

== RICHARDS FLOW ===============================================================
  0 2r: 2.27E-02 2x: 0.00E+00 2u: 0.00E+00 ir: 2.20E-02 iu: 0.00E+00 rsn:   0
  1 2r: 1.34E-05 2x: 1.72E+09 2u: 8.97E+02 ir: 7.63E-06 iu: 2.99E+02 rsn:   0
  2 2r: 1.34E-05 2x: 1.72E+09 2u: 2.06E-02 ir: 7.63E-06 iu: 6.88E-03 rsn: stol

 Step    348 Time=  5.48533E-01 Dt=  5.73249E-06 [hour] conv_reason: 4
  newton =   2 [     680] linear =     4 [      1386] cuts =  0 [   0]
  --> SNES Linear/Non-Linear Iterations = 4 / 2
  --> SNES Residual: 0.134189E-04 0.255719E-09 0.762939E-05
  --> max change: dpmx=   2.9915E+02

== GEOMECHANICS ================================================================

 Step    348 Time=  5.48533E-01 Dt=  5.73249E-06 [hour] conv_reason: 2
  linear =   141 [     49527] cuts =  0 [   0]

== RICHARDS FLOW ===============================================================
  0 2r: 2.27E-02 2x: 0.00E+00 2u: 0.00E+00 ir: 2.20E-02 iu: 0.00E+00 rsn:   0
  1 2r: 1.36E-05 2x: 1.72E+09 2u: 8.97E+02 ir: 7.63E-06 iu: 2.99E+02 rsn:   0
  2 2r: 1.37E-05 2x: 1.72E+09 2u: 2.06E-02 ir: 7.63E-06 iu: 6.89E-03 rsn: stol

 Step    349 Time=  5.48538E-01 Dt=  5.73969E-06 [hour] conv_reason: 4
  newton =   2 [     682] linear =     4 [      1390] cuts =  0 [   0]
  --> SNES Linear/Non-Linear Iterations = 4 / 2
  --> SNES Residual: 0.136627E-04 0.260365E-09 0.762939E-05
  --> max change: dpmx=   2.9915E+02

== GEOMECHANICS ================================================================

 Step    349 Time=  5.48538E-01 Dt=  5.73969E-06 [hour] conv_reason: 2
  linear =   141 [     49668] cuts =  0 [   0]

== RICHARDS FLOW ===============================================================
  0 2r: 2.27E-02 2x: 0.00E+00 2u: 0.00E+00 ir: 2.20E-02 iu: 0.00E+00 rsn:   0
  1 2r: 1.58E-05 2x: 1.72E+09 2u: 8.97E+02 ir: 1.14E-05 iu: 2.99E+02 rsn:   0
  2 2r: 1.33E-05 2x: 1.72E+09 2u: 2.07E-02 ir: 7.63E-06 iu: 6.89E-03 rsn: stol

 Step    350 Time=  5.48544E-01 Dt=  5.74691E-06 [hour] conv_reason: 4
  newton =   2 [     684] linear =     4 [      1394] cuts =  0 [   0]
  --> SNES Linear/Non-Linear Iterations = 4 / 2
  --> SNES Residual: 0.132786E-04 0.253045E-09 0.762939E-05
  --> max change: dpmx=   2.9915E+02

== GEOMECHANICS ================================================================

 Step    350 Time=  5.48544E-01 Dt=  5.74691E-06 [hour] conv_reason: 2
  linear =   140 [     49808] cuts =  0 [   0]

== RICHARDS FLOW ===============================================================
  0 2r: 2.27E-02 2x: 0.00E+00 2u: 0.00E+00 ir: 2.20E-02 iu: 0.00E+00 rsn:   0
  1 2r: 1.21E-05 2x: 1.72E+09 2u: 8.97E+02 ir: 3.81E-06 iu: 2.99E+02 rsn:   0
  2 2r: 1.37E-05 2x: 1.72E+09 2u: 2.07E-02 ir: 7.63E-06 iu: 6.90E-03 rsn: stol

 Step    351 Time=  5.48550E-01 Dt=  5.75416E-06 [hour] conv_reason: 4
  newton =   2 [     686] linear =     4 [      1398] cuts =  0 [   0]
  --> SNES Linear/Non-Linear Iterations = 4 / 2
  --> SNES Residual: 0.137428E-04 0.261892E-09 0.762939E-05
  --> max change: dpmx=   2.9914E+02

== GEOMECHANICS ================================================================

 Step    351 Time=  5.48550E-01 Dt=  5.75416E-06 [hour] conv_reason: 2
  linear =   145 [     49953] cuts =  0 [   0]

== RICHARDS FLOW ===============================================================
  0 2r: 2.27E-02 2x: 0.00E+00 2u: 0.00E+00 ir: 2.20E-02 iu: 0.00E+00 rsn:   0
  1 2r: 1.36E-05 2x: 1.72E+09 2u: 8.97E+02 ir: 7.63E-06 iu: 2.99E+02 rsn:   0
  2 2r: 1.36E-05 2x: 1.72E+09 2u: 2.07E-02 ir: 7.63E-06 iu: 6.91E-03 rsn: stol

 Step    352 Time=  5.48556E-01 Dt=  5.76142E-06 [hour] conv_reason: 4
  newton =   2 [     688] linear =     4 [      1402] cuts =  0 [   0]
  --> SNES Linear/Non-Linear Iterations = 4 / 2
  --> SNES Residual: 0.136135E-04 0.259428E-09 0.762939E-05
  --> max change: dpmx=   2.9914E+02

== GEOMECHANICS ================================================================

 Step    352 Time=  5.48556E-01 Dt=  5.76142E-06 [hour] conv_reason: 2
  linear =   138 [     50091] cuts =  0 [   0]

== RICHARDS FLOW ===============================================================
  0 2r: 2.27E-02 2x: 0.00E+00 2u: 0.00E+00 ir: 2.20E-02 iu: 0.00E+00 rsn:   0
  1 2r: 1.34E-05 2x: 1.72E+09 2u: 8.97E+02 ir: 7.63E-06 iu: 2.99E+02 rsn:   0
  2 2r: 1.34E-05 2x: 1.72E+09 2u: 2.08E-02 ir: 7.63E-06 iu: 6.92E-03 rsn: stol

 Step    353 Time=  5.48561E-01 Dt=  5.76869E-06 [hour] conv_reason: 4
  newton =   2 [     690] linear =     4 [      1406] cuts =  0 [   0]
  --> SNES Linear/Non-Linear Iterations = 4 / 2
  --> SNES Residual: 0.134092E-04 0.255536E-09 0.762939E-05
  --> max change: dpmx=   2.9914E+02

== GEOMECHANICS ================================================================

 Step    353 Time=  5.48561E-01 Dt=  5.76869E-06 [hour] conv_reason: 2
  linear =   141 [     50232] cuts =  0 [   0]

== RICHARDS FLOW ===============================================================
  0 2r: 2.27E-02 2x: 0.00E+00 2u: 0.00E+00 ir: 2.20E-02 iu: 0.00E+00 rsn:   0
  1 2r: 1.61E-05 2x: 1.72E+09 2u: 8.97E+02 ir: 1.14E-05 iu: 2.99E+02 rsn:   0
  2 2r: 1.37E-05 2x: 1.72E+09 2u: 2.08E-02 ir: 7.63E-06 iu: 6.93E-03 rsn: stol

 Step    354 Time=  5.48567E-01 Dt=  5.77599E-06 [hour] conv_reason: 4
  newton =   2 [     692] linear =     4 [      1410] cuts =  0 [   0]
  --> SNES Linear/Non-Linear Iterations = 4 / 2
  --> SNES Residual: 0.137002E-04 0.261081E-09 0.762939E-05
  --> max change: dpmx=   2.9914E+02

== GEOMECHANICS ================================================================

 Step    354 Time=  5.48567E-01 Dt=  5.77599E-06 [hour] conv_reason: 2
  linear =   142 [     50374] cuts =  0 [   0]

== RICHARDS FLOW ===============================================================
  0 2r: 2.27E-02 2x: 0.00E+00 2u: 0.00E+00 ir: 2.20E-02 iu: 0.00E+00 rsn:   0
  1 2r: 1.38E-05 2x: 1.72E+09 2u: 8.97E+02 ir: 7.63E-06 iu: 2.99E+02 rsn:   0
  2 2r: 1.37E-05 2x: 1.72E+09 2u: 2.08E-02 ir: 7.63E-06 iu: 6.94E-03 rsn: stol

 Step    355 Time=  5.48573E-01 Dt=  5.78330E-06 [hour] conv_reason: 4
  newton =   2 [     694] linear =     4 [      1414] cuts =  0 [   0]
  --> SNES Linear/Non-Linear Iterations = 4 / 2
  --> SNES Residual: 0.137240E-04 0.261535E-09 0.762939E-05
  --> max change: dpmx=   2.9914E+02

== GEOMECHANICS ================================================================

 Step    355 Time=  5.48573E-01 Dt=  5.78330E-06 [hour] conv_reason: 2
  linear =   141 [     50515] cuts =  0 [   0]

== RICHARDS FLOW ===============================================================
  0 2r: 2.27E-02 2x: 0.00E+00 2u: 0.00E+00 ir: 2.20E-02 iu: 0.00E+00 rsn:   0
  1 2r: 1.20E-05 2x: 1.72E+09 2u: 8.97E+02 ir: 3.81E-06 iu: 2.99E+02 rsn:   0
  2 2r: 1.38E-05 2x: 1.72E+09 2u: 2.08E-02 ir: 7.63E-06 iu: 6.95E-03 rsn: stol

 Step    356 Time=  5.48579E-01 Dt=  5.79064E-06 [hour] conv_reason: 4
  newton =   2 [     696] linear =     4 [      1418] cuts =  0 [   0]
  --> SNES Linear/Non-Linear Iterations = 4 / 2
  --> SNES Residual: 0.137804E-04 0.262610E-09 0.762939E-05
  --> max change: dpmx=   2.9914E+02

== GEOMECHANICS ================================================================

 Step    356 Time=  5.48579E-01 Dt=  5.79064E-06 [hour] conv_reason: 2
  linear =   150 [     50665] cuts =  0 [   0]

== RICHARDS FLOW ===============================================================
  0 2r: 2.27E-02 2x: 0.00E+00 2u: 0.00E+00 ir: 2.20E-02 iu: 0.00E+00 rsn:   0
  1 2r: 1.64E-05 2x: 1.72E+09 2u: 8.97E+02 ir: 1.14E-05 iu: 2.99E+02 rsn:   0
  2 2r: 1.40E-05 2x: 1.72E+09 2u: 2.09E-02 ir: 7.63E-06 iu: 6.96E-03 rsn: stol

 Step    357 Time=  5.48585E-01 Dt=  5.79799E-06 [hour] conv_reason: 4
  newton =   2 [     698] linear =     4 [      1422] cuts =  0 [   0]
  --> SNES Linear/Non-Linear Iterations = 4 / 2
  --> SNES Residual: 0.140206E-04 0.267185E-09 0.762939E-05
  --> max change: dpmx=   2.9914E+02

== GEOMECHANICS ================================================================

 Step    357 Time=  5.48585E-01 Dt=  5.79799E-06 [hour] conv_reason: 2
  linear =   137 [     50802] cuts =  0 [   0]

== RICHARDS FLOW ===============================================================
  0 2r: 2.27E-02 2x: 0.00E+00 2u: 0.00E+00 ir: 2.20E-02 iu: 0.00E+00 rsn:   0
  1 2r: 1.21E-05 2x: 1.72E+09 2u: 8.97E+02 ir: 3.81E-06 iu: 2.99E+02 rsn:   0
  2 2r: 1.37E-05 2x: 1.72E+09 2u: 2.09E-02 ir: 7.63E-06 iu: 6.97E-03 rsn: stol

 Step    358 Time=  5.48590E-01 Dt=  5.80536E-06 [hour] conv_reason: 4
  newton =   2 [     700] linear =     4 [      1426] cuts =  0 [   0]
  --> SNES Linear/Non-Linear Iterations = 4 / 2
  --> SNES Residual: 0.136669E-04 0.260445E-09 0.762939E-05
  --> max change: dpmx=   2.9914E+02

== GEOMECHANICS ================================================================

 Step    358 Time=  5.48590E-01 Dt=  5.80536E-06 [hour] conv_reason: 2
  linear =   136 [     50938] cuts =  0 [   0]

== RICHARDS FLOW ===============================================================
  0 2r: 2.27E-02 2x: 0.00E+00 2u: 0.00E+00 ir: 2.20E-02 iu: 0.00E+00 rsn:   0
  1 2r: 1.64E-05 2x: 1.72E+09 2u: 8.97E+02 ir: 1.14E-05 iu: 2.99E+02 rsn:   0
  2 2r: 1.37E-05 2x: 1.72E+09 2u: 2.09E-02 ir: 7.63E-06 iu: 6.98E-03 rsn: stol

 Step    359 Time=  5.48596E-01 Dt=  5.81275E-06 [hour] conv_reason: 4
  newton =   2 [     702] linear =     4 [      1430] cuts =  0 [   0]
  --> SNES Linear/Non-Linear Iterations = 4 / 2
  --> SNES Residual: 0.137020E-04 0.261116E-09 0.762939E-05
  --> max change: dpmx=   2.9914E+02

== GEOMECHANICS ================================================================

 Step    359 Time=  5.48596E-01 Dt=  5.81275E-06 [hour] conv_reason: 2
  linear =   141 [     51079] cuts =  0 [   0]

== RICHARDS FLOW ===============================================================
  0 2r: 2.27E-02 2x: 0.00E+00 2u: 0.00E+00 ir: 2.20E-02 iu: 0.00E+00 rsn:   0
  1 2r: 1.37E-05 2x: 1.72E+09 2u: 8.97E+02 ir: 7.63E-06 iu: 2.99E+02 rsn:   0
  2 2r: 1.38E-05 2x: 1.72E+09 2u: 2.09E-02 ir: 7.63E-06 iu: 6.98E-03 rsn: stol

 Step    360 Time=  5.48602E-01 Dt=  5.82016E-06 [hour] conv_reason: 4
  newton =   2 [     704] linear =     4 [      1434] cuts =  0 [   0]
  --> SNES Linear/Non-Linear Iterations = 4 / 2
  --> SNES Residual: 0.137539E-04 0.262104E-09 0.762939E-05
  --> max change: dpmx=   2.9914E+02

== GEOMECHANICS ================================================================

 Step    360 Time=  5.48602E-01 Dt=  5.82016E-06 [hour] conv_reason: 2
  linear =   141 [     51220] cuts =  0 [   0]

== RICHARDS FLOW ===============================================================
  0 2r: 2.27E-02 2x: 0.00E+00 2u: 0.00E+00 ir: 2.20E-02 iu: 0.00E+00 rsn:   0
  1 2r: 1.37E-05 2x: 1.72E+09 2u: 8.97E+02 ir: 7.63E-06 iu: 2.99E+02 rsn:   0
  2 2r: 1.37E-05 2x: 1.72E+09 2u: 2.10E-02 ir: 7.63E-06 iu: 6.99E-03 rsn: stol

 Step    361 Time=  5.48608E-01 Dt=  5.82758E-06 [hour] conv_reason: 4
  newton =   2 [     706] linear =     4 [      1438] cuts =  0 [   0]
  --> SNES Linear/Non-Linear Iterations = 4 / 2
  --> SNES Residual: 0.136764E-04 0.260628E-09 0.762939E-05
  --> max change: dpmx=   2.9914E+02

== GEOMECHANICS ================================================================

 Step    361 Time=  5.48608E-01 Dt=  5.82758E-06 [hour] conv_reason: 2
  linear =   143 [     51363] cuts =  0 [   0]

== RICHARDS FLOW ===============================================================
  0 2r: 2.27E-02 2x: 0.00E+00 2u: 0.00E+00 ir: 2.20E-02 iu: 0.00E+00 rsn:   0
  1 2r: 1.36E-05 2x: 1.72E+09 2u: 8.97E+02 ir: 7.63E-06 iu: 2.99E+02 rsn:   0
  2 2r: 1.36E-05 2x: 1.72E+09 2u: 2.10E-02 ir: 7.63E-06 iu: 7.00E-03 rsn: stol

 Step    362 Time=  5.48614E-01 Dt=  5.83503E-06 [hour] conv_reason: 4
  newton =   2 [     708] linear =     4 [      1442] cuts =  0 [   0]
  --> SNES Linear/Non-Linear Iterations = 4 / 2
  --> SNES Residual: 0.136072E-04 0.259309E-09 0.762939E-05
  --> max change: dpmx=   2.9913E+02

== GEOMECHANICS ================================================================

 Step    362 Time=  5.48614E-01 Dt=  5.83503E-06 [hour] conv_reason: 2
  linear =   151 [     51514] cuts =  0 [   0]

== RICHARDS FLOW ===============================================================
  0 2r: 2.27E-02 2x: 0.00E+00 2u: 0.00E+00 ir: 2.20E-02 iu: 0.00E+00 rsn:   0
  1 2r: 1.36E-05 2x: 1.72E+09 2u: 8.97E+02 ir: 7.63E-06 iu: 2.99E+02 rsn:   0
  2 2r: 1.36E-05 2x: 1.72E+09 2u: 2.10E-02 ir: 7.63E-06 iu: 7.01E-03 rsn: stol

 Step    363 Time=  5.48620E-01 Dt=  5.84249E-06 [hour] conv_reason: 4
  newton =   2 [     710] linear =     4 [      1446] cuts =  0 [   0]
  --> SNES Linear/Non-Linear Iterations = 4 / 2
  --> SNES Residual: 0.135745E-04 0.258685E-09 0.762939E-05
  --> max change: dpmx=   2.9913E+02

== GEOMECHANICS ================================================================

 Step    363 Time=  5.48620E-01 Dt=  5.84249E-06 [hour] conv_reason: 2
  linear =   142 [     51656] cuts =  0 [   0]

== RICHARDS FLOW ===============================================================
  0 2r: 2.27E-02 2x: 0.00E+00 2u: 0.00E+00 ir: 2.20E-02 iu: 0.00E+00 rsn:   0
  1 2r: 1.35E-05 2x: 1.72E+09 2u: 8.97E+02 ir: 7.63E-06 iu: 2.99E+02 rsn:   0
  2 2r: 1.35E-05 2x: 1.72E+09 2u: 2.11E-02 ir: 7.63E-06 iu: 7.02E-03 rsn: stol

 Step    364 Time=  5.48625E-01 Dt=  5.84998E-06 [hour] conv_reason: 4
  newton =   2 [     712] linear =     4 [      1450] cuts =  0 [   0]
  --> SNES Linear/Non-Linear Iterations = 4 / 2
  --> SNES Residual: 0.134985E-04 0.257238E-09 0.762939E-05
  --> max change: dpmx=   2.9913E+02

== GEOMECHANICS ================================================================

 Step    364 Time=  5.48625E-01 Dt=  5.84998E-06 [hour] conv_reason: 2
  linear =   143 [     51799] cuts =  0 [   0]

== RICHARDS FLOW ===============================================================
  0 2r: 2.27E-02 2x: 0.00E+00 2u: 0.00E+00 ir: 2.20E-02 iu: 0.00E+00 rsn:   0
  1 2r: 1.17E-05 2x: 1.72E+09 2u: 8.97E+02 ir: 3.81E-06 iu: 2.99E+02 rsn:   0
  2 2r: 1.34E-05 2x: 1.72E+09 2u: 2.11E-02 ir: 7.63E-06 iu: 7.03E-03 rsn: stol

 Step    365 Time=  5.48631E-01 Dt=  5.85748E-06 [hour] conv_reason: 4
  newton =   2 [     714] linear =     4 [      1454] cuts =  0 [   0]
  --> SNES Linear/Non-Linear Iterations = 4 / 2
  --> SNES Residual: 0.134302E-04 0.255935E-09 0.762939E-05
  --> max change: dpmx=   2.9913E+02

== GEOMECHANICS ================================================================

 Step    365 Time=  5.48631E-01 Dt=  5.85748E-06 [hour] conv_reason: 2
  linear =   140 [     51939] cuts =  0 [   0]

== RICHARDS FLOW ===============================================================
  0 2r: 2.27E-02 2x: 0.00E+00 2u: 0.00E+00 ir: 2.20E-02 iu: 0.00E+00 rsn:   0
  1 2r: 1.60E-05 2x: 1.72E+09 2u: 8.97E+02 ir: 1.14E-05 iu: 2.99E+02 rsn:   0
  2 2r: 1.36E-05 2x: 1.72E+09 2u: 2.11E-02 ir: 7.63E-06 iu: 7.04E-03 rsn: stol

 Step    366 Time=  5.48637E-01 Dt=  5.86500E-06 [hour] conv_reason: 4
  newton =   2 [     716] linear =     4 [      1458] cuts =  0 [   0]
  --> SNES Linear/Non-Linear Iterations = 4 / 2
  --> SNES Residual: 0.135999E-04 0.259169E-09 0.762939E-05
  --> max change: dpmx=   2.9913E+02

== GEOMECHANICS ================================================================

 Step    366 Time=  5.48637E-01 Dt=  5.86500E-06 [hour] conv_reason: 2
  linear =   141 [     52080] cuts =  0 [   0]

== RICHARDS FLOW ===============================================================
  0 2r: 2.27E-02 2x: 0.00E+00 2u: 0.00E+00 ir: 2.20E-02 iu: 0.00E+00 rsn:   0
  1 2r: 1.14E-05 2x: 1.72E+09 2u: 8.97E+02 ir: 3.81E-06 iu: 2.99E+02 rsn:   0
  2 2r: 1.32E-05 2x: 1.72E+09 2u: 2.11E-02 ir: 7.63E-06 iu: 7.05E-03 rsn: stol

 Step    367 Time=  5.48643E-01 Dt=  5.87254E-06 [hour] conv_reason: 4
  newton =   2 [     718] linear =     4 [      1462] cuts =  0 [   0]
  --> SNES Linear/Non-Linear Iterations = 4 / 2
  --> SNES Residual: 0.131730E-04 0.251034E-09 0.762939E-05
  --> max change: dpmx=   2.9913E+02

== GEOMECHANICS ================================================================

 Step    367 Time=  5.48643E-01 Dt=  5.87254E-06 [hour] conv_reason: 2
  linear =   134 [     52214] cuts =  0 [   0]

== RICHARDS FLOW ===============================================================
  0 2r: 2.27E-02 2x: 0.00E+00 2u: 0.00E+00 ir: 2.20E-02 iu: 0.00E+00 rsn:   0
  1 2r: 1.58E-05 2x: 1.72E+09 2u: 8.97E+02 ir: 1.14E-05 iu: 2.99E+02 rsn:   0
  2 2r: 1.33E-05 2x: 1.72E+09 2u: 2.12E-02 ir: 7.63E-06 iu: 7.06E-03 rsn: stol

 Step    368 Time=  5.48649E-01 Dt=  5.88011E-06 [hour] conv_reason: 4
  newton =   2 [     720] linear =     4 [      1466] cuts =  0 [   0]
  --> SNES Linear/Non-Linear Iterations = 4 / 2
  --> SNES Residual: 0.133352E-04 0.254126E-09 0.762939E-05
  --> max change: dpmx=   2.9913E+02

== GEOMECHANICS ================================================================

 Step    368 Time=  5.48649E-01 Dt=  5.88011E-06 [hour] conv_reason: 2
  linear =   140 [     52354] cuts =  0 [   0]

== RICHARDS FLOW ===============================================================
  0 2r: 2.27E-02 2x: 0.00E+00 2u: 0.00E+00 ir: 2.20E-02 iu: 0.00E+00 rsn:   0
  1 2r: 1.17E-05 2x: 1.72E+09 2u: 8.97E+02 ir: 3.81E-06 iu: 2.99E+02 rsn:   0
  2 2r: 1.35E-05 2x: 1.72E+09 2u: 2.12E-02 ir: 7.63E-06 iu: 7.07E-03 rsn: stol

 Step    369 Time=  5.48655E-01 Dt=  5.88769E-06 [hour] conv_reason: 4
  newton =   2 [     722] linear =     4 [      1470] cuts =  0 [   0]
  --> SNES Linear/Non-Linear Iterations = 4 / 2
  --> SNES Residual: 0.134775E-04 0.256836E-09 0.762939E-05
  --> max change: dpmx=   2.9913E+02

== GEOMECHANICS ================================================================

 Step    369 Time=  5.48655E-01 Dt=  5.88769E-06 [hour] conv_reason: 2
  linear =   136 [     52490] cuts =  0 [   0]

== RICHARDS FLOW ===============================================================
  0 2r: 2.27E-02 2x: 0.00E+00 2u: 0.00E+00 ir: 2.20E-02 iu: 0.00E+00 rsn:   0
  1 2r: 1.57E-05 2x: 1.72E+09 2u: 8.97E+02 ir: 1.14E-05 iu: 2.99E+02 rsn:   0
  2 2r: 1.32E-05 2x: 1.72E+09 2u: 2.12E-02 ir: 7.63E-06 iu: 7.08E-03 rsn: stol

 Step    370 Time=  5.48661E-01 Dt=  5.89529E-06 [hour] conv_reason: 4
  newton =   2 [     724] linear =     4 [      1474] cuts =  0 [   0]
  --> SNES Linear/Non-Linear Iterations = 4 / 2
  --> SNES Residual: 0.132061E-04 0.251666E-09 0.762939E-05
  --> max change: dpmx=   2.9913E+02

== GEOMECHANICS ================================================================

 Step    370 Time=  5.48661E-01 Dt=  5.89529E-06 [hour] conv_reason: 2
  linear =   137 [     52627] cuts =  0 [   0]

== RICHARDS FLOW ===============================================================
  0 2r: 2.27E-02 2x: 0.00E+00 2u: 0.00E+00 ir: 2.20E-02 iu: 0.00E+00 rsn:   0
  1 2r: 1.14E-05 2x: 1.72E+09 2u: 8.97E+02 ir: 3.81E-06 iu: 2.99E+02 rsn:   0
  2 2r: 1.32E-05 2x: 1.72E+09 2u: 2.12E-02 ir: 7.63E-06 iu: 7.08E-03 rsn: stol

 Step    371 Time=  5.48667E-01 Dt=  5.90290E-06 [hour] conv_reason: 4
  newton =   2 [     726] linear =     4 [      1478] cuts =  0 [   0]
  --> SNES Linear/Non-Linear Iterations = 4 / 2
  --> SNES Residual: 0.131895E-04 0.251347E-09 0.762939E-05
  --> max change: dpmx=   2.9913E+02

== GEOMECHANICS ================================================================

 Step    371 Time=  5.48667E-01 Dt=  5.90290E-06 [hour] conv_reason: 2
  linear =   137 [     52764] cuts =  0 [   0]

== RICHARDS FLOW ===============================================================
  0 2r: 2.27E-02 2x: 0.00E+00 2u: 0.00E+00 ir: 2.20E-02 iu: 0.00E+00 rsn:   0
  1 2r: 1.54E-05 2x: 1.72E+09 2u: 8.97E+02 ir: 1.14E-05 iu: 2.99E+02 rsn:   0
  2 2r: 1.29E-05 2x: 1.72E+09 2u: 2.13E-02 ir: 7.63E-06 iu: 7.09E-03 rsn: stol

 Step    372 Time=  5.48673E-01 Dt=  5.91054E-06 [hour] conv_reason: 4
  newton =   2 [     728] linear =     4 [      1482] cuts =  0 [   0]
  --> SNES Linear/Non-Linear Iterations = 4 / 2
  --> SNES Residual: 0.128835E-04 0.245517E-09 0.762939E-05
  --> max change: dpmx=   2.9912E+02

== GEOMECHANICS ================================================================

 Step    372 Time=  5.48673E-01 Dt=  5.91054E-06 [hour] conv_reason: 2
  linear =   140 [     52904] cuts =  0 [   0]

== RICHARDS FLOW ===============================================================
  0 2r: 2.27E-02 2x: 0.00E+00 2u: 0.00E+00 ir: 2.20E-02 iu: 0.00E+00 rsn:   0
  1 2r: 1.31E-05 2x: 1.72E+09 2u: 8.97E+02 ir: 7.63E-06 iu: 2.99E+02 rsn:   0
  2 2r: 1.31E-05 2x: 1.72E+09 2u: 2.13E-02 ir: 7.63E-06 iu: 7.10E-03 rsn: stol

 Step    373 Time=  5.48678E-01 Dt=  5.91820E-06 [hour] conv_reason: 4
  newton =   2 [     730] linear =     4 [      1486] cuts =  0 [   0]
  --> SNES Linear/Non-Linear Iterations = 4 / 2
  --> SNES Residual: 0.131004E-04 0.249651E-09 0.762939E-05
  --> max change: dpmx=   2.9912E+02

== GEOMECHANICS ================================================================

 Step    373 Time=  5.48678E-01 Dt=  5.91820E-06 [hour] conv_reason: 2
  linear =   155 [     53059] cuts =  0 [   0]

== RICHARDS FLOW ===============================================================
  0 2r: 2.27E-02 2x: 0.00E+00 2u: 0.00E+00 ir: 2.20E-02 iu: 0.00E+00 rsn:   0
  1 2r: 1.11E-05 2x: 1.72E+09 2u: 8.97E+02 ir: 3.81E-06 iu: 2.99E+02 rsn:   0
  2 2r: 1.29E-05 2x: 1.72E+09 2u: 2.13E-02 ir: 7.63E-06 iu: 7.11E-03 rsn: stol

 Step    374 Time=  5.48684E-01 Dt=  5.92588E-06 [hour] conv_reason: 4
  newton =   2 [     732] linear =     4 [      1490] cuts =  0 [   0]
  --> SNES Linear/Non-Linear Iterations = 4 / 2
  --> SNES Residual: 0.129137E-04 0.246092E-09 0.762939E-05
  --> max change: dpmx=   2.9912E+02

== GEOMECHANICS ================================================================

 Step    374 Time=  5.48684E-01 Dt=  5.92588E-06 [hour] conv_reason: 2
  linear =   141 [     53200] cuts =  0 [   0]

== RICHARDS FLOW ===============================================================
  0 2r: 2.27E-02 2x: 0.00E+00 2u: 0.00E+00 ir: 2.21E-02 iu: 0.00E+00 rsn:   0
  1 2r: 1.54E-05 2x: 1.72E+09 2u: 8.97E+02 ir: 1.14E-05 iu: 2.99E+02 rsn:   0
  2 2r: 1.28E-05 2x: 1.72E+09 2u: 2.14E-02 ir: 7.63E-06 iu: 7.12E-03 rsn: stol

 Step    375 Time=  5.48690E-01 Dt=  5.93358E-06 [hour] conv_reason: 4
  newton =   2 [     734] linear =     4 [      1494] cuts =  0 [   0]
  --> SNES Linear/Non-Linear Iterations = 4 / 2
  --> SNES Residual: 0.127859E-04 0.243658E-09 0.762939E-05
  --> max change: dpmx=   2.9912E+02

== GEOMECHANICS ================================================================

 Step    375 Time=  5.48690E-01 Dt=  5.93358E-06 [hour] conv_reason: 2
  linear =   145 [     53345] cuts =  0 [   0]

== RICHARDS FLOW ===============================================================
  0 2r: 2.27E-02 2x: 0.00E+00 2u: 0.00E+00 ir: 2.21E-02 iu: 0.00E+00 rsn:   0
  1 2r: 1.28E-05 2x: 1.72E+09 2u: 8.97E+02 ir: 7.63E-06 iu: 2.99E+02 rsn:   0
  2 2r: 1.28E-05 2x: 1.72E+09 2u: 2.14E-02 ir: 7.63E-06 iu: 7.13E-03 rsn: stol

 Step    376 Time=  5.48696E-01 Dt=  5.94130E-06 [hour] conv_reason: 4
  newton =   2 [     736] linear =     4 [      1498] cuts =  0 [   0]
  --> SNES Linear/Non-Linear Iterations = 4 / 2
  --> SNES Residual: 0.127957E-04 0.243843E-09 0.762939E-05
  --> max change: dpmx=   2.9912E+02

== GEOMECHANICS ================================================================

 Step    376 Time=  5.48696E-01 Dt=  5.94130E-06 [hour] conv_reason: 2
  linear =   143 [     53488] cuts =  0 [   0]

== RICHARDS FLOW ===============================================================
  0 2r: 2.28E-02 2x: 0.00E+00 2u: 0.00E+00 ir: 2.21E-02 iu: 0.00E+00 rsn:   0
  1 2r: 1.09E-05 2x: 1.72E+09 2u: 8.97E+02 ir: 3.81E-06 iu: 2.99E+02 rsn:   0
  2 2r: 1.27E-05 2x: 1.72E+09 2u: 2.14E-02 ir: 7.63E-06 iu: 7.14E-03 rsn: stol

 Step    377 Time=  5.48702E-01 Dt=  5.94904E-06 [hour] conv_reason: 4
  newton =   2 [     738] linear =     4 [      1502] cuts =  0 [   0]
  --> SNES Linear/Non-Linear Iterations = 4 / 2
  --> SNES Residual: 0.126777E-04 0.241594E-09 0.762939E-05
  --> max change: dpmx=   2.9912E+02

== GEOMECHANICS ================================================================

 Step    377 Time=  5.48702E-01 Dt=  5.94904E-06 [hour] conv_reason: 2
  linear =   140 [     53628] cuts =  0 [   0]

== RICHARDS FLOW ===============================================================
  0 2r: 2.28E-02 2x: 0.00E+00 2u: 0.00E+00 ir: 2.21E-02 iu: 0.00E+00 rsn:   0
  1 2r: 1.29E-05 2x: 1.72E+09 2u: 8.97E+02 ir: 7.63E-06 iu: 2.99E+02 rsn:   0
  2 2r: 1.29E-05 2x: 1.72E+09 2u: 2.14E-02 ir: 7.63E-06 iu: 7.15E-03 rsn: stol

 Step    378 Time=  5.48708E-01 Dt=  5.95680E-06 [hour] conv_reason: 4
  newton =   2 [     740] linear =     4 [      1506] cuts =  0 [   0]
  --> SNES Linear/Non-Linear Iterations = 4 / 2
  --> SNES Residual: 0.128609E-04 0.245086E-09 0.762939E-05
  --> max change: dpmx=   2.9912E+02

== GEOMECHANICS ================================================================

 Step    378 Time=  5.48708E-01 Dt=  5.95680E-06 [hour] conv_reason: 2
  linear =   141 [     53769] cuts =  0 [   0]

== RICHARDS FLOW ===============================================================
  0 2r: 2.28E-02 2x: 0.00E+00 2u: 0.00E+00 ir: 2.21E-02 iu: 0.00E+00 rsn:   0
  1 2r: 1.51E-05 2x: 1.72E+09 2u: 8.97E+02 ir: 1.14E-05 iu: 2.99E+02 rsn:   0
  2 2r: 1.25E-05 2x: 1.72E+09 2u: 2.15E-02 ir: 7.63E-06 iu: 7.16E-03 rsn: stol

 Step    379 Time=  5.48714E-01 Dt=  5.96457E-06 [hour] conv_reason: 4
  newton =   2 [     742] linear =     4 [      1510] cuts =  0 [   0]
  --> SNES Linear/Non-Linear Iterations = 4 / 2
  --> SNES Residual: 0.125442E-04 0.239052E-09 0.762939E-05
  --> max change: dpmx=   2.9912E+02

== GEOMECHANICS ================================================================

 Step    379 Time=  5.48714E-01 Dt=  5.96457E-06 [hour] conv_reason: 2
  linear =   138 [     53907] cuts =  0 [   0]

== RICHARDS FLOW ===============================================================
  0 2r: 2.28E-02 2x: 0.00E+00 2u: 0.00E+00 ir: 2.21E-02 iu: 0.00E+00 rsn:   0
  1 2r: 1.28E-05 2x: 1.72E+09 2u: 8.97E+02 ir: 7.63E-06 iu: 2.99E+02 rsn:   0
  2 2r: 1.29E-05 2x: 1.72E+09 2u: 2.15E-02 ir: 7.63E-06 iu: 7.17E-03 rsn: stol

 Step    380 Time=  5.48720E-01 Dt=  5.97237E-06 [hour] conv_reason: 4
  newton =   2 [     744] linear =     4 [      1514] cuts =  0 [   0]
  --> SNES Linear/Non-Linear Iterations = 4 / 2
  --> SNES Residual: 0.128635E-04 0.245135E-09 0.762939E-05
  --> max change: dpmx=   2.9912E+02

== GEOMECHANICS ================================================================

 Step    380 Time=  5.48720E-01 Dt=  5.97237E-06 [hour] conv_reason: 2
  linear =   142 [     54049] cuts =  0 [   0]

== RICHARDS FLOW ===============================================================
  0 2r: 2.28E-02 2x: 0.00E+00 2u: 0.00E+00 ir: 2.21E-02 iu: 0.00E+00 rsn:   0
  1 2r: 1.04E-05 2x: 1.72E+09 2u: 8.97E+02 ir: 3.81E-06 iu: 2.99E+02 rsn:   0
  2 2r: 1.23E-05 2x: 1.72E+09 2u: 2.15E-02 ir: 7.63E-06 iu: 7.18E-03 rsn: stol

 Step    381 Time=  5.48726E-01 Dt=  5.98019E-06 [hour] conv_reason: 4
  newton =   2 [     746] linear =     4 [      1518] cuts =  0 [   0]
  --> SNES Linear/Non-Linear Iterations = 4 / 2
  --> SNES Residual: 0.123416E-04 0.235190E-09 0.762939E-05
  --> max change: dpmx=   2.9912E+02

== GEOMECHANICS ================================================================

 Step    381 Time=  5.48726E-01 Dt=  5.98019E-06 [hour] conv_reason: 2
  linear =   143 [     54192] cuts =  0 [   0]

== RICHARDS FLOW ===============================================================
  0 2r: 2.28E-02 2x: 0.00E+00 2u: 0.00E+00 ir: 2.21E-02 iu: 0.00E+00 rsn:   0
  1 2r: 1.27E-05 2x: 1.72E+09 2u: 8.97E+02 ir: 7.63E-06 iu: 2.99E+02 rsn:   0
  2 2r: 1.28E-05 2x: 1.72E+09 2u: 2.16E-02 ir: 7.63E-06 iu: 7.19E-03 rsn: stol

 Step    382 Time=  5.48732E-01 Dt=  5.98803E-06 [hour] conv_reason: 4
  newton =   2 [     748] linear =     4 [      1522] cuts =  0 [   0]
  --> SNES Linear/Non-Linear Iterations = 4 / 2
  --> SNES Residual: 0.128298E-04 0.244493E-09 0.762939E-05
  --> max change: dpmx=   2.9911E+02

== GEOMECHANICS ================================================================

 Step    382 Time=  5.48732E-01 Dt=  5.98803E-06 [hour] conv_reason: 2
  linear =   141 [     54333] cuts =  0 [   0]

== RICHARDS FLOW ===============================================================
  0 2r: 2.28E-02 2x: 0.00E+00 2u: 0.00E+00 ir: 2.21E-02 iu: 0.00E+00 rsn:   0
  1 2r: 1.50E-05 2x: 1.72E+09 2u: 8.97E+02 ir: 1.14E-05 iu: 2.99E+02 rsn:   0
  2 2r: 1.25E-05 2x: 1.72E+09 2u: 2.16E-02 ir: 7.63E-06 iu: 7.20E-03 rsn: stol

 Step    383 Time=  5.48738E-01 Dt=  5.99589E-06 [hour] conv_reason: 4
  newton =   2 [     750] linear =     4 [      1526] cuts =  0 [   0]
  --> SNES Linear/Non-Linear Iterations = 4 / 2
  --> SNES Residual: 0.124835E-04 0.237893E-09 0.762939E-05
  --> max change: dpmx=   2.9911E+02

== GEOMECHANICS ================================================================

 Step    383 Time=  5.48738E-01 Dt=  5.99589E-06 [hour] conv_reason: 2
  linear =   153 [     54486] cuts =  0 [   0]

== RICHARDS FLOW ===============================================================
  0 2r: 2.28E-02 2x: 0.00E+00 2u: 0.00E+00 ir: 2.21E-02 iu: 0.00E+00 rsn:   0
  1 2r: 1.25E-05 2x: 1.72E+09 2u: 8.97E+02 ir: 7.63E-06 iu: 2.99E+02 rsn:   0
  2 2r: 1.24E-05 2x: 1.72E+09 2u: 2.16E-02 ir: 7.63E-06 iu: 7.21E-03 rsn: stol

 Step    384 Time=  5.48744E-01 Dt=  6.00378E-06 [hour] conv_reason: 4
  newton =   2 [     752] linear =     4 [      1530] cuts =  0 [   0]
  --> SNES Linear/Non-Linear Iterations = 4 / 2
  --> SNES Residual: 0.124407E-04 0.237078E-09 0.762939E-05
  --> max change: dpmx=   2.9911E+02

== GEOMECHANICS ================================================================

 Step    384 Time=  5.48744E-01 Dt=  6.00378E-06 [hour] conv_reason: 2
  linear =   137 [     54623] cuts =  0 [   0]

== RICHARDS FLOW ===============================================================
  0 2r: 2.28E-02 2x: 0.00E+00 2u: 0.00E+00 ir: 2.21E-02 iu: 0.00E+00 rsn:   0
  1 2r: 1.04E-05 2x: 1.72E+09 2u: 8.97E+02 ir: 3.81E-06 iu: 2.99E+02 rsn:   0
  2 2r: 1.24E-05 2x: 1.72E+09 2u: 2.16E-02 ir: 7.63E-06 iu: 7.22E-03 rsn: stol

 Step    385 Time=  5.48750E-01 Dt=  6.01168E-06 [hour] conv_reason: 4
  newton =   2 [     754] linear =     4 [      1534] cuts =  0 [   0]
  --> SNES Linear/Non-Linear Iterations = 4 / 2
  --> SNES Residual: 0.123731E-04 0.235790E-09 0.762939E-05
  --> max change: dpmx=   2.9911E+02

== GEOMECHANICS ================================================================

 Step    385 Time=  5.48750E-01 Dt=  6.01168E-06 [hour] conv_reason: 2
  linear =   138 [     54761] cuts =  0 [   0]

== RICHARDS FLOW ===============================================================
  0 2r: 2.28E-02 2x: 0.00E+00 2u: 0.00E+00 ir: 2.21E-02 iu: 0.00E+00 rsn:   0
  1 2r: 1.50E-05 2x: 1.72E+09 2u: 8.97E+02 ir: 1.14E-05 iu: 2.99E+02 rsn:   0
  2 2r: 1.25E-05 2x: 1.72E+09 2u: 2.17E-02 ir: 7.63E-06 iu: 7.23E-03 rsn: stol

 Step    386 Time=  5.48756E-01 Dt=  6.01960E-06 [hour] conv_reason: 4
  newton =   2 [     756] linear =     4 [      1538] cuts =  0 [   0]
  --> SNES Linear/Non-Linear Iterations = 4 / 2
  --> SNES Residual: 0.125029E-04 0.238264E-09 0.762939E-05
  --> max change: dpmx=   2.9911E+02

== GEOMECHANICS ================================================================

 Step    386 Time=  5.48756E-01 Dt=  6.01960E-06 [hour] conv_reason: 2
  linear =   141 [     54902] cuts =  0 [   0]

== RICHARDS FLOW ===============================================================
  0 2r: 2.28E-02 2x: 0.00E+00 2u: 0.00E+00 ir: 2.21E-02 iu: 0.00E+00 rsn:   0
  1 2r: 1.22E-05 2x: 1.72E+09 2u: 8.97E+02 ir: 7.63E-06 iu: 2.99E+02 rsn:   0
  2 2r: 1.22E-05 2x: 1.72E+09 2u: 2.17E-02 ir: 7.63E-06 iu: 7.24E-03 rsn: stol

 Step    387 Time=  5.48762E-01 Dt=  6.02754E-06 [hour] conv_reason: 4
  newton =   2 [     758] linear =     4 [      1542] cuts =  0 [   0]
  --> SNES Linear/Non-Linear Iterations = 4 / 2
  --> SNES Residual: 0.121906E-04 0.232313E-09 0.762939E-05
  --> max change: dpmx=   2.9911E+02

== GEOMECHANICS ================================================================

 Step    387 Time=  5.48762E-01 Dt=  6.02754E-06 [hour] conv_reason: 2
  linear =   142 [     55044] cuts =  0 [   0]

== RICHARDS FLOW ===============================================================
  0 2r: 2.28E-02 2x: 0.00E+00 2u: 0.00E+00 ir: 2.21E-02 iu: 0.00E+00 rsn:   0
  1 2r: 1.02E-05 2x: 1.72E+09 2u: 8.97E+02 ir: 3.81E-06 iu: 2.99E+02 rsn:   0
  2 2r: 1.22E-05 2x: 1.72E+09 2u: 2.17E-02 ir: 7.63E-06 iu: 7.24E-03 rsn: stol

 Step    388 Time=  5.48768E-01 Dt=  6.03551E-06 [hour] conv_reason: 4
  newton =   2 [     760] linear =     4 [      1546] cuts =  0 [   0]
  --> SNES Linear/Non-Linear Iterations = 4 / 2
  --> SNES Residual: 0.121755E-04 0.232024E-09 0.762939E-05
  --> max change: dpmx=   2.9911E+02

== GEOMECHANICS ================================================================

 Step    388 Time=  5.48768E-01 Dt=  6.03551E-06 [hour] conv_reason: 2
  linear =   139 [     55183] cuts =  0 [   0]

== RICHARDS FLOW ===============================================================
  0 2r: 2.28E-02 2x: 0.00E+00 2u: 0.00E+00 ir: 2.21E-02 iu: 0.00E+00 rsn:   0
  1 2r: 1.50E-05 2x: 1.72E+09 2u: 8.97E+02 ir: 1.14E-05 iu: 2.99E+02 rsn:   0
  2 2r: 1.25E-05 2x: 1.72E+09 2u: 2.18E-02 ir: 7.63E-06 iu: 7.25E-03 rsn: stol

 Step    389 Time=  5.48774E-01 Dt=  6.04349E-06 [hour] conv_reason: 4
  newton =   2 [     762] linear =     4 [      1550] cuts =  0 [   0]
  --> SNES Linear/Non-Linear Iterations = 4 / 2
  --> SNES Residual: 0.125418E-04 0.239006E-09 0.762939E-05
  --> max change: dpmx=   2.9911E+02

== GEOMECHANICS ================================================================

 Step    389 Time=  5.48774E-01 Dt=  6.04349E-06 [hour] conv_reason: 2
  linear =   146 [     55329] cuts =  0 [   0]

== RICHARDS FLOW ===============================================================
  0 2r: 2.28E-02 2x: 0.00E+00 2u: 0.00E+00 ir: 2.21E-02 iu: 0.00E+00 rsn:   0
  1 2r: 1.20E-05 2x: 1.72E+09 2u: 8.97E+02 ir: 7.63E-06 iu: 2.99E+02 rsn:   0
  2 2r: 1.20E-05 2x: 1.72E+09 2u: 2.18E-02 ir: 7.63E-06 iu: 7.26E-03 rsn: stol

 Step    390 Time=  5.48780E-01 Dt=  6.05150E-06 [hour] conv_reason: 4
  newton =   2 [     764] linear =     4 [      1554] cuts =  0 [   0]
  --> SNES Linear/Non-Linear Iterations = 4 / 2
  --> SNES Residual: 0.119528E-04 0.227781E-09 0.762939E-05
  --> max change: dpmx=   2.9911E+02

== GEOMECHANICS ================================================================

 Step    390 Time=  5.48780E-01 Dt=  6.05150E-06 [hour] conv_reason: 2
  linear =   139 [     55468] cuts =  0 [   0]

== RICHARDS FLOW ===============================================================
  0 2r: 2.28E-02 2x: 0.00E+00 2u: 0.00E+00 ir: 2.21E-02 iu: 0.00E+00 rsn:   0
  1 2r: 1.22E-05 2x: 1.72E+09 2u: 8.97E+02 ir: 7.63E-06 iu: 2.99E+02 rsn:   0
  2 2r: 1.22E-05 2x: 1.72E+09 2u: 2.18E-02 ir: 7.63E-06 iu: 7.27E-03 rsn: stol

 Step    391 Time=  5.48786E-01 Dt=  6.05953E-06 [hour] conv_reason: 4
  newton =   2 [     766] linear =     4 [      1558] cuts =  0 [   0]
  --> SNES Linear/Non-Linear Iterations = 4 / 2
  --> SNES Residual: 0.121902E-04 0.232305E-09 0.762939E-05
  --> max change: dpmx=   2.9911E+02

== GEOMECHANICS ================================================================

 Step    391 Time=  5.48786E-01 Dt=  6.05953E-06 [hour] conv_reason: 2
  linear =   139 [     55607] cuts =  0 [   0]

== RICHARDS FLOW ===============================================================
  0 2r: 2.28E-02 2x: 0.00E+00 2u: 0.00E+00 ir: 2.21E-02 iu: 0.00E+00 rsn:   0
  1 2r: 9.95E-06 2x: 1.72E+09 2u: 8.97E+02 ir: 3.81E-06 iu: 2.99E+02 rsn:   0
  2 2r: 1.20E-05 2x: 1.72E+09 2u: 2.18E-02 ir: 7.63E-06 iu: 7.28E-03 rsn: stol

 Step    392 Time=  5.48792E-01 Dt=  6.06758E-06 [hour] conv_reason: 4
  newton =   2 [     768] linear =     4 [      1562] cuts =  0 [   0]
  --> SNES Linear/Non-Linear Iterations = 4 / 2
  --> SNES Residual: 0.119777E-04 0.228254E-09 0.762939E-05
  --> max change: dpmx=   2.9910E+02

== GEOMECHANICS ================================================================

 Step    392 Time=  5.48792E-01 Dt=  6.06758E-06 [hour] conv_reason: 2
  linear =   162 [     55769] cuts =  0 [   0]

== RICHARDS FLOW ===============================================================
  0 2r: 2.28E-02 2x: 0.00E+00 2u: 0.00E+00 ir: 2.21E-02 iu: 0.00E+00 rsn:   0
  1 2r: 1.19E-05 2x: 1.72E+09 2u: 8.97E+02 ir: 7.63E-06 iu: 2.99E+02 rsn:   0
  2 2r: 1.20E-05 2x: 1.72E+09 2u: 2.19E-02 ir: 7.63E-06 iu: 7.29E-03 rsn: stol

 Step    393 Time=  5.48798E-01 Dt=  6.07565E-06 [hour] conv_reason: 4
  newton =   2 [     770] linear =     4 [      1566] cuts =  0 [   0]
  --> SNES Linear/Non-Linear Iterations = 4 / 2
  --> SNES Residual: 0.119610E-04 0.227937E-09 0.762939E-05
  --> max change: dpmx=   2.9910E+02

== GEOMECHANICS ================================================================

 Step    393 Time=  5.48798E-01 Dt=  6.07565E-06 [hour] conv_reason: 2
  linear =   137 [     55906] cuts =  0 [   0]

== RICHARDS FLOW ===============================================================
  0 2r: 2.28E-02 2x: 0.00E+00 2u: 0.00E+00 ir: 2.21E-02 iu: 0.00E+00 rsn:   0
  1 2r: 1.45E-05 2x: 1.72E+09 2u: 8.97E+02 ir: 1.14E-05 iu: 2.99E+02 rsn:   0
  2 2r: 1.18E-05 2x: 1.72E+09 2u: 2.19E-02 ir: 7.63E-06 iu: 7.30E-03 rsn: stol

 Step    394 Time=  5.48805E-01 Dt=  6.08374E-06 [hour] conv_reason: 4
  newton =   2 [     772] linear =     4 [      1570] cuts =  0 [   0]
  --> SNES Linear/Non-Linear Iterations = 4 / 2
  --> SNES Residual: 0.117764E-04 0.224419E-09 0.762939E-05
  --> max change: dpmx=   2.9910E+02

== GEOMECHANICS ================================================================

 Step    394 Time=  5.48805E-01 Dt=  6.08374E-06 [hour] conv_reason: 2
  linear =   138 [     56044] cuts =  0 [   0]

== RICHARDS FLOW ===============================================================
  0 2r: 2.28E-02 2x: 0.00E+00 2u: 0.00E+00 ir: 2.21E-02 iu: 0.00E+00 rsn:   0
  1 2r: 9.85E-06 2x: 1.72E+09 2u: 8.97E+02 ir: 3.81E-06 iu: 2.99E+02 rsn:   0
  2 2r: 1.19E-05 2x: 1.72E+09 2u: 2.19E-02 ir: 7.63E-06 iu: 7.31E-03 rsn: stol

 Step    395 Time=  5.48811E-01 Dt=  6.09185E-06 [hour] conv_reason: 4
  newton =   2 [     774] linear =     4 [      1574] cuts =  0 [   0]
  --> SNES Linear/Non-Linear Iterations = 4 / 2
  --> SNES Residual: 0.119018E-04 0.226808E-09 0.762939E-05
  --> max change: dpmx=   2.9910E+02

== GEOMECHANICS ================================================================

 Step    395 Time=  5.48811E-01 Dt=  6.09185E-06 [hour] conv_reason: 2
  linear =   142 [     56186] cuts =  0 [   0]

== RICHARDS FLOW ===============================================================
  0 2r: 2.28E-02 2x: 0.00E+00 2u: 0.00E+00 ir: 2.21E-02 iu: 0.00E+00 rsn:   0
  1 2r: 1.17E-05 2x: 1.72E+09 2u: 8.97E+02 ir: 7.63E-06 iu: 2.99E+02 rsn:   0
  2 2r: 1.17E-05 2x: 1.72E+09 2u: 2.20E-02 ir: 7.63E-06 iu: 7.32E-03 rsn: stol

 Step    396 Time=  5.48817E-01 Dt=  6.09999E-06 [hour] conv_reason: 4
  newton =   2 [     776] linear =     4 [      1578] cuts =  0 [   0]
  --> SNES Linear/Non-Linear Iterations = 4 / 2
  --> SNES Residual: 0.117191E-04 0.223328E-09 0.762939E-05
  --> max change: dpmx=   2.9910E+02

== GEOMECHANICS ================================================================

 Step    396 Time=  5.48817E-01 Dt=  6.09999E-06 [hour] conv_reason: 2
  linear =   143 [     56329] cuts =  0 [   0]

== RICHARDS FLOW ===============================================================
  0 2r: 2.28E-02 2x: 0.00E+00 2u: 0.00E+00 ir: 2.21E-02 iu: 0.00E+00 rsn:   0
  1 2r: 1.45E-05 2x: 1.72E+09 2u: 8.97E+02 ir: 1.14E-05 iu: 2.99E+02 rsn:   0
  2 2r: 1.18E-05 2x: 1.72E+09 2u: 2.20E-02 ir: 7.63E-06 iu: 7.33E-03 rsn: stol

 Step    397 Time=  5.48823E-01 Dt=  6.10814E-06 [hour] conv_reason: 4
  newton =   2 [     778] linear =     4 [      1582] cuts =  0 [   0]
  --> SNES Linear/Non-Linear Iterations = 4 / 2
  --> SNES Residual: 0.117998E-04 0.224865E-09 0.762939E-05
  --> max change: dpmx=   2.9910E+02

== GEOMECHANICS ================================================================

 Step    397 Time=  5.48823E-01 Dt=  6.10814E-06 [hour] conv_reason: 2
  linear =   136 [     56465] cuts =  0 [   0]

== RICHARDS FLOW ===============================================================
  0 2r: 2.28E-02 2x: 0.00E+00 2u: 0.00E+00 ir: 2.21E-02 iu: 0.00E+00 rsn:   0
  1 2r: 1.17E-05 2x: 1.72E+09 2u: 8.97E+02 ir: 7.63E-06 iu: 2.99E+02 rsn:   0
  2 2r: 1.17E-05 2x: 1.72E+09 2u: 2.20E-02 ir: 7.63E-06 iu: 7.34E-03 rsn: stol

 Step    398 Time=  5.48829E-01 Dt=  6.11632E-06 [hour] conv_reason: 4
  newton =   2 [     780] linear =     4 [      1586] cuts =  0 [   0]
  --> SNES Linear/Non-Linear Iterations = 4 / 2
  --> SNES Residual: 0.117014E-04 0.222990E-09 0.762939E-05
  --> max change: dpmx=   2.9910E+02

== GEOMECHANICS ================================================================

 Step    398 Time=  5.48829E-01 Dt=  6.11632E-06 [hour] conv_reason: 2
  linear =   145 [     56610] cuts =  0 [   0]

== RICHARDS FLOW ===============================================================
  0 2r: 2.28E-02 2x: 0.00E+00 2u: 0.00E+00 ir: 2.21E-02 iu: 0.00E+00 rsn:   0
  1 2r: 9.48E-06 2x: 1.72E+09 2u: 8.97E+02 ir: 3.81E-06 iu: 2.99E+02 rsn:   0
  2 2r: 1.17E-05 2x: 1.72E+09 2u: 2.20E-02 ir: 7.63E-06 iu: 7.35E-03 rsn: stol

 Step    399 Time=  5.48835E-01 Dt=  6.12452E-06 [hour] conv_reason: 4
  newton =   2 [     782] linear =     4 [      1590] cuts =  0 [   0]
  --> SNES Linear/Non-Linear Iterations = 4 / 2
  --> SNES Residual: 0.116807E-04 0.222595E-09 0.762939E-05
  --> max change: dpmx=   2.9910E+02

== GEOMECHANICS ================================================================

 Step    399 Time=  5.48835E-01 Dt=  6.12452E-06 [hour] conv_reason: 2
  linear =   140 [     56750] cuts =  0 [   0]

== RICHARDS FLOW ===============================================================
  0 2r: 2.28E-02 2x: 0.00E+00 2u: 0.00E+00 ir: 2.21E-02 iu: 0.00E+00 rsn:   0
  1 2r: 1.15E-05 2x: 1.72E+09 2u: 8.97E+02 ir: 7.63E-06 iu: 2.99E+02 rsn:   0
  2 2r: 1.17E-05 2x: 1.72E+09 2u: 2.21E-02 ir: 7.63E-06 iu: 7.36E-03 rsn: stol

 Step    400 Time=  5.48841E-01 Dt=  6.13275E-06 [hour] conv_reason: 4
  newton =   2 [     784] linear =     4 [      1594] cuts =  0 [   0]
  --> SNES Linear/Non-Linear Iterations = 4 / 2
  --> SNES Residual: 0.116675E-04 0.222344E-09 0.762939E-05
  --> max change: dpmx=   2.9910E+02

== GEOMECHANICS ================================================================

 Step    400 Time=  5.48841E-01 Dt=  6.13275E-06 [hour] conv_reason: 2
  linear =   143 [     56893] cuts =  0 [   0]

== RICHARDS FLOW ===============================================================
  0 2r: 2.28E-02 2x: 0.00E+00 2u: 0.00E+00 ir: 2.21E-02 iu: 0.00E+00 rsn:   0
  1 2r: 1.43E-05 2x: 1.72E+09 2u: 8.97E+02 ir: 1.14E-05 iu: 2.99E+02 rsn:   0
  2 2r: 1.14E-05 2x: 1.72E+09 2u: 2.21E-02 ir: 7.63E-06 iu: 7.37E-03 rsn: stol

 Step    401 Time=  5.48847E-01 Dt=  6.14099E-06 [hour] conv_reason: 4
  newton =   2 [     786] linear =     4 [      1598] cuts =  0 [   0]
  --> SNES Linear/Non-Linear Iterations = 4 / 2
  --> SNES Residual: 0.114005E-04 0.217256E-09 0.762939E-05
  --> max change: dpmx=   2.9909E+02

== GEOMECHANICS ================================================================

 Step    401 Time=  5.48847E-01 Dt=  6.14099E-06 [hour] conv_reason: 2
  linear =   138 [     57031] cuts =  0 [   0]

== RICHARDS FLOW ===============================================================
  0 2r: 2.28E-02 2x: 0.00E+00 2u: 0.00E+00 ir: 2.21E-02 iu: 0.00E+00 rsn:   0
  1 2r: 9.30E-06 2x: 1.72E+09 2u: 8.97E+02 ir: 3.81E-06 iu: 2.99E+02 rsn:   0
  2 2r: 1.14E-05 2x: 1.72E+09 2u: 2.21E-02 ir: 7.63E-06 iu: 7.38E-03 rsn: stol

 Step    402 Time=  5.48853E-01 Dt=  6.14926E-06 [hour] conv_reason: 4
  newton =   2 [     788] linear =     4 [      1602] cuts =  0 [   0]
  --> SNES Linear/Non-Linear Iterations = 4 / 2
  --> SNES Residual: 0.114326E-04 0.217868E-09 0.762939E-05
  --> max change: dpmx=   2.9909E+02

== GEOMECHANICS ================================================================

 Step    402 Time=  5.48853E-01 Dt=  6.14926E-06 [hour] conv_reason: 2
  linear =   139 [     57170] cuts =  0 [   0]

== RICHARDS FLOW ===============================================================
  0 2r: 2.28E-02 2x: 0.00E+00 2u: 0.00E+00 ir: 2.21E-02 iu: 0.00E+00 rsn:   0
  1 2r: 1.13E-05 2x: 1.72E+09 2u: 8.97E+02 ir: 7.63E-06 iu: 2.99E+02 rsn:   0
  2 2r: 1.13E-05 2x: 1.72E+09 2u: 2.22E-02 ir: 7.63E-06 iu: 7.39E-03 rsn: stol

 Step    403 Time=  5.48860E-01 Dt=  6.15755E-06 [hour] conv_reason: 4
  newton =   2 [     790] linear =     4 [      1606] cuts =  0 [   0]
  --> SNES Linear/Non-Linear Iterations = 4 / 2
  --> SNES Residual: 0.113490E-04 0.216275E-09 0.762939E-05
  --> max change: dpmx=   2.9909E+02

== GEOMECHANICS ================================================================

 Step    403 Time=  5.48860E-01 Dt=  6.15755E-06 [hour] conv_reason: 2
  linear =   138 [     57308] cuts =  0 [   0]

== RICHARDS FLOW ===============================================================
  0 2r: 2.28E-02 2x: 0.00E+00 2u: 0.00E+00 ir: 2.21E-02 iu: 0.00E+00 rsn:   0
  1 2r: 1.42E-05 2x: 1.72E+09 2u: 8.97E+02 ir: 1.14E-05 iu: 2.99E+02 rsn:   0
  2 2r: 1.15E-05 2x: 1.72E+09 2u: 2.22E-02 ir: 7.63E-06 iu: 7.40E-03 rsn: stol

 Step    404 Time=  5.48866E-01 Dt=  6.16586E-06 [hour] conv_reason: 4
  newton =   2 [     792] linear =     4 [      1610] cuts =  0 [   0]
  --> SNES Linear/Non-Linear Iterations = 4 / 2
  --> SNES Residual: 0.114561E-04 0.218314E-09 0.762939E-05
  --> max change: dpmx=   2.9909E+02

== GEOMECHANICS ================================================================

 Step    404 Time=  5.48866E-01 Dt=  6.16586E-06 [hour] conv_reason: 2
  linear =   138 [     57446] cuts =  0 [   0]

== RICHARDS FLOW ===============================================================
  0 2r: 2.28E-02 2x: 0.00E+00 2u: 0.00E+00 ir: 2.21E-02 iu: 0.00E+00 rsn:   0
  1 2r: 9.30E-06 2x: 1.72E+09 2u: 8.97E+02 ir: 3.81E-06 iu: 2.99E+02 rsn:   0
  2 2r: 1.13E-05 2x: 1.72E+09 2u: 2.22E-02 ir: 7.63E-06 iu: 7.41E-03 rsn: stol

 Step    405 Time=  5.48872E-01 Dt=  6.17419E-06 [hour] conv_reason: 4
  newton =   2 [     794] linear =     4 [      1614] cuts =  0 [   0]
  --> SNES Linear/Non-Linear Iterations = 4 / 2
  --> SNES Residual: 0.113467E-04 0.216231E-09 0.762939E-05
  --> max change: dpmx=   2.9909E+02

== GEOMECHANICS ================================================================

 Step    405 Time=  5.48872E-01 Dt=  6.17419E-06 [hour] conv_reason: 2
  linear =   140 [     57586] cuts =  0 [   0]

== RICHARDS FLOW ===============================================================
  0 2r: 2.28E-02 2x: 0.00E+00 2u: 0.00E+00 ir: 2.21E-02 iu: 0.00E+00 rsn:   0
  1 2r: 1.41E-05 2x: 1.72E+09 2u: 8.97E+02 ir: 1.14E-05 iu: 2.99E+02 rsn:   0
  2 2r: 1.12E-05 2x: 1.72E+09 2u: 2.23E-02 ir: 7.63E-06 iu: 7.42E-03 rsn: stol

 Step    406 Time=  5.48878E-01 Dt=  6.18255E-06 [hour] conv_reason: 4
  newton =   2 [     796] linear =     4 [      1618] cuts =  0 [   0]
  --> SNES Linear/Non-Linear Iterations = 4 / 2
  --> SNES Residual: 0.112215E-04 0.213844E-09 0.762939E-05
  --> max change: dpmx=   2.9909E+02

== GEOMECHANICS ================================================================

 Step    406 Time=  5.48878E-01 Dt=  6.18255E-06 [hour] conv_reason: 2
  linear =   143 [     57729] cuts =  0 [   0]

== RICHARDS FLOW ===============================================================
  0 2r: 2.28E-02 2x: 0.00E+00 2u: 0.00E+00 ir: 2.21E-02 iu: 0.00E+00 rsn:   0
  1 2r: 9.03E-06 2x: 1.72E+09 2u: 8.97E+02 ir: 3.81E-06 iu: 2.99E+02 rsn:   0
  2 2r: 1.14E-05 2x: 1.72E+09 2u: 2.23E-02 ir: 7.63E-06 iu: 7.43E-03 rsn: stol

 Step    407 Time=  5.48884E-01 Dt=  6.19093E-06 [hour] conv_reason: 4
  newton =   2 [     798] linear =     4 [      1622] cuts =  0 [   0]
  --> SNES Linear/Non-Linear Iterations = 4 / 2
  --> SNES Residual: 0.113938E-04 0.217129E-09 0.762939E-05
  --> max change: dpmx=   2.9909E+02

== GEOMECHANICS ================================================================

 Step    407 Time=  5.48884E-01 Dt=  6.19093E-06 [hour] conv_reason: 2
  linear =   139 [     57868] cuts =  0 [   0]

== RICHARDS FLOW ===============================================================
  0 2r: 2.28E-02 2x: 0.00E+00 2u: 0.00E+00 ir: 2.21E-02 iu: 0.00E+00 rsn:   0
  1 2r: 1.41E-05 2x: 1.72E+09 2u: 8.97E+02 ir: 1.14E-05 iu: 2.99E+02 rsn:   0
  2 2r: 1.12E-05 2x: 1.72E+09 2u: 2.23E-02 ir: 7.63E-06 iu: 7.44E-03 rsn: stol

 Step    408 Time=  5.48891E-01 Dt=  6.19933E-06 [hour] conv_reason: 4
  newton =   2 [     800] linear =     4 [      1626] cuts =  0 [   0]
  --> SNES Linear/Non-Linear Iterations = 4 / 2
  --> SNES Residual: 0.111908E-04 0.213259E-09 0.762939E-05
  --> max change: dpmx=   2.9909E+02

== GEOMECHANICS ================================================================

 Step    408 Time=  5.48891E-01 Dt=  6.19933E-06 [hour] conv_reason: 2
  linear =   141 [     58009] cuts =  0 [   0]

== RICHARDS FLOW ===============================================================
  0 2r: 2.28E-02 2x: 0.00E+00 2u: 0.00E+00 ir: 2.21E-02 iu: 0.00E+00 rsn:   0
  1 2r: 8.71E-06 2x: 1.72E+09 2u: 8.97E+02 ir: 3.81E-06 iu: 2.99E+02 rsn:   0
  2 2r: 1.10E-05 2x: 1.72E+09 2u: 2.23E-02 ir: 7.63E-06 iu: 7.45E-03 rsn: stol

 Step    409 Time=  5.48897E-01 Dt=  6.20775E-06 [hour] conv_reason: 4
  newton =   2 [     802] linear =     4 [      1630] cuts =  0 [   0]
  --> SNES Linear/Non-Linear Iterations = 4 / 2
  --> SNES Residual: 0.109958E-04 0.209543E-09 0.762939E-05
  --> max change: dpmx=   2.9909E+02

== GEOMECHANICS ================================================================

 Step    409 Time=  5.48897E-01 Dt=  6.20775E-06 [hour] conv_reason: 2
  linear =   141 [     58150] cuts =  0 [   0]

== RICHARDS FLOW ===============================================================
  0 2r: 2.28E-02 2x: 0.00E+00 2u: 0.00E+00 ir: 2.21E-02 iu: 0.00E+00 rsn:   0
  1 2r: 1.10E-05 2x: 1.72E+09 2u: 8.97E+02 ir: 7.63E-06 iu: 2.99E+02 rsn:   0
  2 2r: 1.10E-05 2x: 1.72E+09 2u: 2.24E-02 ir: 7.63E-06 iu: 7.46E-03 rsn: stol

 Step    410 Time=  5.48903E-01 Dt=  6.21620E-06 [hour] conv_reason: 4
  newton =   2 [     804] linear =     4 [      1634] cuts =  0 [   0]
  --> SNES Linear/Non-Linear Iterations = 4 / 2
  --> SNES Residual: 0.110083E-04 0.209781E-09 0.762939E-05
  --> max change: dpmx=   2.9908E+02

== GEOMECHANICS ================================================================

 Step    410 Time=  5.48903E-01 Dt=  6.21620E-06 [hour] conv_reason: 2
  linear =   143 [     58293] cuts =  0 [   0]

== RICHARDS FLOW ===============================================================
  0 2r: 2.28E-02 2x: 0.00E+00 2u: 0.00E+00 ir: 2.21E-02 iu: 0.00E+00 rsn:   0
  1 2r: 1.10E-05 2x: 1.72E+09 2u: 8.97E+02 ir: 7.63E-06 iu: 2.99E+02 rsn:   0
  2 2r: 1.10E-05 2x: 1.72E+09 2u: 2.24E-02 ir: 7.63E-06 iu: 7.47E-03 rsn: stol

 Step    411 Time=  5.48909E-01 Dt=  6.22467E-06 [hour] conv_reason: 4
  newton =   2 [     806] linear =     4 [      1638] cuts =  0 [   0]
  --> SNES Linear/Non-Linear Iterations = 4 / 2
  --> SNES Residual: 0.109746E-04 0.209139E-09 0.762939E-05
  --> max change: dpmx=   2.9908E+02

== GEOMECHANICS ================================================================

 Step    411 Time=  5.48909E-01 Dt=  6.22467E-06 [hour] conv_reason: 2
  linear =   139 [     58432] cuts =  0 [   0]

== RICHARDS FLOW ===============================================================
  0 2r: 2.28E-02 2x: 0.00E+00 2u: 0.00E+00 ir: 2.21E-02 iu: 0.00E+00 rsn:   0
  1 2r: 1.39E-05 2x: 1.72E+09 2u: 8.97E+02 ir: 1.14E-05 iu: 2.99E+02 rsn:   0
  2 2r: 1.09E-05 2x: 1.72E+09 2u: 2.24E-02 ir: 7.63E-06 iu: 7.48E-03 rsn: stol

 Step    412 Time=  5.48915E-01 Dt=  6.23316E-06 [hour] conv_reason: 4
  newton =   2 [     808] linear =     4 [      1642] cuts =  0 [   0]
  --> SNES Linear/Non-Linear Iterations = 4 / 2
  --> SNES Residual: 0.109499E-04 0.208669E-09 0.762939E-05
  --> max change: dpmx=   2.9908E+02

== GEOMECHANICS ================================================================

 Step    412 Time=  5.48915E-01 Dt=  6.23316E-06 [hour] conv_reason: 2
  linear =   150 [     58582] cuts =  0 [   0]

== RICHARDS FLOW ===============================================================
  0 2r: 2.28E-02 2x: 0.00E+00 2u: 0.00E+00 ir: 2.21E-02 iu: 0.00E+00 rsn:   0
  1 2r: 8.64E-06 2x: 1.72E+09 2u: 8.97E+02 ir: 3.81E-06 iu: 2.99E+02 rsn:   0
  2 2r: 1.10E-05 2x: 1.72E+09 2u: 2.25E-02 ir: 7.63E-06 iu: 7.49E-03 rsn: stol

 Step    413 Time=  5.48922E-01 Dt=  6.24168E-06 [hour] conv_reason: 4
  newton =   2 [     810] linear =     4 [      1646] cuts =  0 [   0]
  --> SNES Linear/Non-Linear Iterations = 4 / 2
  --> SNES Residual: 0.109613E-04 0.208886E-09 0.762939E-05
  --> max change: dpmx=   2.9908E+02

== GEOMECHANICS ================================================================

 Step    413 Time=  5.48922E-01 Dt=  6.24168E-06 [hour] conv_reason: 2
  linear =   145 [     58727] cuts =  0 [   0]

== RICHARDS FLOW ===============================================================
  0 2r: 2.28E-02 2x: 0.00E+00 2u: 0.00E+00 ir: 2.21E-02 iu: 0.00E+00 rsn:   0
  1 2r: 1.37E-05 2x: 1.72E+09 2u: 8.97E+02 ir: 1.14E-05 iu: 2.99E+02 rsn:   0
  2 2r: 1.07E-05 2x: 1.72E+09 2u: 2.25E-02 ir: 7.63E-06 iu: 7.51E-03 rsn: stol

 Step    414 Time=  5.48928E-01 Dt=  6.25022E-06 [hour] conv_reason: 4
  newton =   2 [     812] linear =     4 [      1650] cuts =  0 [   0]
  --> SNES Linear/Non-Linear Iterations = 4 / 2
  --> SNES Residual: 0.107035E-04 0.203974E-09 0.762939E-05
  --> max change: dpmx=   2.9908E+02

== GEOMECHANICS ================================================================

 Step    414 Time=  5.48928E-01 Dt=  6.25022E-06 [hour] conv_reason: 2
  linear =   148 [     58875] cuts =  0 [   0]

== RICHARDS FLOW ===============================================================
  0 2r: 2.28E-02 2x: 0.00E+00 2u: 0.00E+00 ir: 2.21E-02 iu: 0.00E+00 rsn:   0
  1 2r: 8.53E-06 2x: 1.72E+09 2u: 8.97E+02 ir: 3.81E-06 iu: 2.99E+02 rsn:   0
  2 2r: 1.08E-05 2x: 1.72E+09 2u: 2.25E-02 ir: 7.63E-06 iu: 7.52E-03 rsn: stol

 Step    415 Time=  5.48934E-01 Dt=  6.25878E-06 [hour] conv_reason: 4
  newton =   2 [     814] linear =     4 [      1654] cuts =  0 [   0]
  --> SNES Linear/Non-Linear Iterations = 4 / 2
  --> SNES Residual: 0.108437E-04 0.206644E-09 0.762939E-05
  --> max change: dpmx=   2.9908E+02

== GEOMECHANICS ================================================================

 Step    415 Time=  5.48934E-01 Dt=  6.25878E-06 [hour] conv_reason: 2
  linear =   137 [     59012] cuts =  0 [   0]

== RICHARDS FLOW ===============================================================
  0 2r: 2.28E-02 2x: 0.00E+00 2u: 0.00E+00 ir: 2.21E-02 iu: 0.00E+00 rsn:   0
  1 2r: 1.07E-05 2x: 1.72E+09 2u: 8.97E+02 ir: 7.63E-06 iu: 2.99E+02 rsn:   0
  2 2r: 1.08E-05 2x: 1.72E+09 2u: 2.26E-02 ir: 7.63E-06 iu: 7.53E-03 rsn: stol

 Step    416 Time=  5.48940E-01 Dt=  6.26737E-06 [hour] conv_reason: 4
  newton =   2 [     816] linear =     4 [      1658] cuts =  0 [   0]
  --> SNES Linear/Non-Linear Iterations = 4 / 2
  --> SNES Residual: 0.107666E-04 0.205176E-09 0.762939E-05
  --> max change: dpmx=   2.9908E+02

== GEOMECHANICS ================================================================

 Step    416 Time=  5.48940E-01 Dt=  6.26737E-06 [hour] conv_reason: 2
  linear =   139 [     59151] cuts =  0 [   0]

== RICHARDS FLOW ===============================================================
  0 2r: 2.28E-02 2x: 0.00E+00 2u: 0.00E+00 ir: 2.22E-02 iu: 0.00E+00 rsn:   0
  1 2r: 1.06E-05 2x: 1.72E+09 2u: 8.97E+02 ir: 7.63E-06 iu: 2.99E+02 rsn:   0
  2 2r: 1.07E-05 2x: 1.72E+09 2u: 2.26E-02 ir: 7.63E-06 iu: 7.54E-03 rsn: stol

 Step    417 Time=  5.48947E-01 Dt=  6.27598E-06 [hour] conv_reason: 4
  newton =   2 [     818] linear =     4 [      1662] cuts =  0 [   0]
  --> SNES Linear/Non-Linear Iterations = 4 / 2
  --> SNES Residual: 0.107494E-04 0.204848E-09 0.762939E-05
  --> max change: dpmx=   2.9908E+02

== GEOMECHANICS ================================================================

 Step    417 Time=  5.48947E-01 Dt=  6.27598E-06 [hour] conv_reason: 2
  linear =   142 [     59293] cuts =  0 [   0]

== RICHARDS FLOW ===============================================================
  0 2r: 2.28E-02 2x: 0.00E+00 2u: 0.00E+00 ir: 2.22E-02 iu: 0.00E+00 rsn:   0
  1 2r: 1.36E-05 2x: 1.72E+09 2u: 8.97E+02 ir: 1.14E-05 iu: 2.99E+02 rsn:   0
  2 2r: 1.06E-05 2x: 1.72E+09 2u: 2.26E-02 ir: 7.63E-06 iu: 7.55E-03 rsn: stol

 Step    418 Time=  5.48953E-01 Dt=  6.28461E-06 [hour] conv_reason: 4
  newton =   2 [     820] linear =     4 [      1666] cuts =  0 [   0]
  --> SNES Linear/Non-Linear Iterations = 4 / 2
  --> SNES Residual: 0.105850E-04 0.201715E-09 0.762939E-05
  --> max change: dpmx=   2.9908E+02

== GEOMECHANICS ================================================================

 Step    418 Time=  5.48953E-01 Dt=  6.28461E-06 [hour] conv_reason: 2
  linear =   145 [     59438] cuts =  0 [   0]

== RICHARDS FLOW ===============================================================
  0 2r: 2.29E-02 2x: 0.00E+00 2u: 0.00E+00 ir: 2.22E-02 iu: 0.00E+00 rsn:   0
  1 2r: 8.54E-06 2x: 1.72E+09 2u: 8.97E+02 ir: 3.81E-06 iu: 2.99E+02 rsn:   0
  2 2r: 1.09E-05 2x: 1.72E+09 2u: 2.27E-02 ir: 7.63E-06 iu: 7.56E-03 rsn: stol

 Step    419 Time=  5.48959E-01 Dt=  6.29327E-06 [hour] conv_reason: 4
  newton =   2 [     822] linear =     4 [      1670] cuts =  0 [   0]
  --> SNES Linear/Non-Linear Iterations = 4 / 2
  --> SNES Residual: 0.108709E-04 0.207164E-09 0.762939E-05
  --> max change: dpmx=   2.9907E+02

== GEOMECHANICS ================================================================

 Step    419 Time=  5.48959E-01 Dt=  6.29327E-06 [hour] conv_reason: 2
  linear =   141 [     59579] cuts =  0 [   0]

== RICHARDS FLOW ===============================================================
  0 2r: 2.29E-02 2x: 0.00E+00 2u: 0.00E+00 ir: 2.22E-02 iu: 0.00E+00 rsn:   0
  1 2r: 1.03E-05 2x: 1.72E+09 2u: 8.97E+02 ir: 7.63E-06 iu: 2.99E+02 rsn:   0
  2 2r: 1.03E-05 2x: 1.72E+09 2u: 2.27E-02 ir: 7.63E-06 iu: 7.57E-03 rsn: stol

 Step    420 Time=  5.48966E-01 Dt=  6.30195E-06 [hour] conv_reason: 4
  newton =   2 [     824] linear =     4 [      1674] cuts =  0 [   0]
  --> SNES Linear/Non-Linear Iterations = 4 / 2
  --> SNES Residual: 0.103041E-04 0.196363E-09 0.762939E-05
  --> max change: dpmx=   2.9907E+02

== GEOMECHANICS ================================================================

 Step    420 Time=  5.48966E-01 Dt=  6.30195E-06 [hour] conv_reason: 2
  linear =   137 [     59716] cuts =  0 [   0]

== RICHARDS FLOW ===============================================================
  0 2r: 2.29E-02 2x: 0.00E+00 2u: 0.00E+00 ir: 2.22E-02 iu: 0.00E+00 rsn:   0
  1 2r: 1.07E-05 2x: 1.72E+09 2u: 8.97E+02 ir: 7.63E-06 iu: 2.99E+02 rsn:   0
  2 2r: 1.08E-05 2x: 1.72E+09 2u: 2.27E-02 ir: 7.63E-06 iu: 7.58E-03 rsn: stol

 Step    421 Time=  5.48972E-01 Dt=  6.31065E-06 [hour] conv_reason: 4
  newton =   2 [     826] linear =     4 [      1678] cuts =  0 [   0]
  --> SNES Linear/Non-Linear Iterations = 4 / 2
  --> SNES Residual: 0.108489E-04 0.206745E-09 0.762939E-05
  --> max change: dpmx=   2.9907E+02

== GEOMECHANICS ================================================================

 Step    421 Time=  5.48972E-01 Dt=  6.31065E-06 [hour] conv_reason: 2
  linear =   144 [     59860] cuts =  0 [   0]

== RICHARDS FLOW ===============================================================
  0 2r: 2.29E-02 2x: 0.00E+00 2u: 0.00E+00 ir: 2.22E-02 iu: 0.00E+00 rsn:   0
  1 2r: 1.04E-05 2x: 1.72E+09 2u: 8.97E+02 ir: 7.63E-06 iu: 2.99E+02 rsn:   0
  2 2r: 1.05E-05 2x: 1.72E+09 2u: 2.28E-02 ir: 7.63E-06 iu: 7.59E-03 rsn: stol

 Step    422 Time=  5.48978E-01 Dt=  6.31938E-06 [hour] conv_reason: 4
  newton =   2 [     828] linear =     4 [      1682] cuts =  0 [   0]
  --> SNES Linear/Non-Linear Iterations = 4 / 2
  --> SNES Residual: 0.105401E-04 0.200860E-09 0.762939E-05
  --> max change: dpmx=   2.9907E+02

== GEOMECHANICS ================================================================

 Step    422 Time=  5.48978E-01 Dt=  6.31938E-06 [hour] conv_reason: 2
  linear =   154 [     60014] cuts =  0 [   0]

== RICHARDS FLOW ===============================================================
  0 2r: 2.29E-02 2x: 0.00E+00 2u: 0.00E+00 ir: 2.22E-02 iu: 0.00E+00 rsn:   0
  1 2r: 1.05E-05 2x: 1.72E+09 2u: 8.97E+02 ir: 7.63E-06 iu: 2.99E+02 rsn:   0
  2 2r: 1.04E-05 2x: 1.72E+09 2u: 2.28E-02 ir: 7.63E-06 iu: 7.60E-03 rsn: stol

 Step    423 Time=  5.48985E-01 Dt=  6.32813E-06 [hour] conv_reason: 4
  newton =   2 [     830] linear =     4 [      1686] cuts =  0 [   0]
  --> SNES Linear/Non-Linear Iterations = 4 / 2
  --> SNES Residual: 0.104445E-04 0.199037E-09 0.762939E-05
  --> max change: dpmx=   2.9907E+02

== GEOMECHANICS ================================================================

 Step    423 Time=  5.48985E-01 Dt=  6.32813E-06 [hour] conv_reason: 2
  linear =   142 [     60156] cuts =  0 [   0]

== RICHARDS FLOW ===============================================================
  0 2r: 2.29E-02 2x: 0.00E+00 2u: 0.00E+00 ir: 2.22E-02 iu: 0.00E+00 rsn:   0
  1 2r: 1.02E-05 2x: 1.72E+09 2u: 8.97E+02 ir: 7.63E-06 iu: 2.99E+02 rsn:   0
  2 2r: 1.02E-05 2x: 1.72E+09 2u: 2.28E-02 ir: 7.63E-06 iu: 7.61E-03 rsn: stol

 Step    424 Time=  5.48991E-01 Dt=  6.33691E-06 [hour] conv_reason: 4
  newton =   2 [     832] linear =     4 [      1690] cuts =  0 [   0]
  --> SNES Linear/Non-Linear Iterations = 4 / 2
  --> SNES Residual: 0.101855E-04 0.194102E-09 0.762939E-05
  --> max change: dpmx=   2.9907E+02

== GEOMECHANICS ================================================================

 Step    424 Time=  5.48991E-01 Dt=  6.33691E-06 [hour] conv_reason: 2
  linear =   144 [     60300] cuts =  0 [   0]

== RICHARDS FLOW ===============================================================
  0 2r: 2.29E-02 2x: 0.00E+00 2u: 0.00E+00 ir: 2.22E-02 iu: 0.00E+00 rsn:   0
  1 2r: 1.03E-05 2x: 1.72E+09 2u: 8.97E+02 ir: 7.63E-06 iu: 2.99E+02 rsn:   0
  2 2r: 1.03E-05 2x: 1.72E+09 2u: 2.29E-02 ir: 7.63E-06 iu: 7.62E-03 rsn: stol

 Step    425 Time=  5.48997E-01 Dt=  6.34571E-06 [hour] conv_reason: 4
  newton =   2 [     834] linear =     4 [      1694] cuts =  0 [   0]
  --> SNES Linear/Non-Linear Iterations = 4 / 2
  --> SNES Residual: 0.103201E-04 0.196667E-09 0.762939E-05
  --> max change: dpmx=   2.9907E+02

== GEOMECHANICS ================================================================

 Step    425 Time=  5.48997E-01 Dt=  6.34571E-06 [hour] conv_reason: 2
  linear =   143 [     60443] cuts =  0 [   0]

== RICHARDS FLOW ===============================================================
  0 2r: 2.29E-02 2x: 0.00E+00 2u: 0.00E+00 ir: 2.22E-02 iu: 0.00E+00 rsn:   0
  1 2r: 1.06E-05 2x: 1.72E+09 2u: 8.97E+02 ir: 7.63E-06 iu: 2.99E+02 rsn:   0
  2 2r: 1.10E-05 2x: 1.72E+09 2u: 2.29E-02 ir: 7.63E-06 iu: 7.63E-03 rsn: stol

 Step    426 Time=  5.49004E-01 Dt=  6.35454E-06 [hour] conv_reason: 4
  newton =   2 [     836] linear =     4 [      1698] cuts =  0 [   0]
  --> SNES Linear/Non-Linear Iterations = 4 / 2
  --> SNES Residual: 0.110034E-04 0.209689E-09 0.762939E-05
  --> max change: dpmx=   2.9907E+02

== GEOMECHANICS ================================================================

 Step    426 Time=  5.49004E-01 Dt=  6.35454E-06 [hour] conv_reason: 2
  linear =   140 [     60583] cuts =  0 [   0]

== RICHARDS FLOW ===============================================================
  0 2r: 2.29E-02 2x: 0.00E+00 2u: 0.00E+00 ir: 2.22E-02 iu: 0.00E+00 rsn:   0
  1 2r: 1.33E-05 2x: 1.72E+09 2u: 8.97E+02 ir: 1.14E-05 iu: 2.99E+02 rsn:   0
  2 2r: 1.02E-05 2x: 1.72E+09 2u: 2.29E-02 ir: 7.63E-06 iu: 7.64E-03 rsn: stol

 Step    427 Time=  5.49010E-01 Dt=  6.36339E-06 [hour] conv_reason: 4
  newton =   2 [     838] linear =     4 [      1702] cuts =  0 [   0]
  --> SNES Linear/Non-Linear Iterations = 4 / 2
  --> SNES Residual: 0.102046E-04 0.194466E-09 0.762939E-05
  --> max change: dpmx=   2.9907E+02

== GEOMECHANICS ================================================================

 Step    427 Time=  5.49010E-01 Dt=  6.36339E-06 [hour] conv_reason: 2
  linear =   140 [     60723] cuts =  0 [   0]

== RICHARDS FLOW ===============================================================
  0 2r: 2.29E-02 2x: 0.00E+00 2u: 0.00E+00 ir: 2.22E-02 iu: 0.00E+00 rsn:   0
  1 2r: 8.15E-06 2x: 1.72E+09 2u: 8.97E+02 ir: 3.81E-06 iu: 2.99E+02 rsn:   0
  2 2r: 1.08E-05 2x: 1.72E+09 2u: 2.29E-02 ir: 7.63E-06 iu: 7.65E-03 rsn: stol

 Step    428 Time=  5.49016E-01 Dt=  6.37226E-06 [hour] conv_reason: 4
  newton =   2 [     840] linear =     4 [      1706] cuts =  0 [   0]
  --> SNES Linear/Non-Linear Iterations = 4 / 2
  --> SNES Residual: 0.107558E-04 0.204970E-09 0.762939E-05
  --> max change: dpmx=   2.9906E+02

== GEOMECHANICS ================================================================

 Step    428 Time=  5.49016E-01 Dt=  6.37226E-06 [hour] conv_reason: 2
  linear =   137 [     60860] cuts =  0 [   0]

== RICHARDS FLOW ===============================================================
  0 2r: 2.29E-02 2x: 0.00E+00 2u: 0.00E+00 ir: 2.22E-02 iu: 0.00E+00 rsn:   0
  1 2r: 1.04E-05 2x: 1.72E+09 2u: 8.97E+02 ir: 7.63E-06 iu: 2.99E+02 rsn:   0
  2 2r: 1.16E-05 2x: 1.72E+09 2u: 2.30E-02 ir: 7.63E-06 iu: 7.66E-03 rsn: stol

 Step    429 Time=  5.49023E-01 Dt=  6.38116E-06 [hour] conv_reason: 4
  newton =   2 [     842] linear =     4 [      1710] cuts =  0 [   0]
  --> SNES Linear/Non-Linear Iterations = 4 / 2
  --> SNES Residual: 0.116207E-04 0.221452E-09 0.762939E-05
  --> max change: dpmx=   2.9906E+02

== GEOMECHANICS ================================================================

 Step    429 Time=  5.49023E-01 Dt=  6.38116E-06 [hour] conv_reason: 2
  linear =   140 [     61000] cuts =  0 [   0]

== RICHARDS FLOW ===============================================================
  0 2r: 2.29E-02 2x: 0.00E+00 2u: 0.00E+00 ir: 2.22E-02 iu: 0.00E+00 rsn:   0
  1 2r: 1.35E-05 2x: 1.72E+09 2u: 8.97E+02 ir: 1.14E-05 iu: 2.99E+02 rsn:   0
  2 2r: 1.01E-05 2x: 1.72E+09 2u: 2.30E-02 ir: 7.63E-06 iu: 7.67E-03 rsn: stol

 Step    430 Time=  5.49029E-01 Dt=  6.39009E-06 [hour] conv_reason: 4
  newton =   2 [     844] linear =     4 [      1714] cuts =  0 [   0]
  --> SNES Linear/Non-Linear Iterations = 4 / 2
  --> SNES Residual: 0.101399E-04 0.193233E-09 0.762939E-05
  --> max change: dpmx=   2.9906E+02

== GEOMECHANICS ================================================================

 Step    430 Time=  5.49029E-01 Dt=  6.39009E-06 [hour] conv_reason: 2
  linear =   141 [     61141] cuts =  0 [   0]

== RICHARDS FLOW ===============================================================
  0 2r: 2.29E-02 2x: 0.00E+00 2u: 0.00E+00 ir: 2.22E-02 iu: 0.00E+00 rsn:   0
  1 2r: 7.58E-06 2x: 1.72E+09 2u: 8.97E+02 ir: 3.81E-06 iu: 2.99E+02 rsn:   0
  2 2r: 1.01E-05 2x: 1.72E+09 2u: 2.30E-02 ir: 7.63E-06 iu: 7.68E-03 rsn: stol

 Step    431 Time=  5.49036E-01 Dt=  6.39904E-06 [hour] conv_reason: 4
  newton =   2 [     846] linear =     4 [      1718] cuts =  0 [   0]
  --> SNES Linear/Non-Linear Iterations = 4 / 2
  --> SNES Residual: 0.101048E-04 0.192564E-09 0.762939E-05
  --> max change: dpmx=   2.9906E+02

== GEOMECHANICS ================================================================

 Step    431 Time=  5.49036E-01 Dt=  6.39904E-06 [hour] conv_reason: 2
  linear =   143 [     61284] cuts =  0 [   0]

== RICHARDS FLOW ===============================================================
  0 2r: 2.29E-02 2x: 0.00E+00 2u: 0.00E+00 ir: 2.22E-02 iu: 0.00E+00 rsn:   0
  1 2r: 1.06E-05 2x: 1.72E+09 2u: 8.97E+02 ir: 7.63E-06 iu: 2.99E+02 rsn:   0
  2 2r: 1.10E-05 2x: 1.72E+09 2u: 2.31E-02 ir: 7.63E-06 iu: 7.70E-03 rsn: stol

 Step    432 Time=  5.49042E-01 Dt=  6.40801E-06 [hour] conv_reason: 4
  newton =   2 [     848] linear =     4 [      1722] cuts =  0 [   0]
  --> SNES Linear/Non-Linear Iterations = 4 / 2
  --> SNES Residual: 0.110496E-04 0.210568E-09 0.762939E-05
  --> max change: dpmx=   2.9906E+02

== GEOMECHANICS ================================================================

 Step    432 Time=  5.49042E-01 Dt=  6.40801E-06 [hour] conv_reason: 2
  linear =   136 [     61420] cuts =  0 [   0]

== RICHARDS FLOW ===============================================================
  0 2r: 2.29E-02 2x: 0.00E+00 2u: 0.00E+00 ir: 2.22E-02 iu: 0.00E+00 rsn:   0
  1 2r: 1.05E-05 2x: 1.72E+09 2u: 8.97E+02 ir: 7.63E-06 iu: 2.99E+02 rsn:   0
  2 2r: 1.04E-05 2x: 1.72E+09 2u: 2.31E-02 ir: 7.63E-06 iu: 7.71E-03 rsn: stol

 Step    433 Time=  5.49048E-01 Dt=  6.41701E-06 [hour] conv_reason: 4
  newton =   2 [     850] linear =     4 [      1726] cuts =  0 [   0]
  --> SNES Linear/Non-Linear Iterations = 4 / 2
  --> SNES Residual: 0.103565E-04 0.197360E-09 0.762939E-05
  --> max change: dpmx=   2.9906E+02

== GEOMECHANICS ================================================================

 Step    433 Time=  5.49048E-01 Dt=  6.41701E-06 [hour] conv_reason: 2
  linear =   138 [     61558] cuts =  0 [   0]

== RICHARDS FLOW ===============================================================
  0 2r: 2.29E-02 2x: 0.00E+00 2u: 0.00E+00 ir: 2.22E-02 iu: 0.00E+00 rsn:   0
  1 2r: 9.89E-06 2x: 1.72E+09 2u: 8.97E+02 ir: 7.63E-06 iu: 2.99E+02 rsn:   0
  2 2r: 9.91E-06 2x: 1.72E+09 2u: 2.31E-02 ir: 7.63E-06 iu: 7.72E-03 rsn: stol

 Step    434 Time=  5.49055E-01 Dt=  6.42604E-06 [hour] conv_reason: 4
  newton =   2 [     852] linear =     4 [      1730] cuts =  0 [   0]
  --> SNES Linear/Non-Linear Iterations = 4 / 2
  --> SNES Residual: 0.991099E-05 0.188871E-09 0.762939E-05
  --> max change: dpmx=   2.9906E+02

== GEOMECHANICS ================================================================

 Step    434 Time=  5.49055E-01 Dt=  6.42604E-06 [hour] conv_reason: 2
  linear =   152 [     61710] cuts =  0 [   0]

== RICHARDS FLOW ===============================================================
  0 2r: 2.29E-02 2x: 0.00E+00 2u: 0.00E+00 ir: 2.22E-02 iu: 0.00E+00 rsn:   0
  1 2r: 1.04E-05 2x: 1.72E+09 2u: 8.97E+02 ir: 7.63E-06 iu: 2.99E+02 rsn:   0
  2 2r: 1.09E-05 2x: 1.72E+09 2u: 2.32E-02 ir: 7.63E-06 iu: 7.73E-03 rsn: stol

 Step    435 Time=  5.49061E-01 Dt=  6.43509E-06 [hour] conv_reason: 4
  newton =   2 [     854] linear =     4 [      1734] cuts =  0 [   0]
  --> SNES Linear/Non-Linear Iterations = 4 / 2
  --> SNES Residual: 0.108689E-04 0.207125E-09 0.762939E-05
  --> max change: dpmx=   2.9906E+02

== GEOMECHANICS ================================================================

 Step    435 Time=  5.49061E-01 Dt=  6.43509E-06 [hour] conv_reason: 2
  linear =   147 [     61857] cuts =  0 [   0]

== RICHARDS FLOW ===============================================================
  0 2r: 2.29E-02 2x: 0.00E+00 2u: 0.00E+00 ir: 2.22E-02 iu: 0.00E+00 rsn:   0
  1 2r: 1.03E-05 2x: 1.72E+09 2u: 8.97E+02 ir: 7.63E-06 iu: 2.99E+02 rsn:   0
  2 2r: 1.01E-05 2x: 1.72E+09 2u: 2.32E-02 ir: 7.63E-06 iu: 7.74E-03 rsn: stol

 Step    436 Time=  5.49068E-01 Dt=  6.44416E-06 [hour] conv_reason: 4
  newton =   2 [     856] linear =     4 [      1738] cuts =  0 [   0]
  --> SNES Linear/Non-Linear Iterations = 4 / 2
  --> SNES Residual: 0.100951E-04 0.192379E-09 0.762939E-05
  --> max change: dpmx=   2.9905E+02

== GEOMECHANICS ================================================================

 Step    436 Time=  5.49068E-01 Dt=  6.44416E-06 [hour] conv_reason: 2
  linear =   143 [     62000] cuts =  0 [   0]

== RICHARDS FLOW ===============================================================
  0 2r: 2.29E-02 2x: 0.00E+00 2u: 0.00E+00 ir: 2.22E-02 iu: 0.00E+00 rsn:   0
  1 2r: 9.89E-06 2x: 1.72E+09 2u: 8.97E+02 ir: 7.63E-06 iu: 2.99E+02 rsn:   0
  2 2r: 9.86E-06 2x: 1.72E+09 2u: 2.32E-02 ir: 7.63E-06 iu: 7.75E-03 rsn: stol

 Step    437 Time=  5.49074E-01 Dt=  6.45326E-06 [hour] conv_reason: 4
  newton =   2 [     858] linear =     4 [      1742] cuts =  0 [   0]
  --> SNES Linear/Non-Linear Iterations = 4 / 2
  --> SNES Residual: 0.985568E-05 0.187817E-09 0.762939E-05
  --> max change: dpmx=   2.9905E+02

== GEOMECHANICS ================================================================

 Step    437 Time=  5.49074E-01 Dt=  6.45326E-06 [hour] conv_reason: 2
  linear =   137 [     62137] cuts =  0 [   0]

== RICHARDS FLOW ===============================================================
  0 2r: 2.29E-02 2x: 0.00E+00 2u: 0.00E+00 ir: 2.22E-02 iu: 0.00E+00 rsn:   0
  1 2r: 1.02E-05 2x: 1.72E+09 2u: 8.97E+02 ir: 7.63E-06 iu: 2.99E+02 rsn:   0
  2 2r: 1.14E-05 2x: 1.72E+09 2u: 2.33E-02 ir: 7.63E-06 iu: 7.76E-03 rsn: stol

 Step    438 Time=  5.49081E-01 Dt=  6.46239E-06 [hour] conv_reason: 4
  newton =   2 [     860] linear =     4 [      1746] cuts =  0 [   0]
  --> SNES Linear/Non-Linear Iterations = 4 / 2
  --> SNES Residual: 0.114116E-04 0.217467E-09 0.762939E-05
  --> max change: dpmx=   2.9905E+02

== GEOMECHANICS ================================================================

 Step    438 Time=  5.49081E-01 Dt=  6.46239E-06 [hour] conv_reason: 2
  linear =   149 [     62286] cuts =  0 [   0]

== RICHARDS FLOW ===============================================================
  0 2r: 2.29E-02 2x: 0.00E+00 2u: 0.00E+00 ir: 2.22E-02 iu: 0.00E+00 rsn:   0
  1 2r: 1.01E-05 2x: 1.72E+09 2u: 8.97E+02 ir: 7.63E-06 iu: 2.99E+02 rsn:   0
  2 2r: 9.92E-06 2x: 1.72E+09 2u: 2.33E-02 ir: 7.63E-06 iu: 7.77E-03 rsn: stol

 Step    439 Time=  5.49087E-01 Dt=  6.47154E-06 [hour] conv_reason: 4
  newton =   2 [     862] linear =     4 [      1750] cuts =  0 [   0]
  --> SNES Linear/Non-Linear Iterations = 4 / 2
  --> SNES Residual: 0.992481E-05 0.189134E-09 0.762939E-05
  --> max change: dpmx=   2.9905E+02

== GEOMECHANICS ================================================================

 Step    439 Time=  5.49087E-01 Dt=  6.47154E-06 [hour] conv_reason: 2
  linear =   149 [     62435] cuts =  0 [   0]

== RICHARDS FLOW ===============================================================
  0 2r: 2.29E-02 2x: 0.00E+00 2u: 0.00E+00 ir: 2.22E-02 iu: 0.00E+00 rsn:   0
  1 2r: 9.91E-06 2x: 1.72E+09 2u: 8.97E+02 ir: 7.63E-06 iu: 2.99E+02 rsn:   0
  2 2r: 1.02E-05 2x: 1.72E+09 2u: 2.33E-02 ir: 7.63E-06 iu: 7.78E-03 rsn: stol

 Step    440 Time=  5.49094E-01 Dt=  6.48072E-06 [hour] conv_reason: 4
  newton =   2 [     864] linear =     4 [      1754] cuts =  0 [   0]
  --> SNES Linear/Non-Linear Iterations = 4 / 2
  --> SNES Residual: 0.101914E-04 0.194214E-09 0.762939E-05
  --> max change: dpmx=   2.9905E+02

== GEOMECHANICS ================================================================

 Step    440 Time=  5.49094E-01 Dt=  6.48072E-06 [hour] conv_reason: 2
  linear =   140 [     62575] cuts =  0 [   0]

== RICHARDS FLOW ===============================================================
  0 2r: 2.29E-02 2x: 0.00E+00 2u: 0.00E+00 ir: 2.22E-02 iu: 0.00E+00 rsn:   0
  1 2r: 9.94E-06 2x: 1.72E+09 2u: 8.97E+02 ir: 7.63E-06 iu: 2.99E+02 rsn:   0
  2 2r: 1.04E-05 2x: 1.72E+09 2u: 2.34E-02 ir: 7.63E-06 iu: 7.80E-03 rsn: stol

 Step    441 Time=  5.49100E-01 Dt=  6.48993E-06 [hour] conv_reason: 4
  newton =   2 [     866] linear =     4 [      1758] cuts =  0 [   0]
  --> SNES Linear/Non-Linear Iterations = 4 / 2
  --> SNES Residual: 0.103744E-04 0.197702E-09 0.762939E-05
  --> max change: dpmx=   2.9905E+02

== GEOMECHANICS ================================================================

 Step    441 Time=  5.49100E-01 Dt=  6.48993E-06 [hour] conv_reason: 2
  linear =   134 [     62709] cuts =  0 [   0]

== RICHARDS FLOW ===============================================================
  0 2r: 2.29E-02 2x: 0.00E+00 2u: 0.00E+00 ir: 2.22E-02 iu: 0.00E+00 rsn:   0
  1 2r: 1.03E-05 2x: 1.72E+09 2u: 8.97E+02 ir: 7.63E-06 iu: 2.99E+02 rsn:   0
  2 2r: 1.00E-05 2x: 1.72E+09 2u: 2.34E-02 ir: 7.63E-06 iu: 7.81E-03 rsn: stol

 Step    442 Time=  5.49106E-01 Dt=  6.49916E-06 [hour] conv_reason: 4
  newton =   2 [     868] linear =     4 [      1762] cuts =  0 [   0]
  --> SNES Linear/Non-Linear Iterations = 4 / 2
  --> SNES Residual: 0.100420E-04 0.191367E-09 0.762939E-05
  --> max change: dpmx=   2.9905E+02

== GEOMECHANICS ================================================================

 Step    442 Time=  5.49106E-01 Dt=  6.49916E-06 [hour] conv_reason: 2
  linear =   163 [     62872] cuts =  0 [   0]

== RICHARDS FLOW ===============================================================
  0 2r: 2.29E-02 2x: 0.00E+00 2u: 0.00E+00 ir: 2.22E-02 iu: 0.00E+00 rsn:   0
  1 2r: 9.64E-06 2x: 1.72E+09 2u: 8.97E+02 ir: 7.63E-06 iu: 2.99E+02 rsn:   0
  2 2r: 9.94E-06 2x: 1.72E+09 2u: 2.34E-02 ir: 7.63E-06 iu: 7.82E-03 rsn: stol

 Step    443 Time=  5.49113E-01 Dt=  6.50841E-06 [hour] conv_reason: 4
  newton =   2 [     870] linear =     4 [      1766] cuts =  0 [   0]
  --> SNES Linear/Non-Linear Iterations = 4 / 2
  --> SNES Residual: 0.994303E-05 0.189481E-09 0.762939E-05
  --> max change: dpmx=   2.9905E+02

== GEOMECHANICS ================================================================

 Step    443 Time=  5.49113E-01 Dt=  6.50841E-06 [hour] conv_reason: 2
  linear =   138 [     63010] cuts =  0 [   0]

== RICHARDS FLOW ===============================================================
  0 2r: 2.29E-02 2x: 0.00E+00 2u: 0.00E+00 ir: 2.22E-02 iu: 0.00E+00 rsn:   0
  1 2r: 1.31E-05 2x: 1.72E+09 2u: 8.97E+02 ir: 1.14E-05 iu: 2.99E+02 rsn:   0
  2 2r: 1.10E-05 2x: 1.72E+09 2u: 2.35E-02 ir: 7.63E-06 iu: 7.83E-03 rsn: stol

 Step    444 Time=  5.49120E-01 Dt=  6.51770E-06 [hour] conv_reason: 4
  newton =   2 [     872] linear =     4 [      1770] cuts =  0 [   0]
  --> SNES Linear/Non-Linear Iterations = 4 / 2
  --> SNES Residual: 0.110447E-04 0.210476E-09 0.762939E-05
  --> max change: dpmx=   2.9905E+02

== GEOMECHANICS ================================================================

 Step    444 Time=  5.49120E-01 Dt=  6.51770E-06 [hour] conv_reason: 2
  linear =   136 [     63146] cuts =  0 [   0]

== RICHARDS FLOW ===============================================================
  0 2r: 2.29E-02 2x: 0.00E+00 2u: 0.00E+00 ir: 2.22E-02 iu: 0.00E+00 rsn:   0
  1 2r: 7.45E-06 2x: 1.72E+09 2u: 8.97E+02 ir: 3.81E-06 iu: 2.99E+02 rsn:   0
  2 2r: 9.72E-06 2x: 1.72E+09 2u: 2.35E-02 ir: 7.63E-06 iu: 7.84E-03 rsn: stol

 Step    445 Time=  5.49126E-01 Dt=  6.52701E-06 [hour] conv_reason: 4
  newton =   2 [     874] linear =     4 [      1774] cuts =  0 [   0]
  --> SNES Linear/Non-Linear Iterations = 4 / 2
  --> SNES Residual: 0.971937E-05 0.185219E-09 0.762939E-05
  --> max change: dpmx=   2.9904E+02

== GEOMECHANICS ================================================================

 Step    445 Time=  5.49126E-01 Dt=  6.52701E-06 [hour] conv_reason: 2
  linear =   137 [     63283] cuts =  0 [   0]

== RICHARDS FLOW ===============================================================
  0 2r: 2.29E-02 2x: 0.00E+00 2u: 0.00E+00 ir: 2.22E-02 iu: 0.00E+00 rsn:   0
  1 2r: 9.61E-06 2x: 1.72E+09 2u: 8.97E+02 ir: 7.63E-06 iu: 2.99E+02 rsn:   0
  2 2r: 1.01E-05 2x: 1.72E+09 2u: 2.35E-02 ir: 7.63E-06 iu: 7.85E-03 rsn: stol

 Step    446 Time=  5.49133E-01 Dt=  6.53634E-06 [hour] conv_reason: 4
  newton =   2 [     876] linear =     4 [      1778] cuts =  0 [   0]
  --> SNES Linear/Non-Linear Iterations = 4 / 2
  --> SNES Residual: 0.101489E-04 0.193404E-09 0.762939E-05
  --> max change: dpmx=   2.9904E+02

== GEOMECHANICS ================================================================

 Step    446 Time=  5.49133E-01 Dt=  6.53634E-06 [hour] conv_reason: 2
  linear =   136 [     63419] cuts =  0 [   0]

== RICHARDS FLOW ===============================================================
  0 2r: 2.29E-02 2x: 0.00E+00 2u: 0.00E+00 ir: 2.22E-02 iu: 0.00E+00 rsn:   0
  1 2r: 1.00E-05 2x: 1.72E+09 2u: 8.97E+02 ir: 7.63E-06 iu: 2.99E+02 rsn:   0
  2 2r: 1.10E-05 2x: 1.72E+09 2u: 2.36E-02 ir: 7.63E-06 iu: 7.86E-03 rsn: stol

 Step    447 Time=  5.49139E-01 Dt=  6.54571E-06 [hour] conv_reason: 4
  newton =   2 [     878] linear =     4 [      1782] cuts =  0 [   0]
  --> SNES Linear/Non-Linear Iterations = 4 / 2
  --> SNES Residual: 0.109787E-04 0.209218E-09 0.762939E-05
  --> max change: dpmx=   2.9904E+02

== GEOMECHANICS ================================================================

 Step    447 Time=  5.49139E-01 Dt=  6.54571E-06 [hour] conv_reason: 2
  linear =   140 [     63559] cuts =  0 [   0]

== RICHARDS FLOW ===============================================================
  0 2r: 2.29E-02 2x: 0.00E+00 2u: 0.00E+00 ir: 2.22E-02 iu: 0.00E+00 rsn:   0
  1 2r: 9.74E-06 2x: 1.72E+09 2u: 8.97E+02 ir: 7.63E-06 iu: 2.99E+02 rsn:   0
  2 2r: 9.50E-06 2x: 1.72E+09 2u: 2.36E-02 ir: 7.63E-06 iu: 7.87E-03 rsn: stol

 Step    448 Time=  5.49146E-01 Dt=  6.55510E-06 [hour] conv_reason: 4
  newton =   2 [     880] linear =     4 [      1786] cuts =  0 [   0]
  --> SNES Linear/Non-Linear Iterations = 4 / 2
  --> SNES Residual: 0.950005E-05 0.181040E-09 0.762939E-05
  --> max change: dpmx=   2.9904E+02

== GEOMECHANICS ================================================================

 Step    448 Time=  5.49146E-01 Dt=  6.55510E-06 [hour] conv_reason: 2
  linear =   146 [     63705] cuts =  0 [   0]

== RICHARDS FLOW ===============================================================
  0 2r: 2.29E-02 2x: 0.00E+00 2u: 0.00E+00 ir: 2.22E-02 iu: 0.00E+00 rsn:   0
  1 2r: 9.54E-06 2x: 1.72E+09 2u: 8.97E+02 ir: 7.63E-06 iu: 2.99E+02 rsn:   0
  2 2r: 9.87E-06 2x: 1.72E+09 2u: 2.36E-02 ir: 7.63E-06 iu: 7.89E-03 rsn: stol

 Step    449 Time=  5.49152E-01 Dt=  6.56451E-06 [hour] conv_reason: 4
  newton =   2 [     882] linear =     4 [      1790] cuts =  0 [   0]
  --> SNES Linear/Non-Linear Iterations = 4 / 2
  --> SNES Residual: 0.987030E-05 0.188095E-09 0.762939E-05
  --> max change: dpmx=   2.9904E+02

== GEOMECHANICS ================================================================

 Step    449 Time=  5.49152E-01 Dt=  6.56451E-06 [hour] conv_reason: 2
  linear =   142 [     63847] cuts =  0 [   0]

== RICHARDS FLOW ===============================================================
  0 2r: 2.29E-02 2x: 0.00E+00 2u: 0.00E+00 ir: 2.22E-02 iu: 0.00E+00 rsn:   0
  1 2r: 9.81E-06 2x: 1.72E+09 2u: 8.97E+02 ir: 7.63E-06 iu: 2.99E+02 rsn:   0
  2 2r: 1.10E-05 2x: 1.72E+09 2u: 2.37E-02 ir: 7.63E-06 iu: 7.90E-03 rsn: stol

 Step    450 Time=  5.49159E-01 Dt=  6.57396E-06 [hour] conv_reason: 4
  newton =   2 [     884] linear =     4 [      1794] cuts =  0 [   0]
  --> SNES Linear/Non-Linear Iterations = 4 / 2
  --> SNES Residual: 0.109711E-04 0.209072E-09 0.762939E-05
  --> max change: dpmx=   2.9904E+02

== GEOMECHANICS ================================================================

 Step    450 Time=  5.49159E-01 Dt=  6.57396E-06 [hour] conv_reason: 2
  linear =   139 [     63986] cuts =  0 [   0]

== RICHARDS FLOW ===============================================================
  0 2r: 2.29E-02 2x: 0.00E+00 2u: 0.00E+00 ir: 2.22E-02 iu: 0.00E+00 rsn:   0
  1 2r: 9.99E-06 2x: 1.72E+09 2u: 8.97E+02 ir: 7.63E-06 iu: 2.99E+02 rsn:   0
  2 2r: 9.53E-06 2x: 1.72E+09 2u: 2.37E-02 ir: 7.63E-06 iu: 7.91E-03 rsn: stol

 Step    451 Time=  5.49165E-01 Dt=  6.58343E-06 [hour] conv_reason: 4
  newton =   2 [     886] linear =     4 [      1798] cuts =  0 [   0]
  --> SNES Linear/Non-Linear Iterations = 4 / 2
  --> SNES Residual: 0.953047E-05 0.181619E-09 0.762939E-05
  --> max change: dpmx=   2.9904E+02

== GEOMECHANICS ================================================================

 Step    451 Time=  5.49165E-01 Dt=  6.58343E-06 [hour] conv_reason: 2
  linear =   138 [     64124] cuts =  0 [   0]

== RICHARDS FLOW ===============================================================
  0 2r: 2.29E-02 2x: 0.00E+00 2u: 0.00E+00 ir: 2.22E-02 iu: 0.00E+00 rsn:   0
  1 2r: 9.52E-06 2x: 1.72E+09 2u: 8.97E+02 ir: 7.63E-06 iu: 2.99E+02 rsn:   0
  2 2r: 9.87E-06 2x: 1.72E+09 2u: 2.37E-02 ir: 7.63E-06 iu: 7.92E-03 rsn: stol

 Step    452 Time=  5.49172E-01 Dt=  6.59293E-06 [hour] conv_reason: 4
  newton =   2 [     888] linear =     4 [      1802] cuts =  0 [   0]
  --> SNES Linear/Non-Linear Iterations = 4 / 2
  --> SNES Residual: 0.987370E-05 0.188160E-09 0.762939E-05
  --> max change: dpmx=   2.9904E+02

== GEOMECHANICS ================================================================

 Step    452 Time=  5.49172E-01 Dt=  6.59293E-06 [hour] conv_reason: 2
  linear =   136 [     64260] cuts =  0 [   0]

== RICHARDS FLOW ===============================================================
  0 2r: 2.29E-02 2x: 0.00E+00 2u: 0.00E+00 ir: 2.22E-02 iu: 0.00E+00 rsn:   0
  1 2r: 9.70E-06 2x: 1.72E+09 2u: 8.97E+02 ir: 7.63E-06 iu: 2.99E+02 rsn:   0
  2 2r: 1.03E-05 2x: 1.72E+09 2u: 2.38E-02 ir: 7.63E-06 iu: 7.93E-03 rsn: stol

 Step    453 Time=  5.49179E-01 Dt=  6.60245E-06 [hour] conv_reason: 4
  newton =   2 [     890] linear =     4 [      1806] cuts =  0 [   0]
  --> SNES Linear/Non-Linear Iterations = 4 / 2
  --> SNES Residual: 0.103442E-04 0.197126E-09 0.762939E-05
  --> max change: dpmx=   2.9903E+02

== GEOMECHANICS ================================================================

 Step    453 Time=  5.49179E-01 Dt=  6.60245E-06 [hour] conv_reason: 2
  linear =   159 [     64419] cuts =  0 [   0]

== RICHARDS FLOW ===============================================================
  0 2r: 2.29E-02 2x: 0.00E+00 2u: 0.00E+00 ir: 2.22E-02 iu: 0.00E+00 rsn:   0
  1 2r: 9.78E-06 2x: 1.72E+09 2u: 8.97E+02 ir: 7.63E-06 iu: 2.99E+02 rsn:   0
  2 2r: 9.39E-06 2x: 1.72E+09 2u: 2.38E-02 ir: 7.63E-06 iu: 7.94E-03 rsn: stol

 Step    454 Time=  5.49185E-01 Dt=  6.61200E-06 [hour] conv_reason: 4
  newton =   2 [     892] linear =     4 [      1810] cuts =  0 [   0]
  --> SNES Linear/Non-Linear Iterations = 4 / 2
  --> SNES Residual: 0.938712E-05 0.178887E-09 0.762939E-05
  --> max change: dpmx=   2.9903E+02

== GEOMECHANICS ================================================================

 Step    454 Time=  5.49185E-01 Dt=  6.61200E-06 [hour] conv_reason: 2
  linear =   148 [     64567] cuts =  0 [   0]

== RICHARDS FLOW ===============================================================
  0 2r: 2.29E-02 2x: 0.00E+00 2u: 0.00E+00 ir: 2.22E-02 iu: 0.00E+00 rsn:   0
  1 2r: 9.27E-06 2x: 1.72E+09 2u: 8.97E+02 ir: 7.63E-06 iu: 2.99E+02 rsn:   0
  2 2r: 9.55E-06 2x: 1.72E+09 2u: 2.39E-02 ir: 7.63E-06 iu: 7.95E-03 rsn: stol

 Step    455 Time=  5.49192E-01 Dt=  6.62158E-06 [hour] conv_reason: 4
  newton =   2 [     894] linear =     4 [      1814] cuts =  0 [   0]
  --> SNES Linear/Non-Linear Iterations = 4 / 2
  --> SNES Residual: 0.954873E-05 0.181967E-09 0.762939E-05
  --> max change: dpmx=   2.9903E+02

== GEOMECHANICS ================================================================

 Step    455 Time=  5.49192E-01 Dt=  6.62158E-06 [hour] conv_reason: 2
  linear =   137 [     64704] cuts =  0 [   0]

== RICHARDS FLOW ===============================================================
  0 2r: 2.29E-02 2x: 0.00E+00 2u: 0.00E+00 ir: 2.22E-02 iu: 0.00E+00 rsn:   0
  1 2r: 9.51E-06 2x: 1.72E+09 2u: 8.97E+02 ir: 7.63E-06 iu: 2.99E+02 rsn:   0
  2 2r: 9.58E-06 2x: 1.72E+09 2u: 2.39E-02 ir: 7.63E-06 iu: 7.97E-03 rsn: stol

 Step    456 Time=  5.49198E-01 Dt=  6.63119E-06 [hour] conv_reason: 4
  newton =   2 [     896] linear =     4 [      1818] cuts =  0 [   0]
  --> SNES Linear/Non-Linear Iterations = 4 / 2
  --> SNES Residual: 0.958138E-05 0.182589E-09 0.762939E-05
  --> max change: dpmx=   2.9903E+02

== GEOMECHANICS ================================================================

 Step    456 Time=  5.49198E-01 Dt=  6.63119E-06 [hour] conv_reason: 2
  linear =   149 [     64853] cuts =  0 [   0]

== RICHARDS FLOW ===============================================================
  0 2r: 2.29E-02 2x: 0.00E+00 2u: 0.00E+00 ir: 2.22E-02 iu: 0.00E+00 rsn:   0
  1 2r: 9.58E-06 2x: 1.72E+09 2u: 8.97E+02 ir: 7.63E-06 iu: 2.99E+02 rsn:   0
  2 2r: 1.00E-05 2x: 1.72E+09 2u: 2.39E-02 ir: 7.63E-06 iu: 7.98E-03 rsn: stol

 Step    457 Time=  5.49205E-01 Dt=  6.64083E-06 [hour] conv_reason: 4
  newton =   2 [     898] linear =     4 [      1822] cuts =  0 [   0]
  --> SNES Linear/Non-Linear Iterations = 4 / 2
  --> SNES Residual: 0.100347E-04 0.191229E-09 0.762939E-05
  --> max change: dpmx=   2.9903E+02

== GEOMECHANICS ================================================================

 Step    457 Time=  5.49205E-01 Dt=  6.64083E-06 [hour] conv_reason: 2
  linear =   149 [     65002] cuts =  0 [   0]

== RICHARDS FLOW ===============================================================
  0 2r: 2.29E-02 2x: 0.00E+00 2u: 0.00E+00 ir: 2.22E-02 iu: 0.00E+00 rsn:   0
  1 2r: 9.66E-06 2x: 1.72E+09 2u: 8.97E+02 ir: 7.63E-06 iu: 2.99E+02 rsn:   0
  2 2r: 9.39E-06 2x: 1.72E+09 2u: 2.40E-02 ir: 7.63E-06 iu: 7.99E-03 rsn: stol

 Step    458 Time=  5.49212E-01 Dt=  6.65049E-06 [hour] conv_reason: 4
  newton =   2 [     900] linear =     4 [      1826] cuts =  0 [   0]
  --> SNES Linear/Non-Linear Iterations = 4 / 2
  --> SNES Residual: 0.939234E-05 0.178987E-09 0.762939E-05
  --> max change: dpmx=   2.9903E+02

== GEOMECHANICS ================================================================

 Step    458 Time=  5.49212E-01 Dt=  6.65049E-06 [hour] conv_reason: 2
  linear =   138 [     65140] cuts =  0 [   0]

== RICHARDS FLOW ===============================================================
  0 2r: 2.29E-02 2x: 0.00E+00 2u: 0.00E+00 ir: 2.23E-02 iu: 0.00E+00 rsn:   0
  1 2r: 9.29E-06 2x: 1.72E+09 2u: 8.97E+02 ir: 7.63E-06 iu: 2.99E+02 rsn:   0
  2 2r: 9.55E-06 2x: 1.72E+09 2u: 2.40E-02 ir: 7.63E-06 iu: 8.00E-03 rsn: stol

 Step    459 Time=  5.49218E-01 Dt=  6.66019E-06 [hour] conv_reason: 4
  newton =   2 [     902] linear =     4 [      1830] cuts =  0 [   0]
  --> SNES Linear/Non-Linear Iterations = 4 / 2
  --> SNES Residual: 0.954509E-05 0.181898E-09 0.762939E-05
  --> max change: dpmx=   2.9903E+02

== GEOMECHANICS ================================================================

 Step    459 Time=  5.49218E-01 Dt=  6.66019E-06 [hour] conv_reason: 2
  linear =   139 [     65279] cuts =  0 [   0]

== RICHARDS FLOW ===============================================================
  0 2r: 2.29E-02 2x: 0.00E+00 2u: 0.00E+00 ir: 2.23E-02 iu: 0.00E+00 rsn:   0
  1 2r: 9.56E-06 2x: 1.72E+09 2u: 8.97E+02 ir: 7.63E-06 iu: 2.99E+02 rsn:   0
  2 2r: 1.07E-05 2x: 1.72E+09 2u: 2.40E-02 ir: 7.63E-06 iu: 8.01E-03 rsn: stol

 Step    460 Time=  5.49225E-01 Dt=  6.66991E-06 [hour] conv_reason: 4
  newton =   2 [     904] linear =     4 [      1834] cuts =  0 [   0]
  --> SNES Linear/Non-Linear Iterations = 4 / 2
  --> SNES Residual: 0.107268E-04 0.204417E-09 0.762939E-05
  --> max change: dpmx=   2.9903E+02

== GEOMECHANICS ================================================================

 Step    460 Time=  5.49225E-01 Dt=  6.66991E-06 [hour] conv_reason: 2
  linear =   139 [     65418] cuts =  0 [   0]

== RICHARDS FLOW ===============================================================
  0 2r: 2.29E-02 2x: 0.00E+00 2u: 0.00E+00 ir: 2.23E-02 iu: 0.00E+00 rsn:   0
  1 2r: 9.54E-06 2x: 1.72E+09 2u: 8.97E+02 ir: 7.63E-06 iu: 2.99E+02 rsn:   0
  2 2r: 9.20E-06 2x: 1.72E+09 2u: 2.41E-02 ir: 7.63E-06 iu: 8.02E-03 rsn: stol

 Step    461 Time=  5.49232E-01 Dt=  6.67965E-06 [hour] conv_reason: 4
  newton =   2 [     906] linear =     4 [      1838] cuts =  0 [   0]
  --> SNES Linear/Non-Linear Iterations = 4 / 2
  --> SNES Residual: 0.919872E-05 0.175297E-09 0.762939E-05
  --> max change: dpmx=   2.9902E+02

== GEOMECHANICS ================================================================

 Step    461 Time=  5.49232E-01 Dt=  6.67965E-06 [hour] conv_reason: 2
  linear =   138 [     65556] cuts =  0 [   0]

== RICHARDS FLOW ===============================================================
  0 2r: 2.29E-02 2x: 0.00E+00 2u: 0.00E+00 ir: 2.23E-02 iu: 0.00E+00 rsn:   0
  1 2r: 9.37E-06 2x: 1.72E+09 2u: 8.97E+02 ir: 7.63E-06 iu: 2.99E+02 rsn:   0
  2 2r: 9.62E-06 2x: 1.72E+09 2u: 2.41E-02 ir: 7.63E-06 iu: 8.04E-03 rsn: stol

 Step    462 Time=  5.49238E-01 Dt=  6.68943E-06 [hour] conv_reason: 4
  newton =   2 [     908] linear =     4 [      1842] cuts =  0 [   0]
  --> SNES Linear/Non-Linear Iterations = 4 / 2
  --> SNES Residual: 0.961555E-05 0.183241E-09 0.762939E-05
  --> max change: dpmx=   2.9902E+02

== GEOMECHANICS ================================================================

 Step    462 Time=  5.49238E-01 Dt=  6.68943E-06 [hour] conv_reason: 2
  linear =   142 [     65698] cuts =  0 [   0]

== RICHARDS FLOW ===============================================================
  0 2r: 2.30E-02 2x: 0.00E+00 2u: 0.00E+00 ir: 2.23E-02 iu: 0.00E+00 rsn:   0
  1 2r: 9.51E-06 2x: 1.72E+09 2u: 8.97E+02 ir: 7.63E-06 iu: 2.99E+02 rsn:   0
  2 2r: 1.08E-05 2x: 1.72E+09 2u: 2.41E-02 ir: 7.63E-06 iu: 8.05E-03 rsn: stol

 Step    463 Time=  5.49245E-01 Dt=  6.69924E-06 [hour] conv_reason: 4
  newton =   2 [     910] linear =     4 [      1846] cuts =  0 [   0]
  --> SNES Linear/Non-Linear Iterations = 4 / 2
  --> SNES Residual: 0.107883E-04 0.205589E-09 0.762939E-05
  --> max change: dpmx=   2.9902E+02

== GEOMECHANICS ================================================================

 Step    463 Time=  5.49245E-01 Dt=  6.69924E-06 [hour] conv_reason: 2
  linear =   138 [     65836] cuts =  0 [   0]

== RICHARDS FLOW ===============================================================
  0 2r: 2.30E-02 2x: 0.00E+00 2u: 0.00E+00 ir: 2.23E-02 iu: 0.00E+00 rsn:   0
  1 2r: 9.70E-06 2x: 1.72E+09 2u: 8.97E+02 ir: 7.63E-06 iu: 2.99E+02 rsn:   0
  2 2r: 9.28E-06 2x: 1.72E+09 2u: 2.42E-02 ir: 7.63E-06 iu: 8.06E-03 rsn: stol

 Step    464 Time=  5.49252E-01 Dt=  6.70907E-06 [hour] conv_reason: 4
  newton =   2 [     912] linear =     4 [      1850] cuts =  0 [   0]
  --> SNES Linear/Non-Linear Iterations = 4 / 2
  --> SNES Residual: 0.928211E-05 0.176886E-09 0.762939E-05
  --> max change: dpmx=   2.9902E+02

== GEOMECHANICS ================================================================

 Step    464 Time=  5.49252E-01 Dt=  6.70907E-06 [hour] conv_reason: 2
  linear =   142 [     65978] cuts =  0 [   0]

== RICHARDS FLOW ===============================================================
  0 2r: 2.30E-02 2x: 0.00E+00 2u: 0.00E+00 ir: 2.23E-02 iu: 0.00E+00 rsn:   0
  1 2r: 9.17E-06 2x: 1.72E+09 2u: 8.97E+02 ir: 7.63E-06 iu: 2.99E+02 rsn:   0
  2 2r: 9.11E-06 2x: 1.72E+09 2u: 2.42E-02 ir: 7.63E-06 iu: 8.07E-03 rsn: stol

 Step    465 Time=  5.49259E-01 Dt=  6.71894E-06 [hour] conv_reason: 4
  newton =   2 [     914] linear =     4 [      1854] cuts =  0 [   0]
  --> SNES Linear/Non-Linear Iterations = 4 / 2
  --> SNES Residual: 0.911337E-05 0.173671E-09 0.762939E-05
  --> max change: dpmx=   2.9902E+02

== GEOMECHANICS ================================================================

 Step    465 Time=  5.49259E-01 Dt=  6.71894E-06 [hour] conv_reason: 2
  linear =   140 [     66118] cuts =  0 [   0]

== RICHARDS FLOW ===============================================================
  0 2r: 2.30E-02 2x: 0.00E+00 2u: 0.00E+00 ir: 2.23E-02 iu: 0.00E+00 rsn:   0
  1 2r: 9.48E-06 2x: 1.72E+09 2u: 8.97E+02 ir: 7.63E-06 iu: 2.99E+02 rsn:   0
  2 2r: 1.00E-05 2x: 1.72E+09 2u: 2.42E-02 ir: 7.63E-06 iu: 8.08E-03 rsn: stol

 Step    466 Time=  5.49265E-01 Dt=  6.72883E-06 [hour] conv_reason: 4
  newton =   2 [     916] linear =     4 [      1858] cuts =  0 [   0]
  --> SNES Linear/Non-Linear Iterations = 4 / 2
  --> SNES Residual: 0.100051E-04 0.190664E-09 0.762939E-05
  --> max change: dpmx=   2.9902E+02

== GEOMECHANICS ================================================================

 Step    466 Time=  5.49265E-01 Dt=  6.72883E-06 [hour] conv_reason: 2
  linear =   146 [     66264] cuts =  0 [   0]

== RICHARDS FLOW ===============================================================
  0 2r: 2.30E-02 2x: 0.00E+00 2u: 0.00E+00 ir: 2.23E-02 iu: 0.00E+00 rsn:   0
  1 2r: 9.23E-06 2x: 1.72E+09 2u: 8.97E+02 ir: 7.63E-06 iu: 2.99E+02 rsn:   0
  2 2r: 9.24E-06 2x: 1.72E+09 2u: 2.43E-02 ir: 7.63E-06 iu: 8.10E-03 rsn: stol

 Step    467 Time=  5.49272E-01 Dt=  6.73875E-06 [hour] conv_reason: 4
  newton =   2 [     918] linear =     4 [      1862] cuts =  0 [   0]
  --> SNES Linear/Non-Linear Iterations = 4 / 2
  --> SNES Residual: 0.924483E-05 0.176176E-09 0.762939E-05
  --> max change: dpmx=   2.9902E+02

== GEOMECHANICS ================================================================

 Step    467 Time=  5.49272E-01 Dt=  6.73875E-06 [hour] conv_reason: 2
  linear =   144 [     66408] cuts =  0 [   0]

== RICHARDS FLOW ===============================================================
  0 2r: 2.30E-02 2x: 0.00E+00 2u: 0.00E+00 ir: 2.23E-02 iu: 0.00E+00 rsn:   0
  1 2r: 9.61E-06 2x: 1.72E+09 2u: 8.97E+02 ir: 7.63E-06 iu: 2.99E+02 rsn:   0
  2 2r: 9.23E-06 2x: 1.72E+09 2u: 2.43E-02 ir: 7.63E-06 iu: 8.11E-03 rsn: stol

 Step    468 Time=  5.49279E-01 Dt=  6.74870E-06 [hour] conv_reason: 4
  newton =   2 [     920] linear =     4 [      1866] cuts =  0 [   0]
  --> SNES Linear/Non-Linear Iterations = 4 / 2
  --> SNES Residual: 0.923430E-05 0.175975E-09 0.762939E-05
  --> max change: dpmx=   2.9902E+02

== GEOMECHANICS ================================================================

 Step    468 Time=  5.49279E-01 Dt=  6.74870E-06 [hour] conv_reason: 2
  linear =   142 [     66550] cuts =  0 [   0]

== RICHARDS FLOW ===============================================================
  0 2r: 2.30E-02 2x: 0.00E+00 2u: 0.00E+00 ir: 2.23E-02 iu: 0.00E+00 rsn:   0
  1 2r: 9.02E-06 2x: 1.72E+09 2u: 8.97E+02 ir: 7.63E-06 iu: 2.99E+02 rsn:   0
  2 2r: 9.36E-06 2x: 1.72E+09 2u: 2.44E-02 ir: 7.63E-06 iu: 8.12E-03 rsn: stol

 Step    469 Time=  5.49286E-01 Dt=  6.75868E-06 [hour] conv_reason: 4
  newton =   2 [     922] linear =     4 [      1870] cuts =  0 [   0]
  --> SNES Linear/Non-Linear Iterations = 4 / 2
  --> SNES Residual: 0.936025E-05 0.178375E-09 0.762939E-05
  --> max change: dpmx=   2.9901E+02

== GEOMECHANICS ================================================================

 Step    469 Time=  5.49286E-01 Dt=  6.75868E-06 [hour] conv_reason: 2
  linear =   145 [     66695] cuts =  0 [   0]

== RICHARDS FLOW ===============================================================
  0 2r: 2.30E-02 2x: 0.00E+00 2u: 0.00E+00 ir: 2.23E-02 iu: 0.00E+00 rsn:   0
  1 2r: 9.51E-06 2x: 1.72E+09 2u: 8.97E+02 ir: 7.63E-06 iu: 2.99E+02 rsn:   0
  2 2r: 1.07E-05 2x: 1.72E+09 2u: 2.44E-02 ir: 7.63E-06 iu: 8.13E-03 rsn: stol

 Step    470 Time=  5.49292E-01 Dt=  6.76869E-06 [hour] conv_reason: 4
  newton =   2 [     924] linear =     4 [      1874] cuts =  0 [   0]
  --> SNES Linear/Non-Linear Iterations = 4 / 2
  --> SNES Residual: 0.107144E-04 0.204181E-09 0.762939E-05
  --> max change: dpmx=   2.9901E+02

== GEOMECHANICS ================================================================

 Step    470 Time=  5.49292E-01 Dt=  6.76869E-06 [hour] conv_reason: 2
  linear =   141 [     66836] cuts =  0 [   0]

== RICHARDS FLOW ===============================================================
  0 2r: 2.30E-02 2x: 0.00E+00 2u: 0.00E+00 ir: 2.23E-02 iu: 0.00E+00 rsn:   0
  1 2r: 9.17E-06 2x: 1.72E+09 2u: 8.97E+02 ir: 7.63E-06 iu: 2.99E+02 rsn:   0
  2 2r: 9.37E-06 2x: 1.72E+09 2u: 2.44E-02 ir: 7.63E-06 iu: 8.15E-03 rsn: stol

 Step    471 Time=  5.49299E-01 Dt=  6.77873E-06 [hour] conv_reason: 4
  newton =   2 [     926] linear =     4 [      1878] cuts =  0 [   0]
  --> SNES Linear/Non-Linear Iterations = 4 / 2
  --> SNES Residual: 0.937185E-05 0.178596E-09 0.762939E-05
  --> max change: dpmx=   2.9901E+02

== GEOMECHANICS ================================================================

 Step    471 Time=  5.49299E-01 Dt=  6.77873E-06 [hour] conv_reason: 2
  linear =   141 [     66977] cuts =  0 [   0]

== RICHARDS FLOW ===============================================================
  0 2r: 2.30E-02 2x: 0.00E+00 2u: 0.00E+00 ir: 2.23E-02 iu: 0.00E+00 rsn:   0
  1 2r: 9.34E-06 2x: 1.72E+09 2u: 8.97E+02 ir: 7.63E-06 iu: 2.99E+02 rsn:   0
  2 2r: 8.97E-06 2x: 1.72E+09 2u: 2.45E-02 ir: 7.63E-06 iu: 8.16E-03 rsn: stol

 Step    472 Time=  5.49306E-01 Dt=  6.78880E-06 [hour] conv_reason: 4
  newton =   2 [     928] linear =     4 [      1882] cuts =  0 [   0]
  --> SNES Linear/Non-Linear Iterations = 4 / 2
  --> SNES Residual: 0.896524E-05 0.170848E-09 0.762939E-05
  --> max change: dpmx=   2.9901E+02

== GEOMECHANICS ================================================================

 Step    472 Time=  5.49306E-01 Dt=  6.78880E-06 [hour] conv_reason: 2
  linear =   142 [     67119] cuts =  0 [   0]

== RICHARDS FLOW ===============================================================
  0 2r: 2.30E-02 2x: 0.00E+00 2u: 0.00E+00 ir: 2.23E-02 iu: 0.00E+00 rsn:   0
  1 2r: 9.14E-06 2x: 1.72E+09 2u: 8.97E+02 ir: 7.63E-06 iu: 2.99E+02 rsn:   0
  2 2r: 9.38E-06 2x: 1.72E+09 2u: 2.45E-02 ir: 7.63E-06 iu: 8.17E-03 rsn: stol

 Step    473 Time=  5.49313E-01 Dt=  6.79890E-06 [hour] conv_reason: 4
  newton =   2 [     930] linear =     4 [      1886] cuts =  0 [   0]
  --> SNES Linear/Non-Linear Iterations = 4 / 2
  --> SNES Residual: 0.937710E-05 0.178697E-09 0.762939E-05
  --> max change: dpmx=   2.9901E+02

== GEOMECHANICS ================================================================

 Step    473 Time=  5.49313E-01 Dt=  6.79890E-06 [hour] conv_reason: 2
  linear =   136 [     67255] cuts =  0 [   0]

== RICHARDS FLOW ===============================================================
  0 2r: 2.30E-02 2x: 0.00E+00 2u: 0.00E+00 ir: 2.23E-02 iu: 0.00E+00 rsn:   0
  1 2r: 9.27E-06 2x: 1.72E+09 2u: 8.97E+02 ir: 7.63E-06 iu: 2.99E+02 rsn:   0
  2 2r: 9.81E-06 2x: 1.72E+09 2u: 2.45E-02 ir: 7.63E-06 iu: 8.18E-03 rsn: stol

 Step    474 Time=  5.49320E-01 Dt=  6.80903E-06 [hour] conv_reason: 4
  newton =   2 [     932] linear =     4 [      1890] cuts =  0 [   0]
  --> SNES Linear/Non-Linear Iterations = 4 / 2
  --> SNES Residual: 0.980599E-05 0.186870E-09 0.762939E-05
  --> max change: dpmx=   2.9901E+02

== GEOMECHANICS ================================================================

 Step    474 Time=  5.49320E-01 Dt=  6.80903E-06 [hour] conv_reason: 2
  linear =   139 [     67394] cuts =  0 [   0]

== RICHARDS FLOW ===============================================================
  0 2r: 2.30E-02 2x: 0.00E+00 2u: 0.00E+00 ir: 2.23E-02 iu: 0.00E+00 rsn:   0
  1 2r: 9.12E-06 2x: 1.72E+09 2u: 8.97E+02 ir: 7.63E-06 iu: 2.99E+02 rsn:   0
  2 2r: 9.29E-06 2x: 1.72E+09 2u: 2.46E-02 ir: 7.63E-06 iu: 8.19E-03 rsn: stol

 Step    475 Time=  5.49326E-01 Dt=  6.81918E-06 [hour] conv_reason: 4
  newton =   2 [     934] linear =     4 [      1894] cuts =  0 [   0]
  --> SNES Linear/Non-Linear Iterations = 4 / 2
  --> SNES Residual: 0.928918E-05 0.177021E-09 0.762939E-05
  --> max change: dpmx=   2.9901E+02

== GEOMECHANICS ================================================================

 Step    475 Time=  5.49326E-01 Dt=  6.81918E-06 [hour] conv_reason: 2
  linear =   139 [     67533] cuts =  0 [   0]

== RICHARDS FLOW ===============================================================
  0 2r: 2.30E-02 2x: 0.00E+00 2u: 0.00E+00 ir: 2.23E-02 iu: 0.00E+00 rsn:   0
  1 2r: 9.01E-06 2x: 1.72E+09 2u: 8.97E+02 ir: 7.63E-06 iu: 2.99E+02 rsn:   0
  2 2r: 8.94E-06 2x: 1.72E+09 2u: 2.46E-02 ir: 7.63E-06 iu: 8.21E-03 rsn: stol

 Step    476 Time=  5.49333E-01 Dt=  6.82937E-06 [hour] conv_reason: 4
  newton =   2 [     936] linear =     4 [      1898] cuts =  0 [   0]
  --> SNES Linear/Non-Linear Iterations = 4 / 2
  --> SNES Residual: 0.893528E-05 0.170277E-09 0.762939E-05
  --> max change: dpmx=   2.9900E+02

== GEOMECHANICS ================================================================

 Step    476 Time=  5.49333E-01 Dt=  6.82937E-06 [hour] conv_reason: 2
  linear =   142 [     67675] cuts =  0 [   0]

== RICHARDS FLOW ===============================================================
  0 2r: 2.30E-02 2x: 0.00E+00 2u: 0.00E+00 ir: 2.23E-02 iu: 0.00E+00 rsn:   0
  1 2r: 9.39E-06 2x: 1.72E+09 2u: 8.97E+02 ir: 7.63E-06 iu: 2.99E+02 rsn:   0
  2 2r: 9.23E-06 2x: 1.72E+09 2u: 2.46E-02 ir: 7.63E-06 iu: 8.22E-03 rsn: stol

 Step    477 Time=  5.49340E-01 Dt=  6.83959E-06 [hour] conv_reason: 4
  newton =   2 [     938] linear =     4 [      1902] cuts =  0 [   0]
  --> SNES Linear/Non-Linear Iterations = 4 / 2
  --> SNES Residual: 0.923410E-05 0.175971E-09 0.762939E-05
  --> max change: dpmx=   2.9900E+02

== GEOMECHANICS ================================================================

 Step    477 Time=  5.49340E-01 Dt=  6.83959E-06 [hour] conv_reason: 2
  linear =   145 [     67820] cuts =  0 [   0]

== RICHARDS FLOW ===============================================================
  0 2r: 2.30E-02 2x: 0.00E+00 2u: 0.00E+00 ir: 2.23E-02 iu: 0.00E+00 rsn:   0
  1 2r: 8.91E-06 2x: 1.72E+09 2u: 8.97E+02 ir: 7.63E-06 iu: 2.99E+02 rsn:   0
  2 2r: 9.24E-06 2x: 1.72E+09 2u: 2.47E-02 ir: 7.63E-06 iu: 8.23E-03 rsn: stol

 Step    478 Time=  5.49347E-01 Dt=  6.84984E-06 [hour] conv_reason: 4
  newton =   2 [     940] linear =     4 [      1906] cuts =  0 [   0]
  --> SNES Linear/Non-Linear Iterations = 4 / 2
  --> SNES Residual: 0.923878E-05 0.176061E-09 0.762939E-05
  --> max change: dpmx=   2.9900E+02

== GEOMECHANICS ================================================================

 Step    478 Time=  5.49347E-01 Dt=  6.84984E-06 [hour] conv_reason: 2
  linear =   138 [     67958] cuts =  0 [   0]

== RICHARDS FLOW ===============================================================
  0 2r: 2.30E-02 2x: 0.00E+00 2u: 0.00E+00 ir: 2.23E-02 iu: 0.00E+00 rsn:   0
  1 2r: 9.26E-06 2x: 1.72E+09 2u: 8.97E+02 ir: 7.63E-06 iu: 2.99E+02 rsn:   0
  2 2r: 1.04E-05 2x: 1.72E+09 2u: 2.47E-02 ir: 7.63E-06 iu: 8.24E-03 rsn: stol

 Step    479 Time=  5.49354E-01 Dt=  6.86012E-06 [hour] conv_reason: 4
  newton =   2 [     942] linear =     4 [      1910] cuts =  0 [   0]
  --> SNES Linear/Non-Linear Iterations = 4 / 2
  --> SNES Residual: 0.104340E-04 0.198837E-09 0.762939E-05
  --> max change: dpmx=   2.9900E+02

== GEOMECHANICS ================================================================

 Step    479 Time=  5.49354E-01 Dt=  6.86012E-06 [hour] conv_reason: 2
  linear =   141 [     68099] cuts =  0 [   0]

== RICHARDS FLOW ===============================================================
  0 2r: 2.30E-02 2x: 0.00E+00 2u: 0.00E+00 ir: 2.23E-02 iu: 0.00E+00 rsn:   0
  1 2r: 9.30E-06 2x: 1.72E+09 2u: 8.97E+02 ir: 7.63E-06 iu: 2.99E+02 rsn:   0
  2 2r: 8.94E-06 2x: 1.72E+09 2u: 2.48E-02 ir: 7.63E-06 iu: 8.26E-03 rsn: stol

 Step    480 Time=  5.49361E-01 Dt=  6.87044E-06 [hour] conv_reason: 4
  newton =   2 [     944] linear =     4 [      1914] cuts =  0 [   0]
  --> SNES Linear/Non-Linear Iterations = 4 / 2
  --> SNES Residual: 0.893859E-05 0.170340E-09 0.762939E-05
  --> max change: dpmx=   2.9900E+02

== GEOMECHANICS ================================================================

 Step    480 Time=  5.49361E-01 Dt=  6.87044E-06 [hour] conv_reason: 2
  linear =   139 [     68238] cuts =  0 [   0]

== RICHARDS FLOW ===============================================================
  0 2r: 2.30E-02 2x: 0.00E+00 2u: 0.00E+00 ir: 2.23E-02 iu: 0.00E+00 rsn:   0
  1 2r: 8.96E-06 2x: 1.72E+09 2u: 8.97E+02 ir: 7.63E-06 iu: 2.99E+02 rsn:   0
  2 2r: 9.34E-06 2x: 1.72E+09 2u: 2.48E-02 ir: 7.63E-06 iu: 8.27E-03 rsn: stol

 Step    481 Time=  5.49367E-01 Dt=  6.88078E-06 [hour] conv_reason: 4
  newton =   2 [     946] linear =     4 [      1918] cuts =  0 [   0]
  --> SNES Linear/Non-Linear Iterations = 4 / 2
  --> SNES Residual: 0.933797E-05 0.177951E-09 0.762939E-05
  --> max change: dpmx=   2.9900E+02

== GEOMECHANICS ================================================================

 Step    481 Time=  5.49367E-01 Dt=  6.88078E-06 [hour] conv_reason: 2
  linear =   153 [     68391] cuts =  0 [   0]

== RICHARDS FLOW ===============================================================
  0 2r: 2.30E-02 2x: 0.00E+00 2u: 0.00E+00 ir: 2.23E-02 iu: 0.00E+00 rsn:   0
  1 2r: 9.48E-06 2x: 1.72E+09 2u: 8.97E+02 ir: 7.63E-06 iu: 2.99E+02 rsn:   0
  2 2r: 1.06E-05 2x: 1.72E+09 2u: 2.48E-02 ir: 7.63E-06 iu: 8.28E-03 rsn: stol

 Step    482 Time=  5.49374E-01 Dt=  6.89115E-06 [hour] conv_reason: 4
  newton =   2 [     948] linear =     4 [      1922] cuts =  0 [   0]
  --> SNES Linear/Non-Linear Iterations = 4 / 2
  --> SNES Residual: 0.106031E-04 0.202060E-09 0.762939E-05
  --> max change: dpmx=   2.9900E+02

== GEOMECHANICS ================================================================

 Step    482 Time=  5.49374E-01 Dt=  6.89115E-06 [hour] conv_reason: 2
  linear =   138 [     68529] cuts =  0 [   0]

== RICHARDS FLOW ===============================================================
  0 2r: 2.30E-02 2x: 0.00E+00 2u: 0.00E+00 ir: 2.23E-02 iu: 0.00E+00 rsn:   0
  1 2r: 9.22E-06 2x: 1.72E+09 2u: 8.97E+02 ir: 7.63E-06 iu: 2.99E+02 rsn:   0
  2 2r: 8.86E-06 2x: 1.72E+09 2u: 2.49E-02 ir: 7.63E-06 iu: 8.29E-03 rsn: stol

 Step    483 Time=  5.49381E-01 Dt=  6.90156E-06 [hour] conv_reason: 4
  newton =   2 [     950] linear =     4 [      1926] cuts =  0 [   0]
  --> SNES Linear/Non-Linear Iterations = 4 / 2
  --> SNES Residual: 0.886424E-05 0.168923E-09 0.762939E-05
  --> max change: dpmx=   2.9900E+02

== GEOMECHANICS ================================================================

 Step    483 Time=  5.49381E-01 Dt=  6.90156E-06 [hour] conv_reason: 2
  linear =   141 [     68670] cuts =  0 [   0]

== RICHARDS FLOW ===============================================================
  0 2r: 2.30E-02 2x: 0.00E+00 2u: 0.00E+00 ir: 2.23E-02 iu: 0.00E+00 rsn:   0
  1 2r: 9.01E-06 2x: 1.72E+09 2u: 8.97E+02 ir: 7.63E-06 iu: 2.99E+02 rsn:   0
  2 2r: 9.37E-06 2x: 1.72E+09 2u: 2.49E-02 ir: 7.63E-06 iu: 8.31E-03 rsn: stol

 Step    484 Time=  5.49388E-01 Dt=  6.91199E-06 [hour] conv_reason: 4
  newton =   2 [     952] linear =     4 [      1930] cuts =  0 [   0]
  --> SNES Linear/Non-Linear Iterations = 4 / 2
  --> SNES Residual: 0.937248E-05 0.178609E-09 0.762939E-05
  --> max change: dpmx=   2.9899E+02

== GEOMECHANICS ================================================================

 Step    484 Time=  5.49388E-01 Dt=  6.91199E-06 [hour] conv_reason: 2
  linear =   142 [     68812] cuts =  0 [   0]

== RICHARDS FLOW ===============================================================
  0 2r: 2.30E-02 2x: 0.00E+00 2u: 0.00E+00 ir: 2.23E-02 iu: 0.00E+00 rsn:   0
  1 2r: 9.27E-06 2x: 1.72E+09 2u: 8.97E+02 ir: 7.63E-06 iu: 2.99E+02 rsn:   0
  2 2r: 9.80E-06 2x: 1.72E+09 2u: 2.49E-02 ir: 7.63E-06 iu: 8.32E-03 rsn: stol

 Step    485 Time=  5.49395E-01 Dt=  6.92246E-06 [hour] conv_reason: 4
  newton =   2 [     954] linear =     4 [      1934] cuts =  0 [   0]
  --> SNES Linear/Non-Linear Iterations = 4 / 2
  --> SNES Residual: 0.979548E-05 0.186669E-09 0.762939E-05
  --> max change: dpmx=   2.9899E+02

== GEOMECHANICS ================================================================

 Step    485 Time=  5.49395E-01 Dt=  6.92246E-06 [hour] conv_reason: 2
  linear =   147 [     68959] cuts =  0 [   0]

== RICHARDS FLOW ===============================================================
  0 2r: 2.30E-02 2x: 0.00E+00 2u: 0.00E+00 ir: 2.23E-02 iu: 0.00E+00 rsn:   0
  1 2r: 8.95E-06 2x: 1.72E+09 2u: 8.97E+02 ir: 7.63E-06 iu: 2.99E+02 rsn:   0
  2 2r: 8.97E-06 2x: 1.72E+09 2u: 2.50E-02 ir: 7.63E-06 iu: 8.33E-03 rsn: stol

 Step    486 Time=  5.49402E-01 Dt=  6.93296E-06 [hour] conv_reason: 4
  newton =   2 [     956] linear =     4 [      1938] cuts =  0 [   0]
  --> SNES Linear/Non-Linear Iterations = 4 / 2
  --> SNES Residual: 0.896547E-05 0.170852E-09 0.762939E-05
  --> max change: dpmx=   2.9899E+02

== GEOMECHANICS ================================================================

 Step    486 Time=  5.49402E-01 Dt=  6.93296E-06 [hour] conv_reason: 2
  linear =   140 [     69099] cuts =  0 [   0]

== RICHARDS FLOW ===============================================================
  0 2r: 2.30E-02 2x: 0.00E+00 2u: 0.00E+00 ir: 2.23E-02 iu: 0.00E+00 rsn:   0
  1 2r: 9.31E-06 2x: 1.72E+09 2u: 8.97E+02 ir: 7.63E-06 iu: 2.99E+02 rsn:   0
  2 2r: 9.04E-06 2x: 1.72E+09 2u: 2.50E-02 ir: 7.63E-06 iu: 8.34E-03 rsn: stol

 Step    487 Time=  5.49409E-01 Dt=  6.94349E-06 [hour] conv_reason: 4
  newton =   2 [     958] linear =     4 [      1942] cuts =  0 [   0]
  --> SNES Linear/Non-Linear Iterations = 4 / 2
  --> SNES Residual: 0.903687E-05 0.172213E-09 0.762939E-05
  --> max change: dpmx=   2.9899E+02

== GEOMECHANICS ================================================================

 Step    487 Time=  5.49409E-01 Dt=  6.94349E-06 [hour] conv_reason: 2
  linear =   142 [     69241] cuts =  0 [   0]

== RICHARDS FLOW ===============================================================
  0 2r: 2.30E-02 2x: 0.00E+00 2u: 0.00E+00 ir: 2.23E-02 iu: 0.00E+00 rsn:   0
  1 2r: 9.11E-06 2x: 1.72E+09 2u: 8.97E+02 ir: 7.63E-06 iu: 2.99E+02 rsn:   0
  2 2r: 9.41E-06 2x: 1.72E+09 2u: 2.51E-02 ir: 7.63E-06 iu: 8.36E-03 rsn: stol

 Step    488 Time=  5.49416E-01 Dt=  6.95405E-06 [hour] conv_reason: 4
  newton =   2 [     960] linear =     4 [      1946] cuts =  0 [   0]
  --> SNES Linear/Non-Linear Iterations = 4 / 2
  --> SNES Residual: 0.941185E-05 0.179359E-09 0.762939E-05
  --> max change: dpmx=   2.9899E+02

== GEOMECHANICS ================================================================

 Step    488 Time=  5.49416E-01 Dt=  6.95405E-06 [hour] conv_reason: 2
  linear =   147 [     69388] cuts =  0 [   0]

== RICHARDS FLOW ===============================================================
  0 2r: 2.30E-02 2x: 0.00E+00 2u: 0.00E+00 ir: 2.23E-02 iu: 0.00E+00 rsn:   0
  1 2r: 6.51E-06 2x: 1.72E+09 2u: 8.97E+02 ir: 3.81E-06 iu: 2.99E+02 rsn:   0
  2 2r: 7.44E-06 2x: 1.72E+09 2u: 2.51E-02 ir: 3.22E-06 iu: 8.37E-03 rsn: stol

 Step    489 Time=  5.49423E-01 Dt=  6.96465E-06 [hour] conv_reason: 4
  newton =   2 [     962] linear =     4 [      1950] cuts =  0 [   0]
  --> SNES Linear/Non-Linear Iterations = 4 / 2
  --> SNES Residual: 0.744021E-05 0.141786E-09 0.321865E-05
  --> max change: dpmx=   2.9899E+02

== GEOMECHANICS ================================================================

 Step    489 Time=  5.49423E-01 Dt=  6.96465E-06 [hour] conv_reason: 2
  linear =   140 [     69528] cuts =  0 [   0]

== RICHARDS FLOW ===============================================================
  0 2r: 2.30E-02 2x: 0.00E+00 2u: 0.00E+00 ir: 2.23E-02 iu: 0.00E+00 rsn:   0
  1 2r: 6.59E-06 2x: 1.72E+09 2u: 8.97E+02 ir: 3.81E-06 iu: 2.99E+02 rsn:   0
  2 2r: 4.75E-06 2x: 1.72E+09 2u: 2.51E-02 ir: 3.22E-06 iu: 8.38E-03 rsn: stol

 Step    490 Time=  5.49430E-01 Dt=  6.97528E-06 [hour] conv_reason: 4
  newton =   2 [     964] linear =     4 [      1954] cuts =  0 [   0]
  --> SNES Linear/Non-Linear Iterations = 4 / 2
  --> SNES Residual: 0.475219E-05 0.905611E-10 0.321865E-05
  --> max change: dpmx=   2.9899E+02

== GEOMECHANICS ================================================================

 Step    490 Time=  5.49430E-01 Dt=  6.97528E-06 [hour] conv_reason: 2
  linear =   154 [     69682] cuts =  0 [   0]

== RICHARDS FLOW ===============================================================
  0 2r: 2.30E-02 2x: 0.00E+00 2u: 0.00E+00 ir: 2.23E-02 iu: 0.00E+00 rsn:   0
  1 2r: 6.05E-06 2x: 1.72E+09 2u: 8.97E+02 ir: 3.81E-06 iu: 2.99E+02 rsn:   0
  2 2r: 5.19E-06 2x: 1.72E+09 2u: 2.52E-02 ir: 3.22E-06 iu: 8.40E-03 rsn: stol

 Step    491 Time=  5.49437E-01 Dt=  6.98594E-06 [hour] conv_reason: 4
  newton =   2 [     966] linear =     4 [      1958] cuts =  0 [   0]
  --> SNES Linear/Non-Linear Iterations = 4 / 2
  --> SNES Residual: 0.518757E-05 0.988580E-10 0.321865E-05
  --> max change: dpmx=   2.9898E+02

== GEOMECHANICS ================================================================

 Step    491 Time=  5.49437E-01 Dt=  6.98594E-06 [hour] conv_reason: 2
  linear =   139 [     69821] cuts =  0 [   0]

== RICHARDS FLOW ===============================================================
  0 2r: 2.30E-02 2x: 0.00E+00 2u: 0.00E+00 ir: 2.23E-02 iu: 0.00E+00 rsn:   0
  1 2r: 5.19E-06 2x: 1.72E+09 2u: 8.97E+02 ir: 3.22E-06 iu: 2.99E+02 rsn:   0
  2 2r: 6.06E-06 2x: 1.72E+09 2u: 2.52E-02 ir: 3.22E-06 iu: 8.41E-03 rsn: stol

 Step    492 Time=  5.49444E-01 Dt=  6.99663E-06 [hour] conv_reason: 4
  newton =   2 [     968] linear =     4 [      1962] cuts =  0 [   0]
  --> SNES Linear/Non-Linear Iterations = 4 / 2
  --> SNES Residual: 0.605716E-05 0.115429E-09 0.321865E-05
  --> max change: dpmx=   2.9898E+02

== GEOMECHANICS ================================================================

 Step    492 Time=  5.49444E-01 Dt=  6.99663E-06 [hour] conv_reason: 2
  linear =   137 [     69958] cuts =  0 [   0]

== RICHARDS FLOW ===============================================================
  0 2r: 2.30E-02 2x: 0.00E+00 2u: 0.00E+00 ir: 2.23E-02 iu: 0.00E+00 rsn:   0
  1 2r: 6.88E-06 2x: 1.72E+09 2u: 8.97E+02 ir: 3.81E-06 iu: 2.99E+02 rsn:   0
  2 2r: 6.34E-06 2x: 1.72E+09 2u: 2.53E-02 ir: 3.81E-06 iu: 8.42E-03 rsn: stol

 Step    493 Time=  5.49451E-01 Dt=  7.00735E-06 [hour] conv_reason: 4
  newton =   2 [     970] linear =     4 [      1966] cuts =  0 [   0]
  --> SNES Linear/Non-Linear Iterations = 4 / 2
  --> SNES Residual: 0.633913E-05 0.120803E-09 0.381470E-05
  --> max change: dpmx=   2.9898E+02

== GEOMECHANICS ================================================================

 Step    493 Time=  5.49451E-01 Dt=  7.00735E-06 [hour] conv_reason: 2
  linear =   198 [     70156] cuts =  0 [   0]

== RICHARDS FLOW ===============================================================
  0 2r: 2.30E-02 2x: 0.00E+00 2u: 0.00E+00 ir: 2.23E-02 iu: 0.00E+00 rsn:   0
  1 2r: 8.95E-06 2x: 1.72E+09 2u: 8.97E+02 ir: 7.63E-06 iu: 2.99E+02 rsn:   0
  2 2r: 9.17E-06 2x: 1.72E+09 2u: 2.53E-02 ir: 7.63E-06 iu: 8.43E-03 rsn: stol

 Step    494 Time=  5.49458E-01 Dt=  7.01811E-06 [hour] conv_reason: 4
  newton =   2 [     972] linear =     4 [      1970] cuts =  0 [   0]
  --> SNES Linear/Non-Linear Iterations = 4 / 2
  --> SNES Residual: 0.917281E-05 0.174803E-09 0.762939E-05
  --> max change: dpmx=   2.9898E+02

== GEOMECHANICS ================================================================

 Step    494 Time=  5.49458E-01 Dt=  7.01811E-06 [hour] conv_reason: 2
  linear =   140 [     70296] cuts =  0 [   0]

== RICHARDS FLOW ===============================================================
  0 2r: 2.30E-02 2x: 0.00E+00 2u: 0.00E+00 ir: 2.23E-02 iu: 0.00E+00 rsn:   0
  1 2r: 6.51E-06 2x: 1.72E+09 2u: 8.97E+02 ir: 3.81E-06 iu: 2.99E+02 rsn:   0
  2 2r: 8.14E-06 2x: 1.72E+09 2u: 2.53E-02 ir: 3.81E-06 iu: 8.45E-03 rsn: stol

 Step    495 Time=  5.49465E-01 Dt=  7.02890E-06 [hour] conv_reason: 4
  newton =   2 [     974] linear =     4 [      1974] cuts =  0 [   0]
  --> SNES Linear/Non-Linear Iterations = 4 / 2
  --> SNES Residual: 0.813892E-05 0.155101E-09 0.381470E-05
  --> max change: dpmx=   2.9898E+02

== GEOMECHANICS ================================================================

 Step    495 Time=  5.49465E-01 Dt=  7.02890E-06 [hour] conv_reason: 2
  linear =   144 [     70440] cuts =  0 [   0]

== RICHARDS FLOW ===============================================================
  0 2r: 2.30E-02 2x: 0.00E+00 2u: 0.00E+00 ir: 2.23E-02 iu: 0.00E+00 rsn:   0
  1 2r: 5.56E-06 2x: 1.72E+09 2u: 8.97E+02 ir: 3.22E-06 iu: 2.99E+02 rsn:   0
  2 2r: 4.74E-06 2x: 1.72E+09 2u: 2.54E-02 ir: 3.22E-06 iu: 8.46E-03 rsn: stol

 Step    496 Time=  5.49472E-01 Dt=  7.03973E-06 [hour] conv_reason: 4
  newton =   2 [     976] linear =     4 [      1978] cuts =  0 [   0]
  --> SNES Linear/Non-Linear Iterations = 4 / 2
  --> SNES Residual: 0.474269E-05 0.903800E-10 0.321865E-05
  --> max change: dpmx=   2.9898E+02

== GEOMECHANICS ================================================================

 Step    496 Time=  5.49472E-01 Dt=  7.03973E-06 [hour] conv_reason: 2
  linear =   141 [     70581] cuts =  0 [   0]

== RICHARDS FLOW ===============================================================
  0 2r: 2.30E-02 2x: 0.00E+00 2u: 0.00E+00 ir: 2.23E-02 iu: 0.00E+00 rsn:   0
  1 2r: 5.97E-06 2x: 1.72E+09 2u: 8.97E+02 ir: 3.81E-06 iu: 2.99E+02 rsn:   0
  2 2r: 6.08E-06 2x: 1.72E+09 2u: 2.54E-02 ir: 3.81E-06 iu: 8.47E-03 rsn: stol

 Step    497 Time=  5.49479E-01 Dt=  7.05058E-06 [hour] conv_reason: 4
  newton =   2 [     978] linear =     4 [      1982] cuts =  0 [   0]
  --> SNES Linear/Non-Linear Iterations = 4 / 2
  --> SNES Residual: 0.608378E-05 0.115937E-09 0.381470E-05
  --> max change: dpmx=   2.9898E+02

== GEOMECHANICS ================================================================

 Step    497 Time=  5.49479E-01 Dt=  7.05058E-06 [hour] conv_reason: 2
  linear =   156 [     70737] cuts =  0 [   0]

== RICHARDS FLOW ===============================================================
  0 2r: 2.30E-02 2x: 0.00E+00 2u: 0.00E+00 ir: 2.23E-02 iu: 0.00E+00 rsn:   0
  1 2r: 5.60E-06 2x: 1.72E+09 2u: 8.97E+02 ir: 3.22E-06 iu: 2.99E+02 rsn:   0
  2 2r: 6.50E-06 2x: 1.72E+09 2u: 2.54E-02 ir: 3.22E-06 iu: 8.49E-03 rsn: stol

 Step    498 Time=  5.49486E-01 Dt=  7.06148E-06 [hour] conv_reason: 4
  newton =   2 [     980] linear =     4 [      1986] cuts =  0 [   0]
  --> SNES Linear/Non-Linear Iterations = 4 / 2
  --> SNES Residual: 0.650272E-05 0.123920E-09 0.321865E-05
  --> max change: dpmx=   2.9897E+02

== GEOMECHANICS ================================================================

 Step    498 Time=  5.49486E-01 Dt=  7.06148E-06 [hour] conv_reason: 2
  linear =   143 [     70880] cuts =  0 [   0]

== RICHARDS FLOW ===============================================================
  0 2r: 2.30E-02 2x: 0.00E+00 2u: 0.00E+00 ir: 2.23E-02 iu: 0.00E+00 rsn:   0
  1 2r: 5.28E-06 2x: 1.72E+09 2u: 8.97E+02 ir: 3.22E-06 iu: 2.99E+02 rsn:   0
  2 2r: 4.60E-06 2x: 1.72E+09 2u: 2.55E-02 ir: 3.22E-06 iu: 8.50E-03 rsn: stol

 Step    499 Time=  5.49493E-01 Dt=  7.07240E-06 [hour] conv_reason: 4
  newton =   2 [     982] linear =     4 [      1990] cuts =  0 [   0]
  --> SNES Linear/Non-Linear Iterations = 4 / 2
  --> SNES Residual: 0.459606E-05 0.875858E-10 0.321865E-05
  --> max change: dpmx=   2.9897E+02

== GEOMECHANICS ================================================================

 Step    499 Time=  5.49493E-01 Dt=  7.07240E-06 [hour] conv_reason: 2
  linear =   135 [     71015] cuts =  0 [   0]

== RICHARDS FLOW ===============================================================
  0 2r: 2.30E-02 2x: 0.00E+00 2u: 0.00E+00 ir: 2.23E-02 iu: 0.00E+00 rsn:   0
  1 2r: 6.30E-06 2x: 1.72E+09 2u: 8.96E+02 ir: 3.81E-06 iu: 2.99E+02 rsn:   0
  2 2r: 5.53E-06 2x: 1.72E+09 2u: 2.55E-02 ir: 3.22E-06 iu: 8.51E-03 rsn: stol

 Step    500 Time=  5.49500E-01 Dt=  7.08336E-06 [hour] conv_reason: 4
  newton =   2 [     984] linear =     4 [      1994] cuts =  0 [   0]
  --> SNES Linear/Non-Linear Iterations = 4 / 2
  --> SNES Residual: 0.552864E-05 0.105358E-09 0.321865E-05
  --> max change: dpmx=   2.9897E+02

== GEOMECHANICS ================================================================

 Step    500 Time=  5.49500E-01 Dt=  7.08336E-06 [hour] conv_reason: 2
  linear =   151 [     71166] cuts =  0 [   0]

== RICHARDS FLOW ===============================================================
  0 2r: 2.30E-02 2x: 0.00E+00 2u: 0.00E+00 ir: 2.23E-02 iu: 0.00E+00 rsn:   0
  1 2r: 4.68E-06 2x: 1.72E+09 2u: 8.96E+02 ir: 3.22E-06 iu: 2.99E+02 rsn:   0
  2 2r: 4.69E-06 2x: 1.72E+09 2u: 2.56E-02 ir: 3.22E-06 iu: 8.53E-03 rsn: stol

 Step    501 Time=  5.49507E-01 Dt=  7.09435E-06 [hour] conv_reason: 4
  newton =   2 [     986] linear =     4 [      1998] cuts =  0 [   0]
  --> SNES Linear/Non-Linear Iterations = 4 / 2
  --> SNES Residual: 0.468617E-05 0.893029E-10 0.321865E-05
  --> max change: dpmx=   2.9897E+02

== GEOMECHANICS ================================================================

 Step    501 Time=  5.49507E-01 Dt=  7.09435E-06 [hour] conv_reason: 2
  linear =   142 [     71308] cuts =  0 [   0]

== RICHARDS FLOW ===============================================================
  0 2r: 2.30E-02 2x: 0.00E+00 2u: 0.00E+00 ir: 2.23E-02 iu: 0.00E+00 rsn:   0
  1 2r: 4.96E-06 2x: 1.72E+09 2u: 8.96E+02 ir: 3.22E-06 iu: 2.99E+02 rsn:   0
  2 2r: 4.98E-06 2x: 1.72E+09 2u: 2.56E-02 ir: 3.22E-06 iu: 8.54E-03 rsn: stol

 Step    502 Time=  5.49514E-01 Dt=  7.10538E-06 [hour] conv_reason: 4
  newton =   2 [     988] linear =     4 [      2002] cuts =  0 [   0]
  --> SNES Linear/Non-Linear Iterations = 4 / 2
  --> SNES Residual: 0.497623E-05 0.948304E-10 0.321865E-05
  --> max change: dpmx=   2.9897E+02

== GEOMECHANICS ================================================================

 Step    502 Time=  5.49514E-01 Dt=  7.10538E-06 [hour] conv_reason: 2
  linear =   141 [     71449] cuts =  0 [   0]

== RICHARDS FLOW ===============================================================
  0 2r: 2.30E-02 2x: 0.00E+00 2u: 0.00E+00 ir: 2.24E-02 iu: 0.00E+00 rsn:   0
  1 2r: 9.02E-06 2x: 1.72E+09 2u: 8.96E+02 ir: 7.63E-06 iu: 2.99E+02 rsn:   0
  2 2r: 9.07E-06 2x: 1.72E+09 2u: 2.56E-02 ir: 7.63E-06 iu: 8.55E-03 rsn: stol

 Step    503 Time=  5.49522E-01 Dt=  7.11644E-06 [hour] conv_reason: 4
  newton =   2 [     990] linear =     4 [      2006] cuts =  0 [   0]
  --> SNES Linear/Non-Linear Iterations = 4 / 2
  --> SNES Residual: 0.906731E-05 0.172793E-09 0.762939E-05
  --> max change: dpmx=   2.9897E+02

== GEOMECHANICS ================================================================

 Step    503 Time=  5.49522E-01 Dt=  7.11644E-06 [hour] conv_reason: 2
  linear =   139 [     71588] cuts =  0 [   0]

== RICHARDS FLOW ===============================================================
  0 2r: 2.30E-02 2x: 0.00E+00 2u: 0.00E+00 ir: 2.24E-02 iu: 0.00E+00 rsn:   0
  1 2r: 8.96E-06 2x: 1.72E+09 2u: 8.96E+02 ir: 7.63E-06 iu: 2.99E+02 rsn:   0
  2 2r: 9.02E-06 2x: 1.72E+09 2u: 2.57E-02 ir: 7.63E-06 iu: 8.57E-03 rsn: stol

 Step    504 Time=  5.49529E-01 Dt=  7.12753E-06 [hour] conv_reason: 4
  newton =   2 [     992] linear =     4 [      2010] cuts =  0 [   0]
  --> SNES Linear/Non-Linear Iterations = 4 / 2
  --> SNES Residual: 0.901732E-05 0.171840E-09 0.762939E-05
  --> max change: dpmx=   2.9897E+02

== GEOMECHANICS ================================================================

 Step    504 Time=  5.49529E-01 Dt=  7.12753E-06 [hour] conv_reason: 2
  linear =   135 [     71723] cuts =  0 [   0]

== RICHARDS FLOW ===============================================================
  0 2r: 2.30E-02 2x: 0.00E+00 2u: 0.00E+00 ir: 2.24E-02 iu: 0.00E+00 rsn:   0
  1 2r: 9.40E-06 2x: 1.72E+09 2u: 8.96E+02 ir: 7.63E-06 iu: 2.99E+02 rsn:   0
  2 2r: 9.89E-06 2x: 1.72E+09 2u: 2.57E-02 ir: 7.63E-06 iu: 8.58E-03 rsn: stol

 Step    505 Time=  5.49536E-01 Dt=  7.13866E-06 [hour] conv_reason: 4
  newton =   2 [     994] linear =     4 [      2014] cuts =  0 [   0]
  --> SNES Linear/Non-Linear Iterations = 4 / 2
  --> SNES Residual: 0.989354E-05 0.188538E-09 0.762939E-05
  --> max change: dpmx=   2.9896E+02

== GEOMECHANICS ================================================================

 Step    505 Time=  5.49536E-01 Dt=  7.13866E-06 [hour] conv_reason: 2
  linear =   146 [     71869] cuts =  0 [   0]

== RICHARDS FLOW ===============================================================
  0 2r: 2.30E-02 2x: 0.00E+00 2u: 0.00E+00 ir: 2.24E-02 iu: 0.00E+00 rsn:   0
  1 2r: 9.19E-06 2x: 1.72E+09 2u: 8.96E+02 ir: 7.63E-06 iu: 2.99E+02 rsn:   0
  2 2r: 9.22E-06 2x: 1.72E+09 2u: 2.58E-02 ir: 7.63E-06 iu: 8.59E-03 rsn: stol

 Step    506 Time=  5.49543E-01 Dt=  7.14982E-06 [hour] conv_reason: 4
  newton =   2 [     996] linear =     4 [      2018] cuts =  0 [   0]
  --> SNES Linear/Non-Linear Iterations = 4 / 2
  --> SNES Residual: 0.922343E-05 0.175768E-09 0.762939E-05
  --> max change: dpmx=   2.9896E+02

== GEOMECHANICS ================================================================

 Step    506 Time=  5.49543E-01 Dt=  7.14982E-06 [hour] conv_reason: 2
  linear =   139 [     72008] cuts =  0 [   0]

== RICHARDS FLOW ===============================================================
  0 2r: 2.31E-02 2x: 0.00E+00 2u: 0.00E+00 ir: 2.24E-02 iu: 0.00E+00 rsn:   0
  1 2r: 6.67E-06 2x: 1.72E+09 2u: 8.96E+02 ir: 3.81E-06 iu: 2.99E+02 rsn:   0
  2 2r: 5.07E-06 2x: 1.72E+09 2u: 2.58E-02 ir: 3.22E-06 iu: 8.61E-03 rsn: stol

 Step    507 Time=  5.49550E-01 Dt=  7.16102E-06 [hour] conv_reason: 4
  newton =   2 [     998] linear =     4 [      2022] cuts =  0 [   0]
  --> SNES Linear/Non-Linear Iterations = 4 / 2
  --> SNES Residual: 0.506895E-05 0.965974E-10 0.321865E-05
  --> max change: dpmx=   2.9896E+02

== GEOMECHANICS ================================================================

 Step    507 Time=  5.49550E-01 Dt=  7.16102E-06 [hour] conv_reason: 2
  linear =   154 [     72162] cuts =  0 [   0]

== RICHARDS FLOW ===============================================================
  0 2r: 2.31E-02 2x: 0.00E+00 2u: 0.00E+00 ir: 2.24E-02 iu: 0.00E+00 rsn:   0
  1 2r: 6.38E-06 2x: 1.72E+09 2u: 8.96E+02 ir: 3.81E-06 iu: 2.99E+02 rsn:   0
  2 2r: 4.94E-06 2x: 1.72E+09 2u: 2.58E-02 ir: 3.22E-06 iu: 8.62E-03 rsn: stol

 Step    508 Time=  5.49557E-01 Dt=  7.17226E-06 [hour] conv_reason: 4
  newton =   2 [    1000] linear =     4 [      2026] cuts =  0 [   0]
  --> SNES Linear/Non-Linear Iterations = 4 / 2
  --> SNES Residual: 0.493504E-05 0.940455E-10 0.321865E-05
  --> max change: dpmx=   2.9896E+02

== GEOMECHANICS ================================================================

 Step    508 Time=  5.49557E-01 Dt=  7.17226E-06 [hour] conv_reason: 2
  linear =   148 [     72310] cuts =  0 [   0]

== RICHARDS FLOW ===============================================================
  0 2r: 2.31E-02 2x: 0.00E+00 2u: 0.00E+00 ir: 2.24E-02 iu: 0.00E+00 rsn:   0
  1 2r: 9.38E-06 2x: 1.72E+09 2u: 8.96E+02 ir: 7.63E-06 iu: 2.99E+02 rsn:   0
  2 2r: 1.05E-05 2x: 1.72E+09 2u: 2.59E-02 ir: 7.63E-06 iu: 8.63E-03 rsn: stol

 Step    509 Time=  5.49564E-01 Dt=  7.18353E-06 [hour] conv_reason: 4
  newton =   2 [    1002] linear =     4 [      2030] cuts =  0 [   0]
  --> SNES Linear/Non-Linear Iterations = 4 / 2
  --> SNES Residual: 0.105309E-04 0.200684E-09 0.762939E-05
  --> max change: dpmx=   2.9896E+02

== GEOMECHANICS ================================================================

 Step    509 Time=  5.49564E-01 Dt=  7.18353E-06 [hour] conv_reason: 2
  linear =   148 [     72458] cuts =  0 [   0]

== RICHARDS FLOW ===============================================================
  0 2r: 2.31E-02 2x: 0.00E+00 2u: 0.00E+00 ir: 2.24E-02 iu: 0.00E+00 rsn:   0
  1 2r: 9.21E-06 2x: 1.72E+09 2u: 8.96E+02 ir: 7.63E-06 iu: 2.99E+02 rsn:   0
  2 2r: 9.15E-06 2x: 1.72E+09 2u: 2.59E-02 ir: 7.63E-06 iu: 8.65E-03 rsn: stol

 Step    510 Time=  5.49572E-01 Dt=  7.19483E-06 [hour] conv_reason: 4
  newton =   2 [    1004] linear =     4 [      2034] cuts =  0 [   0]
  --> SNES Linear/Non-Linear Iterations = 4 / 2
  --> SNES Residual: 0.914625E-05 0.174297E-09 0.762939E-05
  --> max change: dpmx=   2.9896E+02

== GEOMECHANICS ================================================================

 Step    510 Time=  5.49572E-01 Dt=  7.19483E-06 [hour] conv_reason: 2
  linear =   139 [     72597] cuts =  0 [   0]

== RICHARDS FLOW ===============================================================
  0 2r: 2.31E-02 2x: 0.00E+00 2u: 0.00E+00 ir: 2.24E-02 iu: 0.00E+00 rsn:   0
  1 2r: 9.51E-06 2x: 1.72E+09 2u: 8.96E+02 ir: 7.63E-06 iu: 2.99E+02 rsn:   0
  2 2r: 9.22E-06 2x: 1.72E+09 2u: 2.60E-02 ir: 7.63E-06 iu: 8.66E-03 rsn: stol

 Step    511 Time=  5.49579E-01 Dt=  7.20617E-06 [hour] conv_reason: 4
  newton =   2 [    1006] linear =     4 [      2038] cuts =  0 [   0]
  --> SNES Linear/Non-Linear Iterations = 4 / 2
  --> SNES Residual: 0.921786E-05 0.175662E-09 0.762939E-05
  --> max change: dpmx=   2.9896E+02

== GEOMECHANICS ================================================================

 Step    511 Time=  5.49579E-01 Dt=  7.20617E-06 [hour] conv_reason: 2
  linear =   140 [     72737] cuts =  0 [   0]

== RICHARDS FLOW ===============================================================
  0 2r: 2.31E-02 2x: 0.00E+00 2u: 0.00E+00 ir: 2.24E-02 iu: 0.00E+00 rsn:   0
  1 2r: 6.26E-06 2x: 1.72E+09 2u: 8.96E+02 ir: 3.81E-06 iu: 2.99E+02 rsn:   0
  2 2r: 5.51E-06 2x: 1.72E+09 2u: 2.60E-02 ir: 3.22E-06 iu: 8.68E-03 rsn: stol

 Step    512 Time=  5.49586E-01 Dt=  7.21755E-06 [hour] conv_reason: 4
  newton =   2 [    1008] linear =     4 [      2042] cuts =  0 [   0]
  --> SNES Linear/Non-Linear Iterations = 4 / 2
  --> SNES Residual: 0.551500E-05 0.105098E-09 0.321865E-05
  --> max change: dpmx=   2.9895E+02

== GEOMECHANICS ================================================================

 Step    512 Time=  5.49586E-01 Dt=  7.21755E-06 [hour] conv_reason: 2
  linear =   140 [     72877] cuts =  0 [   0]

== RICHARDS FLOW ===============================================================
  0 2r: 2.31E-02 2x: 0.00E+00 2u: 0.00E+00 ir: 2.24E-02 iu: 0.00E+00 rsn:   0
  1 2r: 5.30E-06 2x: 1.72E+09 2u: 8.96E+02 ir: 3.22E-06 iu: 2.99E+02 rsn:   0
  2 2r: 5.23E-06 2x: 1.72E+09 2u: 2.61E-02 ir: 3.22E-06 iu: 8.69E-03 rsn: stol

 Step    513 Time=  5.49593E-01 Dt=  7.22896E-06 [hour] conv_reason: 4
  newton =   2 [    1010] linear =     4 [      2046] cuts =  0 [   0]
  --> SNES Linear/Non-Linear Iterations = 4 / 2
  --> SNES Residual: 0.522698E-05 0.996090E-10 0.321865E-05
  --> max change: dpmx=   2.9895E+02

== GEOMECHANICS ================================================================

 Step    513 Time=  5.49593E-01 Dt=  7.22896E-06 [hour] conv_reason: 2
  linear =   142 [     73019] cuts =  0 [   0]

== RICHARDS FLOW ===============================================================
  0 2r: 2.31E-02 2x: 0.00E+00 2u: 0.00E+00 ir: 2.24E-02 iu: 0.00E+00 rsn:   0
  1 2r: 6.24E-06 2x: 1.72E+09 2u: 8.96E+02 ir: 3.81E-06 iu: 2.99E+02 rsn:   0
  2 2r: 4.94E-06 2x: 1.72E+09 2u: 2.61E-02 ir: 3.22E-06 iu: 8.70E-03 rsn: stol

 Step    514 Time=  5.49601E-01 Dt=  7.24040E-06 [hour] conv_reason: 4
  newton =   2 [    1012] linear =     4 [      2050] cuts =  0 [   0]
  --> SNES Linear/Non-Linear Iterations = 4 / 2
  --> SNES Residual: 0.493780E-05 0.940982E-10 0.321865E-05
  --> max change: dpmx=   2.9895E+02

== GEOMECHANICS ================================================================

 Step    514 Time=  5.49601E-01 Dt=  7.24040E-06 [hour] conv_reason: 2
  linear =   139 [     73158] cuts =  0 [   0]

== RICHARDS FLOW ===============================================================
  0 2r: 2.31E-02 2x: 0.00E+00 2u: 0.00E+00 ir: 2.24E-02 iu: 0.00E+00 rsn:   0
  1 2r: 6.30E-06 2x: 1.72E+09 2u: 8.96E+02 ir: 3.81E-06 iu: 2.99E+02 rsn:   0
  2 2r: 9.13E-06 2x: 1.72E+09 2u: 2.61E-02 ir: 7.63E-06 iu: 8.72E-03 rsn: stol

 Step    515 Time=  5.49608E-01 Dt=  7.25189E-06 [hour] conv_reason: 4
  newton =   2 [    1014] linear =     4 [      2054] cuts =  0 [   0]
  --> SNES Linear/Non-Linear Iterations = 4 / 2
  --> SNES Residual: 0.913277E-05 0.174040E-09 0.762939E-05
  --> max change: dpmx=   2.9895E+02

== GEOMECHANICS ================================================================

 Step    515 Time=  5.49608E-01 Dt=  7.25189E-06 [hour] conv_reason: 2
  linear =   139 [     73297] cuts =  0 [   0]

== RICHARDS FLOW ===============================================================
  0 2r: 2.31E-02 2x: 0.00E+00 2u: 0.00E+00 ir: 2.24E-02 iu: 0.00E+00 rsn:   0
  1 2r: 6.77E-06 2x: 1.72E+09 2u: 8.96E+02 ir: 3.81E-06 iu: 2.99E+02 rsn:   0
  2 2r: 7.44E-06 2x: 1.72E+09 2u: 2.62E-02 ir: 3.22E-06 iu: 8.73E-03 rsn: stol

 Step    516 Time=  5.49615E-01 Dt=  7.26341E-06 [hour] conv_reason: 4
  newton =   2 [    1016] linear =     4 [      2058] cuts =  0 [   0]
  --> SNES Linear/Non-Linear Iterations = 4 / 2
  --> SNES Residual: 0.743789E-05 0.141742E-09 0.321865E-05
  --> max change: dpmx=   2.9895E+02

== GEOMECHANICS ================================================================

 Step    516 Time=  5.49615E-01 Dt=  7.26341E-06 [hour] conv_reason: 2
  linear =   141 [     73438] cuts =  0 [   0]

== RICHARDS FLOW ===============================================================
  0 2r: 2.31E-02 2x: 0.00E+00 2u: 0.00E+00 ir: 2.24E-02 iu: 0.00E+00 rsn:   0
  1 2r: 6.51E-06 2x: 1.72E+09 2u: 8.96E+02 ir: 3.81E-06 iu: 2.99E+02 rsn:   0
  2 2r: 5.21E-06 2x: 1.72E+09 2u: 2.62E-02 ir: 3.22E-06 iu: 8.75E-03 rsn: stol

 Step    517 Time=  5.49622E-01 Dt=  7.27497E-06 [hour] conv_reason: 4
  newton =   2 [    1018] linear =     4 [      2062] cuts =  0 [   0]
  --> SNES Linear/Non-Linear Iterations = 4 / 2
  --> SNES Residual: 0.521174E-05 0.993185E-10 0.321865E-05
  --> max change: dpmx=   2.9895E+02

== GEOMECHANICS ================================================================

 Step    517 Time=  5.49622E-01 Dt=  7.27497E-06 [hour] conv_reason: 2
  linear =   140 [     73578] cuts =  0 [   0]

== RICHARDS FLOW ===============================================================
  0 2r: 2.31E-02 2x: 0.00E+00 2u: 0.00E+00 ir: 2.24E-02 iu: 0.00E+00 rsn:   0
  1 2r: 5.17E-06 2x: 1.72E+09 2u: 8.96E+02 ir: 3.22E-06 iu: 2.99E+02 rsn:   0
  2 2r: 5.22E-06 2x: 1.72E+09 2u: 2.63E-02 ir: 3.22E-06 iu: 8.76E-03 rsn: stol

 Step    518 Time=  5.49630E-01 Dt=  7.28656E-06 [hour] conv_reason: 4
  newton =   2 [    1020] linear =     4 [      2066] cuts =  0 [   0]
  --> SNES Linear/Non-Linear Iterations = 4 / 2
  --> SNES Residual: 0.522241E-05 0.995219E-10 0.321865E-05
  --> max change: dpmx=   2.9895E+02

== GEOMECHANICS ================================================================

 Step    518 Time=  5.49630E-01 Dt=  7.28656E-06 [hour] conv_reason: 2
  linear =   139 [     73717] cuts =  0 [   0]

== RICHARDS FLOW ===============================================================
  0 2r: 2.31E-02 2x: 0.00E+00 2u: 0.00E+00 ir: 2.24E-02 iu: 0.00E+00 rsn:   0
  1 2r: 6.84E-06 2x: 1.72E+09 2u: 8.96E+02 ir: 3.81E-06 iu: 2.99E+02 rsn:   0
  2 2r: 5.20E-06 2x: 1.72E+09 2u: 2.63E-02 ir: 3.22E-06 iu: 8.77E-03 rsn: stol

 Step    519 Time=  5.49637E-01 Dt=  7.29819E-06 [hour] conv_reason: 4
  newton =   2 [    1022] linear =     4 [      2070] cuts =  0 [   0]
  --> SNES Linear/Non-Linear Iterations = 4 / 2
  --> SNES Residual: 0.519903E-05 0.990762E-10 0.321865E-05
  --> max change: dpmx=   2.9894E+02

== GEOMECHANICS ================================================================

 Step    519 Time=  5.49637E-01 Dt=  7.29819E-06 [hour] conv_reason: 2
  linear =   143 [     73860] cuts =  0 [   0]

== RICHARDS FLOW ===============================================================
  0 2r: 2.31E-02 2x: 0.00E+00 2u: 0.00E+00 ir: 2.24E-02 iu: 0.00E+00 rsn:   0
  1 2r: 5.30E-06 2x: 1.72E+09 2u: 8.96E+02 ir: 3.22E-06 iu: 2.99E+02 rsn:   0
  2 2r: 5.31E-06 2x: 1.72E+09 2u: 2.63E-02 ir: 3.22E-06 iu: 8.79E-03 rsn: stol

 Step    520 Time=  5.49644E-01 Dt=  7.30986E-06 [hour] conv_reason: 4
  newton =   2 [    1024] linear =     4 [      2074] cuts =  0 [   0]
  --> SNES Linear/Non-Linear Iterations = 4 / 2
  --> SNES Residual: 0.530787E-05 0.101150E-09 0.321865E-05
  --> max change: dpmx=   2.9894E+02

== GEOMECHANICS ================================================================

 Step    520 Time=  5.49644E-01 Dt=  7.30986E-06 [hour] conv_reason: 2
  linear =   147 [     74007] cuts =  0 [   0]

== RICHARDS FLOW ===============================================================
  0 2r: 2.31E-02 2x: 0.00E+00 2u: 0.00E+00 ir: 2.24E-02 iu: 0.00E+00 rsn:   0
  1 2r: 6.88E-06 2x: 1.72E+09 2u: 8.96E+02 ir: 3.81E-06 iu: 2.99E+02 rsn:   0
  2 2r: 7.57E-06 2x: 1.72E+09 2u: 2.64E-02 ir: 3.81E-06 iu: 8.80E-03 rsn: stol

 Step    521 Time=  5.49652E-01 Dt=  7.32156E-06 [hour] conv_reason: 4
  newton =   2 [    1026] linear =     4 [      2078] cuts =  0 [   0]
  --> SNES Linear/Non-Linear Iterations = 4 / 2
  --> SNES Residual: 0.756569E-05 0.144177E-09 0.381470E-05
  --> max change: dpmx=   2.9894E+02

== GEOMECHANICS ================================================================

 Step    521 Time=  5.49652E-01 Dt=  7.32156E-06 [hour] conv_reason: 2
  linear =   138 [     74145] cuts =  0 [   0]

== RICHARDS FLOW ===============================================================
  0 2r: 2.31E-02 2x: 0.00E+00 2u: 0.00E+00 ir: 2.24E-02 iu: 0.00E+00 rsn:   0
  1 2r: 6.65E-06 2x: 1.72E+09 2u: 8.96E+02 ir: 3.81E-06 iu: 2.99E+02 rsn:   0
  2 2r: 5.37E-06 2x: 1.72E+09 2u: 2.64E-02 ir: 3.22E-06 iu: 8.82E-03 rsn: stol

 Step    522 Time=  5.49659E-01 Dt=  7.33330E-06 [hour] conv_reason: 4
  newton =   2 [    1028] linear =     4 [      2082] cuts =  0 [   0]
  --> SNES Linear/Non-Linear Iterations = 4 / 2
  --> SNES Residual: 0.536999E-05 0.102334E-09 0.321865E-05
  --> max change: dpmx=   2.9894E+02

== GEOMECHANICS ================================================================

 Step    522 Time=  5.49659E-01 Dt=  7.33330E-06 [hour] conv_reason: 2
  linear =   139 [     74284] cuts =  0 [   0]

== RICHARDS FLOW ===============================================================
  0 2r: 2.31E-02 2x: 0.00E+00 2u: 0.00E+00 ir: 2.24E-02 iu: 0.00E+00 rsn:   0
  1 2r: 5.45E-06 2x: 1.72E+09 2u: 8.96E+02 ir: 3.22E-06 iu: 2.99E+02 rsn:   0
  2 2r: 5.51E-06 2x: 1.72E+09 2u: 2.65E-02 ir: 3.22E-06 iu: 8.83E-03 rsn: stol

 Step    523 Time=  5.49666E-01 Dt=  7.34508E-06 [hour] conv_reason: 4
  newton =   2 [    1030] linear =     4 [      2086] cuts =  0 [   0]
  --> SNES Linear/Non-Linear Iterations = 4 / 2
  --> SNES Residual: 0.551309E-05 0.105061E-09 0.321865E-05
  --> max change: dpmx=   2.9894E+02

== GEOMECHANICS ================================================================

 Step    523 Time=  5.49666E-01 Dt=  7.34508E-06 [hour] conv_reason: 2
  linear =   135 [     74419] cuts =  0 [   0]

== RICHARDS FLOW ===============================================================
  0 2r: 2.31E-02 2x: 0.00E+00 2u: 0.00E+00 ir: 2.24E-02 iu: 0.00E+00 rsn:   0
  1 2r: 6.61E-06 2x: 1.72E+09 2u: 8.96E+02 ir: 3.81E-06 iu: 2.99E+02 rsn:   0
  2 2r: 9.33E-06 2x: 1.72E+09 2u: 2.65E-02 ir: 7.63E-06 iu: 8.84E-03 rsn: stol

 Step    524 Time=  5.49674E-01 Dt=  7.35690E-06 [hour] conv_reason: 4
  newton =   2 [    1032] linear =     4 [      2090] cuts =  0 [   0]
  --> SNES Linear/Non-Linear Iterations = 4 / 2
  --> SNES Residual: 0.933418E-05 0.177879E-09 0.762939E-05
  --> max change: dpmx=   2.9894E+02

== GEOMECHANICS ================================================================

 Step    524 Time=  5.49674E-01 Dt=  7.35690E-06 [hour] conv_reason: 2
  linear =   140 [     74559] cuts =  0 [   0]

== RICHARDS FLOW ===============================================================
  0 2r: 2.31E-02 2x: 0.00E+00 2u: 0.00E+00 ir: 2.24E-02 iu: 0.00E+00 rsn:   0
  1 2r: 7.18E-06 2x: 1.72E+09 2u: 8.96E+02 ir: 3.81E-06 iu: 2.99E+02 rsn:   0
  2 2r: 5.66E-06 2x: 1.72E+09 2u: 2.66E-02 ir: 3.22E-06 iu: 8.86E-03 rsn: stol

 Step    525 Time=  5.49681E-01 Dt=  7.36875E-06 [hour] conv_reason: 4
  newton =   2 [    1034] linear =     4 [      2094] cuts =  0 [   0]
  --> SNES Linear/Non-Linear Iterations = 4 / 2
  --> SNES Residual: 0.566445E-05 0.107946E-09 0.321865E-05
  --> max change: dpmx=   2.9893E+02

== GEOMECHANICS ================================================================

 Step    525 Time=  5.49681E-01 Dt=  7.36875E-06 [hour] conv_reason: 2
  linear =   142 [     74701] cuts =  0 [   0]

== RICHARDS FLOW ===============================================================
  0 2r: 2.31E-02 2x: 0.00E+00 2u: 0.00E+00 ir: 2.24E-02 iu: 0.00E+00 rsn:   0
  1 2r: 6.48E-06 2x: 1.72E+09 2u: 8.96E+02 ir: 3.81E-06 iu: 2.99E+02 rsn:   0
  2 2r: 5.73E-06 2x: 1.72E+09 2u: 2.66E-02 ir: 3.22E-06 iu: 8.87E-03 rsn: stol

 Step    526 Time=  5.49688E-01 Dt=  7.38065E-06 [hour] conv_reason: 4
  newton =   2 [    1036] linear =     4 [      2098] cuts =  0 [   0]
  --> SNES Linear/Non-Linear Iterations = 4 / 2
  --> SNES Residual: 0.572753E-05 0.109148E-09 0.321865E-05
  --> max change: dpmx=   2.9893E+02

== GEOMECHANICS ================================================================

 Step    526 Time=  5.49688E-01 Dt=  7.38065E-06 [hour] conv_reason: 2
  linear =   138 [     74839] cuts =  0 [   0]

== RICHARDS FLOW ===============================================================
  0 2r: 2.31E-02 2x: 0.00E+00 2u: 0.00E+00 ir: 2.24E-02 iu: 0.00E+00 rsn:   0
  1 2r: 7.12E-06 2x: 1.72E+09 2u: 8.96E+02 ir: 3.81E-06 iu: 2.99E+02 rsn:   0
  2 2r: 6.75E-06 2x: 1.72E+09 2u: 2.66E-02 ir: 3.22E-06 iu: 8.89E-03 rsn: stol

 Step    527 Time=  5.49696E-01 Dt=  7.39258E-06 [hour] conv_reason: 4
  newton =   2 [    1038] linear =     4 [      2102] cuts =  0 [   0]
  --> SNES Linear/Non-Linear Iterations = 4 / 2
  --> SNES Residual: 0.675070E-05 0.128646E-09 0.321865E-05
  --> max change: dpmx=   2.9893E+02

== GEOMECHANICS ================================================================

 Step    527 Time=  5.49696E-01 Dt=  7.39258E-06 [hour] conv_reason: 2
  linear =   138 [     74977] cuts =  0 [   0]

== RICHARDS FLOW ===============================================================
  0 2r: 2.31E-02 2x: 0.00E+00 2u: 0.00E+00 ir: 2.24E-02 iu: 0.00E+00 rsn:   0
  1 2r: 6.03E-06 2x: 1.72E+09 2u: 8.96E+02 ir: 3.22E-06 iu: 2.99E+02 rsn:   0
  2 2r: 5.51E-06 2x: 1.72E+09 2u: 2.67E-02 ir: 3.22E-06 iu: 8.90E-03 rsn: stol

 Step    528 Time=  5.49703E-01 Dt=  7.40455E-06 [hour] conv_reason: 4
  newton =   2 [    1040] linear =     4 [      2106] cuts =  0 [   0]
  --> SNES Linear/Non-Linear Iterations = 4 / 2
  --> SNES Residual: 0.550829E-05 0.104970E-09 0.321865E-05
  --> max change: dpmx=   2.9893E+02

== GEOMECHANICS ================================================================

 Step    528 Time=  5.49703E-01 Dt=  7.40455E-06 [hour] conv_reason: 2
  linear =   150 [     75127] cuts =  0 [   0]

== RICHARDS FLOW ===============================================================
  0 2r: 2.31E-02 2x: 0.00E+00 2u: 0.00E+00 ir: 2.24E-02 iu: 0.00E+00 rsn:   0
  1 2r: 7.69E-06 2x: 1.72E+09 2u: 8.96E+02 ir: 3.81E-06 iu: 2.99E+02 rsn:   0
  2 2r: 8.73E-06 2x: 1.72E+09 2u: 2.67E-02 ir: 3.81E-06 iu: 8.92E-03 rsn: stol

 Step    529 Time=  5.49711E-01 Dt=  7.41656E-06 [hour] conv_reason: 4
  newton =   2 [    1042] linear =     4 [      2110] cuts =  0 [   0]
  --> SNES Linear/Non-Linear Iterations = 4 / 2
  --> SNES Residual: 0.873189E-05 0.166401E-09 0.381470E-05
  --> max change: dpmx=   2.9893E+02

== GEOMECHANICS ================================================================

 Step    529 Time=  5.49711E-01 Dt=  7.41656E-06 [hour] conv_reason: 2
  linear =   139 [     75266] cuts =  0 [   0]

== RICHARDS FLOW ===============================================================
  0 2r: 2.31E-02 2x: 0.00E+00 2u: 0.00E+00 ir: 2.24E-02 iu: 0.00E+00 rsn:   0
  1 2r: 6.89E-06 2x: 1.72E+09 2u: 8.96E+02 ir: 3.81E-06 iu: 2.99E+02 rsn:   0
  2 2r: 6.94E-06 2x: 1.72E+09 2u: 2.68E-02 ir: 3.81E-06 iu: 8.93E-03 rsn: stol

 Step    530 Time=  5.49718E-01 Dt=  7.42861E-06 [hour] conv_reason: 4
  newton =   2 [    1044] linear =     4 [      2114] cuts =  0 [   0]
  --> SNES Linear/Non-Linear Iterations = 4 / 2
  --> SNES Residual: 0.694053E-05 0.132264E-09 0.381470E-05
  --> max change: dpmx=   2.9893E+02

== GEOMECHANICS ================================================================

 Step    530 Time=  5.49718E-01 Dt=  7.42861E-06 [hour] conv_reason: 2
  linear =   146 [     75412] cuts =  0 [   0]

== RICHARDS FLOW ===============================================================
  0 2r: 2.31E-02 2x: 0.00E+00 2u: 0.00E+00 ir: 2.24E-02 iu: 0.00E+00 rsn:   0
  1 2r: 7.12E-06 2x: 1.72E+09 2u: 8.96E+02 ir: 3.22E-06 iu: 2.99E+02 rsn:   0
  2 2r: 7.73E-06 2x: 1.72E+09 2u: 2.68E-02 ir: 3.22E-06 iu: 8.95E-03 rsn: stol

 Step    531 Time=  5.49725E-01 Dt=  7.44069E-06 [hour] conv_reason: 4
  newton =   2 [    1046] linear =     4 [      2118] cuts =  0 [   0]
  --> SNES Linear/Non-Linear Iterations = 4 / 2
  --> SNES Residual: 0.772803E-05 0.147271E-09 0.321865E-05
  --> max change: dpmx=   2.9893E+02

== GEOMECHANICS ================================================================

 Step    531 Time=  5.49725E-01 Dt=  7.44069E-06 [hour] conv_reason: 2
  linear =   138 [     75550] cuts =  0 [   0]

== RICHARDS FLOW ===============================================================
  0 2r: 2.31E-02 2x: 0.00E+00 2u: 0.00E+00 ir: 2.24E-02 iu: 0.00E+00 rsn:   0
  1 2r: 7.29E-06 2x: 1.72E+09 2u: 8.96E+02 ir: 3.81E-06 iu: 2.99E+02 rsn:   0
  2 2r: 7.29E-06 2x: 1.72E+09 2u: 2.69E-02 ir: 3.81E-06 iu: 8.96E-03 rsn: stol

 Step    532 Time=  5.49733E-01 Dt=  7.45282E-06 [hour] conv_reason: 4
  newton =   2 [    1048] linear =     4 [      2122] cuts =  0 [   0]
  --> SNES Linear/Non-Linear Iterations = 4 / 2
  --> SNES Residual: 0.729298E-05 0.138980E-09 0.381470E-05
  --> max change: dpmx=   2.9892E+02

== GEOMECHANICS ================================================================

 Step    532 Time=  5.49733E-01 Dt=  7.45282E-06 [hour] conv_reason: 2
  linear =   148 [     75698] cuts =  0 [   0]

== RICHARDS FLOW ===============================================================
  0 2r: 2.31E-02 2x: 0.00E+00 2u: 0.00E+00 ir: 2.24E-02 iu: 0.00E+00 rsn:   0
  1 2r: 7.26E-06 2x: 1.72E+09 2u: 8.96E+02 ir: 3.81E-06 iu: 2.99E+02 rsn:   0
  2 2r: 6.00E-06 2x: 1.72E+09 2u: 2.69E-02 ir: 3.22E-06 iu: 8.98E-03 rsn: stol

 Step    533 Time=  5.49740E-01 Dt=  7.46499E-06 [hour] conv_reason: 4
  newton =   2 [    1050] linear =     4 [      2126] cuts =  0 [   0]
  --> SNES Linear/Non-Linear Iterations = 4 / 2
  --> SNES Residual: 0.600287E-05 0.114395E-09 0.321865E-05
  --> max change: dpmx=   2.9892E+02

== GEOMECHANICS ================================================================

 Step    533 Time=  5.49740E-01 Dt=  7.46499E-06 [hour] conv_reason: 2
  linear =   138 [     75836] cuts =  0 [   0]

== RICHARDS FLOW ===============================================================
  0 2r: 2.31E-02 2x: 0.00E+00 2u: 0.00E+00 ir: 2.24E-02 iu: 0.00E+00 rsn:   0
  1 2r: 6.44E-06 2x: 1.72E+09 2u: 8.96E+02 ir: 3.22E-06 iu: 2.99E+02 rsn:   0
  2 2r: 6.03E-06 2x: 1.72E+09 2u: 2.70E-02 ir: 3.22E-06 iu: 8.99E-03 rsn: stol

 Step    534 Time=  5.49748E-01 Dt=  7.47719E-06 [hour] conv_reason: 4
  newton =   2 [    1052] linear =     4 [      2130] cuts =  0 [   0]
  --> SNES Linear/Non-Linear Iterations = 4 / 2
  --> SNES Residual: 0.603475E-05 0.115002E-09 0.321865E-05
  --> max change: dpmx=   2.9892E+02

== GEOMECHANICS ================================================================

 Step    534 Time=  5.49748E-01 Dt=  7.47719E-06 [hour] conv_reason: 2
  linear =   139 [     75975] cuts =  0 [   0]

== RICHARDS FLOW ===============================================================
  0 2r: 2.31E-02 2x: 0.00E+00 2u: 0.00E+00 ir: 2.24E-02 iu: 0.00E+00 rsn:   0
  1 2r: 6.73E-06 2x: 1.72E+09 2u: 8.96E+02 ir: 3.22E-06 iu: 2.99E+02 rsn:   0
  2 2r: 6.71E-06 2x: 1.72E+09 2u: 2.70E-02 ir: 3.22E-06 iu: 9.00E-03 rsn: stol

 Step    535 Time=  5.49755E-01 Dt=  7.48944E-06 [hour] conv_reason: 4
  newton =   2 [    1054] linear =     4 [      2134] cuts =  0 [   0]
  --> SNES Linear/Non-Linear Iterations = 4 / 2
  --> SNES Residual: 0.670923E-05 0.127856E-09 0.321865E-05
  --> max change: dpmx=   2.9892E+02

== GEOMECHANICS ================================================================

 Step    535 Time=  5.49755E-01 Dt=  7.48944E-06 [hour] conv_reason: 2
  linear =   143 [     76118] cuts =  0 [   0]

== RICHARDS FLOW ===============================================================
  0 2r: 2.31E-02 2x: 0.00E+00 2u: 0.00E+00 ir: 2.24E-02 iu: 0.00E+00 rsn:   0
  1 2r: 6.65E-06 2x: 1.72E+09 2u: 8.96E+02 ir: 3.22E-06 iu: 2.99E+02 rsn:   0
  2 2r: 7.28E-06 2x: 1.72E+09 2u: 2.70E-02 ir: 3.22E-06 iu: 9.02E-03 rsn: stol

 Step    536 Time=  5.49763E-01 Dt=  7.50172E-06 [hour] conv_reason: 4
  newton =   2 [    1056] linear =     4 [      2138] cuts =  0 [   0]
  --> SNES Linear/Non-Linear Iterations = 4 / 2
  --> SNES Residual: 0.728416E-05 0.138812E-09 0.321865E-05
  --> max change: dpmx=   2.9892E+02

== GEOMECHANICS ================================================================

 Step    536 Time=  5.49763E-01 Dt=  7.50172E-06 [hour] conv_reason: 2
  linear =   162 [     76280] cuts =  0 [   0]

== RICHARDS FLOW ===============================================================
  0 2r: 2.31E-02 2x: 0.00E+00 2u: 0.00E+00 ir: 2.24E-02 iu: 0.00E+00 rsn:   0
  1 2r: 6.56E-06 2x: 1.72E+09 2u: 8.96E+02 ir: 3.22E-06 iu: 2.99E+02 rsn:   0
  2 2r: 6.15E-06 2x: 1.72E+09 2u: 2.71E-02 ir: 3.22E-06 iu: 9.03E-03 rsn: stol

 Step    537 Time=  5.49770E-01 Dt=  7.51405E-06 [hour] conv_reason: 4
  newton =   2 [    1058] linear =     4 [      2142] cuts =  0 [   0]
  --> SNES Linear/Non-Linear Iterations = 4 / 2
  --> SNES Residual: 0.615060E-05 0.117210E-09 0.321865E-05
  --> max change: dpmx=   2.9892E+02

== GEOMECHANICS ================================================================

 Step    537 Time=  5.49770E-01 Dt=  7.51405E-06 [hour] conv_reason: 2
  linear =   140 [     76420] cuts =  0 [   0]

== RICHARDS FLOW ===============================================================
  0 2r: 2.31E-02 2x: 0.00E+00 2u: 0.00E+00 ir: 2.24E-02 iu: 0.00E+00 rsn:   0
  1 2r: 7.27E-06 2x: 1.72E+09 2u: 8.96E+02 ir: 3.22E-06 iu: 2.99E+02 rsn:   0
  2 2r: 7.48E-06 2x: 1.72E+09 2u: 2.71E-02 ir: 3.22E-06 iu: 9.05E-03 rsn: stol

 Step    538 Time=  5.49778E-01 Dt=  7.52641E-06 [hour] conv_reason: 4
  newton =   2 [    1060] linear =     4 [      2146] cuts =  0 [   0]
  --> SNES Linear/Non-Linear Iterations = 4 / 2
  --> SNES Residual: 0.747792E-05 0.142504E-09 0.321865E-05
  --> max change: dpmx=   2.9891E+02

== GEOMECHANICS ================================================================

 Step    538 Time=  5.49778E-01 Dt=  7.52641E-06 [hour] conv_reason: 2
  linear =   148 [     76568] cuts =  0 [   0]

== RICHARDS FLOW ===============================================================
  0 2r: 2.31E-02 2x: 0.00E+00 2u: 0.00E+00 ir: 2.24E-02 iu: 0.00E+00 rsn:   0
  1 2r: 7.58E-06 2x: 1.72E+09 2u: 8.96E+02 ir: 3.81E-06 iu: 2.99E+02 rsn:   0
  2 2r: 8.16E-06 2x: 1.72E+09 2u: 2.72E-02 ir: 3.81E-06 iu: 9.06E-03 rsn: stol

 Step    539 Time=  5.49785E-01 Dt=  7.53882E-06 [hour] conv_reason: 4
  newton =   2 [    1062] linear =     4 [      2150] cuts =  0 [   0]
  --> SNES Linear/Non-Linear Iterations = 4 / 2
  --> SNES Residual: 0.815846E-05 0.155473E-09 0.381470E-05
  --> max change: dpmx=   2.9891E+02

== GEOMECHANICS ================================================================

 Step    539 Time=  5.49785E-01 Dt=  7.53882E-06 [hour] conv_reason: 2
  linear =   141 [     76709] cuts =  0 [   0]

== RICHARDS FLOW ===============================================================
  0 2r: 2.31E-02 2x: 0.00E+00 2u: 0.00E+00 ir: 2.24E-02 iu: 0.00E+00 rsn:   0
  1 2r: 1.05E-05 2x: 1.72E+09 2u: 8.96E+02 ir: 7.63E-06 iu: 2.99E+02 rsn:   0
  2 2r: 8.89E-06 2x: 1.72E+09 2u: 2.72E-02 ir: 3.81E-06 iu: 9.08E-03 rsn: stol

 Step    540 Time=  5.49793E-01 Dt=  7.55127E-06 [hour] conv_reason: 4
  newton =   2 [    1064] linear =     4 [      2154] cuts =  0 [   0]
  --> SNES Linear/Non-Linear Iterations = 4 / 2
  --> SNES Residual: 0.889373E-05 0.169485E-09 0.381470E-05
  --> max change: dpmx=   2.9891E+02

== GEOMECHANICS ================================================================

 Step    540 Time=  5.49793E-01 Dt=  7.55127E-06 [hour] conv_reason: 2
  linear =   146 [     76855] cuts =  0 [   0]

== RICHARDS FLOW ===============================================================
  0 2r: 2.31E-02 2x: 0.00E+00 2u: 0.00E+00 ir: 2.24E-02 iu: 0.00E+00 rsn:   0
  1 2r: 7.64E-06 2x: 1.72E+09 2u: 8.96E+02 ir: 3.81E-06 iu: 2.99E+02 rsn:   0
  2 2r: 7.27E-06 2x: 1.72E+09 2u: 2.73E-02 ir: 3.81E-06 iu: 9.09E-03 rsn: stol

 Step    541 Time=  5.49800E-01 Dt=  7.56376E-06 [hour] conv_reason: 4
  newton =   2 [    1066] linear =     4 [      2158] cuts =  0 [   0]
  --> SNES Linear/Non-Linear Iterations = 4 / 2
  --> SNES Residual: 0.726701E-05 0.138485E-09 0.381470E-05
  --> max change: dpmx=   2.9891E+02

== GEOMECHANICS ================================================================

 Step    541 Time=  5.49800E-01 Dt=  7.56376E-06 [hour] conv_reason: 2
  linear =   142 [     76997] cuts =  0 [   0]

== RICHARDS FLOW ===============================================================
  0 2r: 2.31E-02 2x: 0.00E+00 2u: 0.00E+00 ir: 2.24E-02 iu: 0.00E+00 rsn:   0
  1 2r: 6.45E-06 2x: 1.72E+09 2u: 8.96E+02 ir: 3.22E-06 iu: 2.99E+02 rsn:   0
  2 2r: 6.53E-06 2x: 1.72E+09 2u: 2.73E-02 ir: 3.22E-06 iu: 9.11E-03 rsn: stol

 Step    542 Time=  5.49808E-01 Dt=  7.57629E-06 [hour] conv_reason: 4
  newton =   2 [    1068] linear =     4 [      2162] cuts =  0 [   0]
  --> SNES Linear/Non-Linear Iterations = 4 / 2
  --> SNES Residual: 0.652559E-05 0.124356E-09 0.321865E-05
  --> max change: dpmx=   2.9891E+02

== GEOMECHANICS ================================================================

 Step    542 Time=  5.49808E-01 Dt=  7.57629E-06 [hour] conv_reason: 2
  linear =   145 [     77142] cuts =  0 [   0]

== RICHARDS FLOW ===============================================================
  0 2r: 2.31E-02 2x: 0.00E+00 2u: 0.00E+00 ir: 2.24E-02 iu: 0.00E+00 rsn:   0
  1 2r: 8.09E-06 2x: 1.72E+09 2u: 8.96E+02 ir: 3.81E-06 iu: 2.99E+02 rsn:   0
  2 2r: 8.07E-06 2x: 1.72E+09 2u: 2.74E-02 ir: 3.81E-06 iu: 9.12E-03 rsn: stol

 Step    543 Time=  5.49816E-01 Dt=  7.58886E-06 [hour] conv_reason: 4
  newton =   2 [    1070] linear =     4 [      2166] cuts =  0 [   0]
  --> SNES Linear/Non-Linear Iterations = 4 / 2
  --> SNES Residual: 0.806742E-05 0.153738E-09 0.381470E-05
  --> max change: dpmx=   2.9891E+02

== GEOMECHANICS ================================================================

 Step    543 Time=  5.49816E-01 Dt=  7.58886E-06 [hour] conv_reason: 2
  linear =   148 [     77290] cuts =  0 [   0]

== RICHARDS FLOW ===============================================================
  0 2r: 2.31E-02 2x: 0.00E+00 2u: 0.00E+00 ir: 2.24E-02 iu: 0.00E+00 rsn:   0
  1 2r: 7.88E-06 2x: 1.72E+09 2u: 8.96E+02 ir: 3.81E-06 iu: 2.99E+02 rsn:   0
  2 2r: 1.08E-05 2x: 1.72E+09 2u: 2.74E-02 ir: 7.63E-06 iu: 9.14E-03 rsn: stol

 Step    544 Time=  5.49823E-01 Dt=  7.60147E-06 [hour] conv_reason: 4
  newton =   2 [    1072] linear =     4 [      2170] cuts =  0 [   0]
  --> SNES Linear/Non-Linear Iterations = 4 / 2
  --> SNES Residual: 0.107724E-04 0.205287E-09 0.762939E-05
  --> max change: dpmx=   2.9890E+02

== GEOMECHANICS ================================================================

 Step    544 Time=  5.49823E-01 Dt=  7.60147E-06 [hour] conv_reason: 2
  linear =   147 [     77437] cuts =  0 [   0]

== RICHARDS FLOW ===============================================================
  0 2r: 2.31E-02 2x: 0.00E+00 2u: 0.00E+00 ir: 2.24E-02 iu: 0.00E+00 rsn:   0
  1 2r: 1.05E-05 2x: 1.72E+09 2u: 8.96E+02 ir: 7.63E-06 iu: 2.99E+02 rsn:   0
  2 2r: 1.05E-05 2x: 1.72E+09 2u: 2.75E-02 ir: 7.63E-06 iu: 9.16E-03 rsn: stol

 Step    545 Time=  5.49831E-01 Dt=  7.61413E-06 [hour] conv_reason: 4
  newton =   2 [    1074] linear =     4 [      2174] cuts =  0 [   0]
  --> SNES Linear/Non-Linear Iterations = 4 / 2
  --> SNES Residual: 0.104556E-04 0.199250E-09 0.762939E-05
  --> max change: dpmx=   2.9890E+02

== GEOMECHANICS ================================================================

 Step    545 Time=  5.49831E-01 Dt=  7.61413E-06 [hour] conv_reason: 2
  linear =   142 [     77579] cuts =  0 [   0]

== RICHARDS FLOW ===============================================================
  0 2r: 2.31E-02 2x: 0.00E+00 2u: 0.00E+00 ir: 2.24E-02 iu: 0.00E+00 rsn:   0
  1 2r: 1.06E-05 2x: 1.72E+09 2u: 8.96E+02 ir: 7.63E-06 iu: 2.99E+02 rsn:   0
  2 2r: 1.03E-05 2x: 1.72E+09 2u: 2.75E-02 ir: 7.63E-06 iu: 9.17E-03 rsn: stol

 Step    546 Time=  5.49838E-01 Dt=  7.62682E-06 [hour] conv_reason: 4
  newton =   2 [    1076] linear =     4 [      2178] cuts =  0 [   0]
  --> SNES Linear/Non-Linear Iterations = 4 / 2
  --> SNES Residual: 0.102850E-04 0.195997E-09 0.762939E-05
  --> max change: dpmx=   2.9890E+02

== GEOMECHANICS ================================================================

 Step    546 Time=  5.49838E-01 Dt=  7.62682E-06 [hour] conv_reason: 2
  linear =   158 [     77737] cuts =  0 [   0]

== RICHARDS FLOW ===============================================================
  0 2r: 2.31E-02 2x: 0.00E+00 2u: 0.00E+00 ir: 2.25E-02 iu: 0.00E+00 rsn:   0
  1 2r: 9.93E-06 2x: 1.72E+09 2u: 8.96E+02 ir: 7.63E-06 iu: 2.99E+02 rsn:   0
  2 2r: 1.03E-05 2x: 1.72E+09 2u: 2.75E-02 ir: 7.63E-06 iu: 9.19E-03 rsn: stol

 Step    547 Time=  5.49846E-01 Dt=  7.63956E-06 [hour] conv_reason: 4
  newton =   2 [    1078] linear =     4 [      2182] cuts =  0 [   0]
  --> SNES Linear/Non-Linear Iterations = 4 / 2
  --> SNES Residual: 0.102999E-04 0.196281E-09 0.762939E-05
  --> max change: dpmx=   2.9890E+02

== GEOMECHANICS ================================================================

 Step    547 Time=  5.49846E-01 Dt=  7.63956E-06 [hour] conv_reason: 2
  linear =   139 [     77876] cuts =  0 [   0]

== RICHARDS FLOW ===============================================================
  0 2r: 2.31E-02 2x: 0.00E+00 2u: 0.00E+00 ir: 2.25E-02 iu: 0.00E+00 rsn:   0
  1 2r: 8.49E-06 2x: 1.72E+09 2u: 8.96E+02 ir: 3.81E-06 iu: 2.99E+02 rsn:   0
  2 2r: 7.57E-06 2x: 1.72E+09 2u: 2.76E-02 ir: 3.22E-06 iu: 9.20E-03 rsn: stol

 Step    548 Time=  5.49854E-01 Dt=  7.65234E-06 [hour] conv_reason: 4
  newton =   2 [    1080] linear =     4 [      2186] cuts =  0 [   0]
  --> SNES Linear/Non-Linear Iterations = 4 / 2
  --> SNES Residual: 0.757365E-05 0.144329E-09 0.321865E-05
  --> max change: dpmx=   2.9890E+02

== GEOMECHANICS ================================================================

 Step    548 Time=  5.49854E-01 Dt=  7.65234E-06 [hour] conv_reason: 2
  linear =   139 [     78015] cuts =  0 [   0]

== RICHARDS FLOW ===============================================================
  0 2r: 2.31E-02 2x: 0.00E+00 2u: 0.00E+00 ir: 2.25E-02 iu: 0.00E+00 rsn:   0
  1 2r: 7.91E-06 2x: 1.72E+09 2u: 8.96E+02 ir: 3.81E-06 iu: 2.99E+02 rsn:   0
  2 2r: 8.52E-06 2x: 1.72E+09 2u: 2.76E-02 ir: 3.81E-06 iu: 9.22E-03 rsn: stol

 Step    549 Time=  5.49861E-01 Dt=  7.66517E-06 [hour] conv_reason: 4
  newton =   2 [    1082] linear =     4 [      2190] cuts =  0 [   0]
  --> SNES Linear/Non-Linear Iterations = 4 / 2
  --> SNES Residual: 0.851677E-05 0.162302E-09 0.381470E-05
  --> max change: dpmx=   2.9890E+02

== GEOMECHANICS ================================================================

 Step    549 Time=  5.49861E-01 Dt=  7.66517E-06 [hour] conv_reason: 2
  linear =   148 [     78163] cuts =  0 [   0]

== RICHARDS FLOW ===============================================================
  0 2r: 2.31E-02 2x: 0.00E+00 2u: 0.00E+00 ir: 2.25E-02 iu: 0.00E+00 rsn:   0
  1 2r: 7.86E-06 2x: 1.72E+09 2u: 8.96E+02 ir: 3.81E-06 iu: 2.99E+02 rsn:   0
  2 2r: 6.82E-06 2x: 1.72E+09 2u: 2.77E-02 ir: 3.22E-06 iu: 9.23E-03 rsn: stol

 Step    550 Time=  5.49869E-01 Dt=  7.67803E-06 [hour] conv_reason: 4
  newton =   2 [    1084] linear =     4 [      2194] cuts =  0 [   0]
  --> SNES Linear/Non-Linear Iterations = 4 / 2
  --> SNES Residual: 0.681994E-05 0.129966E-09 0.321865E-05
  --> max change: dpmx=   2.9889E+02

== GEOMECHANICS ================================================================

 Step    550 Time=  5.49869E-01 Dt=  7.67803E-06 [hour] conv_reason: 2
  linear =   141 [     78304] cuts =  0 [   0]

== RICHARDS FLOW ===============================================================
  0 2r: 2.31E-02 2x: 0.00E+00 2u: 0.00E+00 ir: 2.25E-02 iu: 0.00E+00 rsn:   0
  1 2r: 8.47E-06 2x: 1.72E+09 2u: 8.96E+02 ir: 3.81E-06 iu: 2.99E+02 rsn:   0
  2 2r: 8.56E-06 2x: 1.72E+09 2u: 2.77E-02 ir: 3.81E-06 iu: 9.25E-03 rsn: stol

 Step    551 Time=  5.49877E-01 Dt=  7.69094E-06 [hour] conv_reason: 4
  newton =   2 [    1086] linear =     4 [      2198] cuts =  0 [   0]
  --> SNES Linear/Non-Linear Iterations = 4 / 2
  --> SNES Residual: 0.855719E-05 0.163072E-09 0.381470E-05
  --> max change: dpmx=   2.9889E+02

== GEOMECHANICS ================================================================

 Step    551 Time=  5.49877E-01 Dt=  7.69094E-06 [hour] conv_reason: 2
  linear =   140 [     78444] cuts =  0 [   0]

== RICHARDS FLOW ===============================================================
  0 2r: 2.32E-02 2x: 0.00E+00 2u: 0.00E+00 ir: 2.25E-02 iu: 0.00E+00 rsn:   0
  1 2r: 7.56E-06 2x: 1.72E+09 2u: 8.96E+02 ir: 3.22E-06 iu: 2.99E+02 rsn:   0
  2 2r: 7.06E-06 2x: 1.72E+09 2u: 2.78E-02 ir: 3.22E-06 iu: 9.26E-03 rsn: stol

 Step    552 Time=  5.49885E-01 Dt=  7.70390E-06 [hour] conv_reason: 4
  newton =   2 [    1088] linear =     4 [      2202] cuts =  0 [   0]
  --> SNES Linear/Non-Linear Iterations = 4 / 2
  --> SNES Residual: 0.706327E-05 0.134603E-09 0.321865E-05
  --> max change: dpmx=   2.9889E+02

== GEOMECHANICS ================================================================

 Step    552 Time=  5.49885E-01 Dt=  7.70390E-06 [hour] conv_reason: 2
  linear =   140 [     78584] cuts =  0 [   0]

== RICHARDS FLOW ===============================================================
  0 2r: 2.32E-02 2x: 0.00E+00 2u: 0.00E+00 ir: 2.25E-02 iu: 0.00E+00 rsn:   0
  1 2r: 7.81E-06 2x: 1.72E+09 2u: 8.96E+02 ir: 3.81E-06 iu: 2.99E+02 rsn:   0
  2 2r: 1.33E-05 2x: 1.72E+09 2u: 2.78E-02 ir: 1.14E-05 iu: 9.28E-03 rsn: stol

 Step    553 Time=  5.49892E-01 Dt=  7.71690E-06 [hour] conv_reason: 4
  newton =   2 [    1090] linear =     4 [      2206] cuts =  0 [   0]
  --> SNES Linear/Non-Linear Iterations = 4 / 2
  --> SNES Residual: 0.133034E-04 0.253519E-09 0.114441E-04
  --> max change: dpmx=   2.9889E+02

== GEOMECHANICS ================================================================

 Step    553 Time=  5.49892E-01 Dt=  7.71690E-06 [hour] conv_reason: 2
  linear =   140 [     78724] cuts =  0 [   0]

== RICHARDS FLOW ===============================================================
  0 2r: 2.32E-02 2x: 0.00E+00 2u: 0.00E+00 ir: 2.25E-02 iu: 0.00E+00 rsn:   0
  1 2r: 1.11E-05 2x: 1.72E+09 2u: 8.96E+02 ir: 7.63E-06 iu: 2.99E+02 rsn:   0
  2 2r: 1.10E-05 2x: 1.72E+09 2u: 2.79E-02 ir: 7.63E-06 iu: 9.30E-03 rsn: stol

 Step    554 Time=  5.49900E-01 Dt=  7.72994E-06 [hour] conv_reason: 4
  newton =   2 [    1092] linear =     4 [      2210] cuts =  0 [   0]
  --> SNES Linear/Non-Linear Iterations = 4 / 2
  --> SNES Residual: 0.109542E-04 0.208750E-09 0.762939E-05
  --> max change: dpmx=   2.9889E+02

== GEOMECHANICS ================================================================

 Step    554 Time=  5.49900E-01 Dt=  7.72994E-06 [hour] conv_reason: 2
  linear =   146 [     78870] cuts =  0 [   0]

== RICHARDS FLOW ===============================================================
  0 2r: 2.32E-02 2x: 0.00E+00 2u: 0.00E+00 ir: 2.25E-02 iu: 0.00E+00 rsn:   0
  1 2r: 1.05E-05 2x: 1.72E+09 2u: 8.96E+02 ir: 7.63E-06 iu: 2.99E+02 rsn:   0
  2 2r: 8.08E-06 2x: 1.72E+09 2u: 2.79E-02 ir: 3.81E-06 iu: 9.31E-03 rsn: stol

 Step    555 Time=  5.49908E-01 Dt=  7.74302E-06 [hour] conv_reason: 4
  newton =   2 [    1094] linear =     4 [      2214] cuts =  0 [   0]
  --> SNES Linear/Non-Linear Iterations = 4 / 2
  --> SNES Residual: 0.808393E-05 0.154053E-09 0.381470E-05
  --> max change: dpmx=   2.9889E+02

== GEOMECHANICS ================================================================

 Step    555 Time=  5.49908E-01 Dt=  7.74302E-06 [hour] conv_reason: 2
  linear =   139 [     79009] cuts =  0 [   0]

== RICHARDS FLOW ===============================================================
  0 2r: 2.32E-02 2x: 0.00E+00 2u: 0.00E+00 ir: 2.25E-02 iu: 0.00E+00 rsn:   0
  1 2r: 1.10E-05 2x: 1.72E+09 2u: 8.96E+02 ir: 7.63E-06 iu: 2.99E+02 rsn:   0
  2 2r: 8.64E-06 2x: 1.72E+09 2u: 2.80E-02 ir: 3.81E-06 iu: 9.33E-03 rsn: stol

 Step    556 Time=  5.49915E-01 Dt=  7.75615E-06 [hour] conv_reason: 4
  newton =   2 [    1096] linear =     4 [      2218] cuts =  0 [   0]
  --> SNES Linear/Non-Linear Iterations = 4 / 2
  --> SNES Residual: 0.863704E-05 0.164593E-09 0.381470E-05
  --> max change: dpmx=   2.9888E+02

== GEOMECHANICS ================================================================

 Step    556 Time=  5.49915E-01 Dt=  7.75615E-06 [hour] conv_reason: 2
  linear =   150 [     79159] cuts =  0 [   0]

== RICHARDS FLOW ===============================================================
  0 2r: 2.32E-02 2x: 0.00E+00 2u: 0.00E+00 ir: 2.25E-02 iu: 0.00E+00 rsn:   0
  1 2r: 7.63E-06 2x: 1.72E+09 2u: 8.96E+02 ir: 3.22E-06 iu: 2.99E+02 rsn:   0
  2 2r: 8.29E-06 2x: 1.72E+09 2u: 2.80E-02 ir: 3.22E-06 iu: 9.34E-03 rsn: stol

 Step    557 Time=  5.49923E-01 Dt=  7.76932E-06 [hour] conv_reason: 4
  newton =   2 [    1098] linear =     4 [      2222] cuts =  0 [   0]
  --> SNES Linear/Non-Linear Iterations = 4 / 2
  --> SNES Residual: 0.829200E-05 0.158018E-09 0.321865E-05
  --> max change: dpmx=   2.9888E+02

== GEOMECHANICS ================================================================

 Step    557 Time=  5.49923E-01 Dt=  7.76932E-06 [hour] conv_reason: 2
  linear =   158 [     79317] cuts =  0 [   0]

== RICHARDS FLOW ===============================================================
  0 2r: 2.32E-02 2x: 0.00E+00 2u: 0.00E+00 ir: 2.25E-02 iu: 0.00E+00 rsn:   0
  1 2r: 8.91E-06 2x: 1.72E+09 2u: 8.96E+02 ir: 3.81E-06 iu: 2.99E+02 rsn:   0
  2 2r: 8.84E-06 2x: 1.72E+09 2u: 2.81E-02 ir: 3.81E-06 iu: 9.36E-03 rsn: stol

 Step    558 Time=  5.49931E-01 Dt=  7.78254E-06 [hour] conv_reason: 4
  newton =   2 [    1100] linear =     4 [      2226] cuts =  0 [   0]
  --> SNES Linear/Non-Linear Iterations = 4 / 2
  --> SNES Residual: 0.883811E-05 0.168425E-09 0.381470E-05
  --> max change: dpmx=   2.9888E+02

== GEOMECHANICS ================================================================

 Step    558 Time=  5.49931E-01 Dt=  7.78254E-06 [hour] conv_reason: 2
  linear =   147 [     79464] cuts =  0 [   0]

== RICHARDS FLOW ===============================================================
  0 2r: 2.32E-02 2x: 0.00E+00 2u: 0.00E+00 ir: 2.25E-02 iu: 0.00E+00 rsn:   0
  1 2r: 7.84E-06 2x: 1.72E+09 2u: 8.96E+02 ir: 3.22E-06 iu: 2.99E+02 rsn:   0
  2 2r: 7.45E-06 2x: 1.72E+09 2u: 2.81E-02 ir: 3.22E-06 iu: 9.37E-03 rsn: stol

 Step    559 Time=  5.49939E-01 Dt=  7.79581E-06 [hour] conv_reason: 4
  newton =   2 [    1102] linear =     4 [      2230] cuts =  0 [   0]
  --> SNES Linear/Non-Linear Iterations = 4 / 2
  --> SNES Residual: 0.744983E-05 0.141969E-09 0.321865E-05
  --> max change: dpmx=   2.9888E+02

== GEOMECHANICS ================================================================

 Step    559 Time=  5.49939E-01 Dt=  7.79581E-06 [hour] conv_reason: 2
  linear =   146 [     79610] cuts =  0 [   0]

== RICHARDS FLOW ===============================================================
  0 2r: 2.32E-02 2x: 0.00E+00 2u: 0.00E+00 ir: 2.25E-02 iu: 0.00E+00 rsn:   0
  1 2r: 8.39E-06 2x: 1.72E+09 2u: 8.96E+02 ir: 3.81E-06 iu: 2.99E+02 rsn:   0
  2 2r: 7.36E-06 2x: 1.72E+09 2u: 2.82E-02 ir: 3.22E-06 iu: 9.39E-03 rsn: stol

 Step    560 Time=  5.49947E-01 Dt=  7.80911E-06 [hour] conv_reason: 4
  newton =   2 [    1104] linear =     4 [      2234] cuts =  0 [   0]
  --> SNES Linear/Non-Linear Iterations = 4 / 2
  --> SNES Residual: 0.736406E-05 0.140335E-09 0.321865E-05
  --> max change: dpmx=   2.9888E+02

== GEOMECHANICS ================================================================

 Step    560 Time=  5.49947E-01 Dt=  7.80911E-06 [hour] conv_reason: 2
  linear =   138 [     79748] cuts =  0 [   0]

== RICHARDS FLOW ===============================================================
  0 2r: 2.32E-02 2x: 0.00E+00 2u: 0.00E+00 ir: 2.25E-02 iu: 0.00E+00 rsn:   0
  1 2r: 7.93E-06 2x: 1.72E+09 2u: 8.96E+02 ir: 3.22E-06 iu: 2.99E+02 rsn:   0
  2 2r: 8.53E-06 2x: 1.72E+09 2u: 2.82E-02 ir: 3.22E-06 iu: 9.41E-03 rsn: stol

 Step    561 Time=  5.49954E-01 Dt=  7.82247E-06 [hour] conv_reason: 4
  newton =   2 [    1106] linear =     4 [      2238] cuts =  0 [   0]
  --> SNES Linear/Non-Linear Iterations = 4 / 2
  --> SNES Residual: 0.853005E-05 0.162555E-09 0.321865E-05
  --> max change: dpmx=   2.9888E+02

== GEOMECHANICS ================================================================

 Step    561 Time=  5.49954E-01 Dt=  7.82247E-06 [hour] conv_reason: 2
  linear =   137 [     79885] cuts =  0 [   0]

== RICHARDS FLOW ===============================================================
  0 2r: 2.32E-02 2x: 0.00E+00 2u: 0.00E+00 ir: 2.25E-02 iu: 0.00E+00 rsn:   0
  1 2r: 1.12E-05 2x: 1.72E+09 2u: 8.96E+02 ir: 7.63E-06 iu: 2.99E+02 rsn:   0
  2 2r: 8.85E-06 2x: 1.72E+09 2u: 2.83E-02 ir: 3.81E-06 iu: 9.42E-03 rsn: stol

 Step    562 Time=  5.49962E-01 Dt=  7.83587E-06 [hour] conv_reason: 4
  newton =   2 [    1108] linear =     4 [      2242] cuts =  0 [   0]
  --> SNES Linear/Non-Linear Iterations = 4 / 2
  --> SNES Residual: 0.885334E-05 0.168715E-09 0.381470E-05
  --> max change: dpmx=   2.9887E+02

== GEOMECHANICS ================================================================

 Step    562 Time=  5.49962E-01 Dt=  7.83587E-06 [hour] conv_reason: 2
  linear =   138 [     80023] cuts =  0 [   0]

== RICHARDS FLOW ===============================================================
  0 2r: 2.32E-02 2x: 0.00E+00 2u: 0.00E+00 ir: 2.25E-02 iu: 0.00E+00 rsn:   0
  1 2r: 8.34E-06 2x: 1.72E+09 2u: 8.96E+02 ir: 3.81E-06 iu: 2.99E+02 rsn:   0
  2 2r: 1.06E-05 2x: 1.72E+09 2u: 2.83E-02 ir: 7.63E-06 iu: 9.44E-03 rsn: stol

 Step    563 Time=  5.49970E-01 Dt=  7.84931E-06 [hour] conv_reason: 4
  newton =   2 [    1110] linear =     4 [      2246] cuts =  0 [   0]
  --> SNES Linear/Non-Linear Iterations = 4 / 2
  --> SNES Residual: 0.105757E-04 0.201537E-09 0.762939E-05
  --> max change: dpmx=   2.9887E+02

== GEOMECHANICS ================================================================

 Step    563 Time=  5.49970E-01 Dt=  7.84931E-06 [hour] conv_reason: 2
  linear =   160 [     80183] cuts =  0 [   0]

== RICHARDS FLOW ===============================================================
  0 2r: 2.32E-02 2x: 0.00E+00 2u: 0.00E+00 ir: 2.25E-02 iu: 0.00E+00 rsn:   0
  1 2r: 1.09E-05 2x: 1.72E+09 2u: 8.96E+02 ir: 7.63E-06 iu: 2.99E+02 rsn:   0
  2 2r: 1.08E-05 2x: 1.72E+09 2u: 2.84E-02 ir: 7.63E-06 iu: 9.46E-03 rsn: stol

 Step    564 Time=  5.49978E-01 Dt=  7.86280E-06 [hour] conv_reason: 4
  newton =   2 [    1112] linear =     4 [      2250] cuts =  0 [   0]
  --> SNES Linear/Non-Linear Iterations = 4 / 2
  --> SNES Residual: 0.108102E-04 0.206006E-09 0.762939E-05
  --> max change: dpmx=   2.9887E+02

== GEOMECHANICS ================================================================

 Step    564 Time=  5.49978E-01 Dt=  7.86280E-06 [hour] conv_reason: 2
  linear =   142 [     80325] cuts =  0 [   0]

== RICHARDS FLOW ===============================================================
  0 2r: 2.32E-02 2x: 0.00E+00 2u: 0.00E+00 ir: 2.25E-02 iu: 0.00E+00 rsn:   0
  1 2r: 9.42E-06 2x: 1.72E+09 2u: 8.96E+02 ir: 3.81E-06 iu: 2.99E+02 rsn:   0
  2 2r: 1.07E-05 2x: 1.72E+09 2u: 2.84E-02 ir: 3.81E-06 iu: 9.47E-03 rsn: stol

 Step    565 Time=  5.49986E-01 Dt=  7.87634E-06 [hour] conv_reason: 4
  newton =   2 [    1114] linear =     4 [      2254] cuts =  0 [   0]
  --> SNES Linear/Non-Linear Iterations = 4 / 2
  --> SNES Residual: 0.106553E-04 0.203054E-09 0.381470E-05
  --> max change: dpmx=   2.9887E+02

== GEOMECHANICS ================================================================

 Step    565 Time=  5.49986E-01 Dt=  7.87634E-06 [hour] conv_reason: 2
  linear =   139 [     80464] cuts =  0 [   0]

== RICHARDS FLOW ===============================================================
  0 2r: 2.32E-02 2x: 0.00E+00 2u: 0.00E+00 ir: 2.25E-02 iu: 0.00E+00 rsn:   0
  1 2r: 8.74E-06 2x: 1.72E+09 2u: 8.96E+02 ir: 3.81E-06 iu: 2.99E+02 rsn:   0
  2 2r: 8.71E-06 2x: 1.72E+09 2u: 2.85E-02 ir: 3.81E-06 iu: 9.49E-03 rsn: stol

 Step    566 Time=  5.49994E-01 Dt=  7.88992E-06 [hour] conv_reason: 4
  newton =   2 [    1116] linear =     4 [      2258] cuts =  0 [   0]
  --> SNES Linear/Non-Linear Iterations = 4 / 2
  --> SNES Residual: 0.870795E-05 0.165945E-09 0.381470E-05
  --> max change: dpmx=   2.9887E+02

== GEOMECHANICS ================================================================

 Step    566 Time=  5.49994E-01 Dt=  7.88992E-06 [hour] conv_reason: 2
  linear =   141 [     80605] cuts =  0 [   0]

== RICHARDS FLOW ===============================================================
  0 2r: 2.32E-02 2x: 0.00E+00 2u: 0.00E+00 ir: 2.25E-02 iu: 0.00E+00 rsn:   0
  1 2r: 8.37E-06 2x: 1.72E+09 2u: 8.96E+02 ir: 3.22E-06 iu: 2.99E+02 rsn:   0
  2 2r: 8.37E-06 2x: 1.72E+09 2u: 2.85E-02 ir: 3.22E-06 iu: 9.51E-03 rsn: stol

 Step    567 Time=  5.50002E-01 Dt=  7.90356E-06 [hour] conv_reason: 4
  newton =   2 [    1118] linear =     4 [      2262] cuts =  0 [   0]
  --> SNES Linear/Non-Linear Iterations = 4 / 2
  --> SNES Residual: 0.837385E-05 0.159578E-09 0.321865E-05
  --> max change: dpmx=   2.9887E+02

== GEOMECHANICS ================================================================

 Step    567 Time=  5.50002E-01 Dt=  7.90356E-06 [hour] conv_reason: 2
  linear =   144 [     80749] cuts =  0 [   0]

== RICHARDS FLOW ===============================================================
  0 2r: 2.32E-02 2x: 0.00E+00 2u: 0.00E+00 ir: 2.25E-02 iu: 0.00E+00 rsn:   0
  1 2r: 8.90E-06 2x: 1.72E+09 2u: 8.96E+02 ir: 3.81E-06 iu: 2.99E+02 rsn:   0
  2 2r: 8.86E-06 2x: 1.72E+09 2u: 2.86E-02 ir: 3.81E-06 iu: 9.52E-03 rsn: stol

 Step    568 Time=  5.50010E-01 Dt=  7.91723E-06 [hour] conv_reason: 4
  newton =   2 [    1120] linear =     4 [      2266] cuts =  0 [   0]
  --> SNES Linear/Non-Linear Iterations = 4 / 2
  --> SNES Residual: 0.886021E-05 0.168846E-09 0.381470E-05
  --> max change: dpmx=   2.9886E+02

== GEOMECHANICS ================================================================

 Step    568 Time=  5.50010E-01 Dt=  7.91723E-06 [hour] conv_reason: 2
  linear =   139 [     80888] cuts =  0 [   0]

== RICHARDS FLOW ===============================================================
  0 2r: 2.32E-02 2x: 0.00E+00 2u: 0.00E+00 ir: 2.25E-02 iu: 0.00E+00 rsn:   0
  1 2r: 7.98E-06 2x: 1.72E+09 2u: 8.96E+02 ir: 3.22E-06 iu: 2.99E+02 rsn:   0
  2 2r: 7.97E-06 2x: 1.72E+09 2u: 2.86E-02 ir: 3.22E-06 iu: 9.54E-03 rsn: stol

 Step    569 Time=  5.50018E-01 Dt=  7.93096E-06 [hour] conv_reason: 4
  newton =   2 [    1122] linear =     4 [      2270] cuts =  0 [   0]
  --> SNES Linear/Non-Linear Iterations = 4 / 2
  --> SNES Residual: 0.796633E-05 0.151812E-09 0.321865E-05
  --> max change: dpmx=   2.9886E+02

== GEOMECHANICS ================================================================

 Step    569 Time=  5.50018E-01 Dt=  7.93096E-06 [hour] conv_reason: 2
  linear =   149 [     81037] cuts =  0 [   0]

== RICHARDS FLOW ===============================================================
  0 2r: 2.32E-02 2x: 0.00E+00 2u: 0.00E+00 ir: 2.25E-02 iu: 0.00E+00 rsn:   0
  1 2r: 8.20E-06 2x: 1.72E+09 2u: 8.96E+02 ir: 3.22E-06 iu: 2.99E+02 rsn:   0
  2 2r: 7.88E-06 2x: 1.72E+09 2u: 2.87E-02 ir: 3.22E-06 iu: 9.55E-03 rsn: stol

 Step    570 Time=  5.50025E-01 Dt=  7.94473E-06 [hour] conv_reason: 4
  newton =   2 [    1124] linear =     4 [      2274] cuts =  0 [   0]
  --> SNES Linear/Non-Linear Iterations = 4 / 2
  --> SNES Residual: 0.788385E-05 0.150240E-09 0.321865E-05
  --> max change: dpmx=   2.9886E+02

== GEOMECHANICS ================================================================

 Step    570 Time=  5.50025E-01 Dt=  7.94473E-06 [hour] conv_reason: 2
  linear =   150 [     81187] cuts =  0 [   0]

== RICHARDS FLOW ===============================================================
  0 2r: 2.32E-02 2x: 0.00E+00 2u: 0.00E+00 ir: 2.25E-02 iu: 0.00E+00 rsn:   0
  1 2r: 1.02E-05 2x: 1.72E+09 2u: 8.96E+02 ir: 3.81E-06 iu: 2.99E+02 rsn:   0
  2 2r: 1.01E-05 2x: 1.72E+09 2u: 2.87E-02 ir: 3.81E-06 iu: 9.57E-03 rsn: stol

 Step    571 Time=  5.50033E-01 Dt=  7.95855E-06 [hour] conv_reason: 4
  newton =   2 [    1126] linear =     4 [      2278] cuts =  0 [   0]
  --> SNES Linear/Non-Linear Iterations = 4 / 2
  --> SNES Residual: 0.101038E-04 0.192546E-09 0.381470E-05
  --> max change: dpmx=   2.9886E+02

== GEOMECHANICS ================================================================

 Step    571 Time=  5.50033E-01 Dt=  7.95855E-06 [hour] conv_reason: 2
  linear =   148 [     81335] cuts =  0 [   0]

== RICHARDS FLOW ===============================================================
  0 2r: 2.32E-02 2x: 0.00E+00 2u: 0.00E+00 ir: 2.25E-02 iu: 0.00E+00 rsn:   0
  1 2r: 1.13E-05 2x: 1.72E+09 2u: 8.96E+02 ir: 7.63E-06 iu: 2.99E+02 rsn:   0
  2 2r: 1.12E-05 2x: 1.72E+09 2u: 2.88E-02 ir: 7.63E-06 iu: 9.59E-03 rsn: stol

 Step    572 Time=  5.50041E-01 Dt=  7.97242E-06 [hour] conv_reason: 4
  newton =   2 [    1128] linear =     4 [      2282] cuts =  0 [   0]
  --> SNES Linear/Non-Linear Iterations = 4 / 2
  --> SNES Residual: 0.111979E-04 0.213395E-09 0.762939E-05
  --> max change: dpmx=   2.9886E+02

== GEOMECHANICS ================================================================

 Step    572 Time=  5.50041E-01 Dt=  7.97242E-06 [hour] conv_reason: 2
  linear =   139 [     81474] cuts =  0 [   0]

== RICHARDS FLOW ===============================================================
  0 2r: 2.32E-02 2x: 0.00E+00 2u: 0.00E+00 ir: 2.25E-02 iu: 0.00E+00 rsn:   0
  1 2r: 1.15E-05 2x: 1.72E+09 2u: 8.96E+02 ir: 7.63E-06 iu: 2.99E+02 rsn:   0
  2 2r: 1.12E-05 2x: 1.72E+09 2u: 2.88E-02 ir: 7.63E-06 iu: 9.61E-03 rsn: stol

 Step    573 Time=  5.50049E-01 Dt=  7.98634E-06 [hour] conv_reason: 4
  newton =   2 [    1130] linear =     4 [      2286] cuts =  0 [   0]
  --> SNES Linear/Non-Linear Iterations = 4 / 2
  --> SNES Residual: 0.111927E-04 0.213296E-09 0.762939E-05
  --> max change: dpmx=   2.9885E+02

== GEOMECHANICS ================================================================

 Step    573 Time=  5.50049E-01 Dt=  7.98634E-06 [hour] conv_reason: 2
  linear =   135 [     81609] cuts =  0 [   0]

== RICHARDS FLOW ===============================================================
  0 2r: 2.32E-02 2x: 0.00E+00 2u: 0.00E+00 ir: 2.25E-02 iu: 0.00E+00 rsn:   0
  1 2r: 1.18E-05 2x: 1.72E+09 2u: 8.96E+02 ir: 7.63E-06 iu: 2.99E+02 rsn:   0
  2 2r: 1.17E-05 2x: 1.72E+09 2u: 2.89E-02 ir: 7.63E-06 iu: 9.62E-03 rsn: stol

 Step    574 Time=  5.50057E-01 Dt=  8.00030E-06 [hour] conv_reason: 4
  newton =   2 [    1132] linear =     4 [      2290] cuts =  0 [   0]
  --> SNES Linear/Non-Linear Iterations = 4 / 2
  --> SNES Residual: 0.117379E-04 0.223686E-09 0.762939E-05
  --> max change: dpmx=   2.9885E+02

== GEOMECHANICS ================================================================

 Step    574 Time=  5.50057E-01 Dt=  8.00030E-06 [hour] conv_reason: 2
  linear =   144 [     81753] cuts =  0 [   0]

== RICHARDS FLOW ===============================================================
  0 2r: 2.32E-02 2x: 0.00E+00 2u: 0.00E+00 ir: 2.25E-02 iu: 0.00E+00 rsn:   0
  1 2r: 1.22E-05 2x: 1.72E+09 2u: 8.96E+02 ir: 7.63E-06 iu: 2.99E+02 rsn:   0
  2 2r: 1.26E-05 2x: 1.72E+09 2u: 2.89E-02 ir: 7.63E-06 iu: 9.64E-03 rsn: stol

 Step    575 Time=  5.50065E-01 Dt=  8.01431E-06 [hour] conv_reason: 4
  newton =   2 [    1134] linear =     4 [      2294] cuts =  0 [   0]
  --> SNES Linear/Non-Linear Iterations = 4 / 2
  --> SNES Residual: 0.125621E-04 0.239392E-09 0.762939E-05
  --> max change: dpmx=   2.9885E+02

== GEOMECHANICS ================================================================

 Step    575 Time=  5.50065E-01 Dt=  8.01431E-06 [hour] conv_reason: 2
  linear =   141 [     81894] cuts =  0 [   0]

== RICHARDS FLOW ===============================================================
  0 2r: 2.32E-02 2x: 0.00E+00 2u: 0.00E+00 ir: 2.25E-02 iu: 0.00E+00 rsn:   0
  1 2r: 9.44E-06 2x: 1.72E+09 2u: 8.96E+02 ir: 3.81E-06 iu: 2.99E+02 rsn:   0
  2 2r: 8.55E-06 2x: 1.72E+09 2u: 2.90E-02 ir: 3.22E-06 iu: 9.66E-03 rsn: stol

 Step    576 Time=  5.50073E-01 Dt=  8.02838E-06 [hour] conv_reason: 4
  newton =   2 [    1136] linear =     4 [      2298] cuts =  0 [   0]
  --> SNES Linear/Non-Linear Iterations = 4 / 2
  --> SNES Residual: 0.855394E-05 0.163010E-09 0.321865E-05
  --> max change: dpmx=   2.9885E+02

== GEOMECHANICS ================================================================

 Step    576 Time=  5.50073E-01 Dt=  8.02838E-06 [hour] conv_reason: 2
  linear =   147 [     82041] cuts =  0 [   0]

== RICHARDS FLOW ===============================================================
  0 2r: 2.32E-02 2x: 0.00E+00 2u: 0.00E+00 ir: 2.25E-02 iu: 0.00E+00 rsn:   0
  1 2r: 9.63E-06 2x: 1.72E+09 2u: 8.96E+02 ir: 3.81E-06 iu: 2.99E+02 rsn:   0
  2 2r: 9.68E-06 2x: 1.72E+09 2u: 2.90E-02 ir: 3.81E-06 iu: 9.67E-03 rsn: stol

 Step    577 Time=  5.50081E-01 Dt=  8.04249E-06 [hour] conv_reason: 4
  newton =   2 [    1138] linear =     4 [      2302] cuts =  0 [   0]
  --> SNES Linear/Non-Linear Iterations = 4 / 2
  --> SNES Residual: 0.967515E-05 0.184376E-09 0.381470E-05
  --> max change: dpmx=   2.9885E+02

== GEOMECHANICS ================================================================

 Step    577 Time=  5.50081E-01 Dt=  8.04249E-06 [hour] conv_reason: 2
  linear =   143 [     82184] cuts =  0 [   0]

== RICHARDS FLOW ===============================================================
  0 2r: 2.32E-02 2x: 0.00E+00 2u: 0.00E+00 ir: 2.25E-02 iu: 0.00E+00 rsn:   0
  1 2r: 1.24E-05 2x: 1.72E+09 2u: 8.96E+02 ir: 7.63E-06 iu: 2.99E+02 rsn:   0
  2 2r: 9.58E-06 2x: 1.72E+09 2u: 2.91E-02 ir: 3.22E-06 iu: 9.69E-03 rsn: stol

 Step    578 Time=  5.50090E-01 Dt=  8.05665E-06 [hour] conv_reason: 4
  newton =   2 [    1140] linear =     4 [      2306] cuts =  0 [   0]
  --> SNES Linear/Non-Linear Iterations = 4 / 2
  --> SNES Residual: 0.957905E-05 0.182545E-09 0.321865E-05
  --> max change: dpmx=   2.9885E+02

== GEOMECHANICS ================================================================

 Step    578 Time=  5.50090E-01 Dt=  8.05665E-06 [hour] conv_reason: 2
  linear =   136 [     82320] cuts =  0 [   0]

== RICHARDS FLOW ===============================================================
  0 2r: 2.32E-02 2x: 0.00E+00 2u: 0.00E+00 ir: 2.25E-02 iu: 0.00E+00 rsn:   0
  1 2r: 1.15E-05 2x: 1.72E+09 2u: 8.96E+02 ir: 7.63E-06 iu: 2.99E+02 rsn:   0
  2 2r: 1.17E-05 2x: 1.72E+09 2u: 2.91E-02 ir: 7.63E-06 iu: 9.71E-03 rsn: stol

 Step    579 Time=  5.50098E-01 Dt=  8.07086E-06 [hour] conv_reason: 4
  newton =   2 [    1142] linear =     4 [      2310] cuts =  0 [   0]
  --> SNES Linear/Non-Linear Iterations = 4 / 2
  --> SNES Residual: 0.117248E-04 0.223436E-09 0.762939E-05
  --> max change: dpmx=   2.9884E+02

== GEOMECHANICS ================================================================

 Step    579 Time=  5.50098E-01 Dt=  8.07086E-06 [hour] conv_reason: 2
  linear =   137 [     82457] cuts =  0 [   0]

== RICHARDS FLOW ===============================================================
  0 2r: 2.32E-02 2x: 0.00E+00 2u: 0.00E+00 ir: 2.25E-02 iu: 0.00E+00 rsn:   0
  1 2r: 9.74E-06 2x: 1.72E+09 2u: 8.96E+02 ir: 3.81E-06 iu: 2.99E+02 rsn:   0
  2 2r: 1.02E-05 2x: 1.72E+09 2u: 2.92E-02 ir: 3.81E-06 iu: 9.72E-03 rsn: stol

 Step    580 Time=  5.50106E-01 Dt=  8.08512E-06 [hour] conv_reason: 4
  newton =   2 [    1144] linear =     4 [      2314] cuts =  0 [   0]
  --> SNES Linear/Non-Linear Iterations = 4 / 2
  --> SNES Residual: 0.102379E-04 0.195100E-09 0.381470E-05
  --> max change: dpmx=   2.9884E+02

== GEOMECHANICS ================================================================

 Step    580 Time=  5.50106E-01 Dt=  8.08512E-06 [hour] conv_reason: 2
  linear =   140 [     82597] cuts =  0 [   0]

== RICHARDS FLOW ===============================================================
  0 2r: 2.32E-02 2x: 0.00E+00 2u: 0.00E+00 ir: 2.25E-02 iu: 0.00E+00 rsn:   0
  1 2r: 9.50E-06 2x: 1.72E+09 2u: 8.96E+02 ir: 3.22E-06 iu: 2.99E+02 rsn:   0
  2 2r: 1.03E-05 2x: 1.72E+09 2u: 2.92E-02 ir: 3.22E-06 iu: 9.74E-03 rsn: stol

 Step    581 Time=  5.50114E-01 Dt=  8.09944E-06 [hour] conv_reason: 4
  newton =   2 [    1146] linear =     4 [      2318] cuts =  0 [   0]
  --> SNES Linear/Non-Linear Iterations = 4 / 2
  --> SNES Residual: 0.103029E-04 0.196339E-09 0.321865E-05
  --> max change: dpmx=   2.9884E+02

== GEOMECHANICS ================================================================

 Step    581 Time=  5.50114E-01 Dt=  8.09944E-06 [hour] conv_reason: 2
  linear =   143 [     82740] cuts =  0 [   0]

== RICHARDS FLOW ===============================================================
  0 2r: 2.32E-02 2x: 0.00E+00 2u: 0.00E+00 ir: 2.25E-02 iu: 0.00E+00 rsn:   0
  1 2r: 9.30E-06 2x: 1.72E+09 2u: 8.96E+02 ir: 3.22E-06 iu: 2.99E+02 rsn:   0
  2 2r: 9.33E-06 2x: 1.72E+09 2u: 2.93E-02 ir: 3.22E-06 iu: 9.76E-03 rsn: stol

 Step    582 Time=  5.50122E-01 Dt=  8.11380E-06 [hour] conv_reason: 4
  newton =   2 [    1148] linear =     4 [      2322] cuts =  0 [   0]
  --> SNES Linear/Non-Linear Iterations = 4 / 2
  --> SNES Residual: 0.932566E-05 0.177716E-09 0.321865E-05
  --> max change: dpmx=   2.9884E+02

== GEOMECHANICS ================================================================

 Step    582 Time=  5.50122E-01 Dt=  8.11380E-06 [hour] conv_reason: 2
  linear =   153 [     82893] cuts =  0 [   0]

== RICHARDS FLOW ===============================================================
  0 2r: 2.32E-02 2x: 0.00E+00 2u: 0.00E+00 ir: 2.25E-02 iu: 0.00E+00 rsn:   0
  1 2r: 9.54E-06 2x: 1.72E+09 2u: 8.96E+02 ir: 3.22E-06 iu: 2.99E+02 rsn:   0
  2 2r: 9.40E-06 2x: 1.72E+09 2u: 2.93E-02 ir: 3.22E-06 iu: 9.78E-03 rsn: stol

 Step    583 Time=  5.50130E-01 Dt=  8.12821E-06 [hour] conv_reason: 4
  newton =   2 [    1150] linear =     4 [      2326] cuts =  0 [   0]
  --> SNES Linear/Non-Linear Iterations = 4 / 2
  --> SNES Residual: 0.940358E-05 0.179201E-09 0.321865E-05
  --> max change: dpmx=   2.9884E+02

== GEOMECHANICS ================================================================

 Step    583 Time=  5.50130E-01 Dt=  8.12821E-06 [hour] conv_reason: 2
  linear =   138 [     83031] cuts =  0 [   0]

== RICHARDS FLOW ===============================================================
  0 2r: 2.32E-02 2x: 0.00E+00 2u: 0.00E+00 ir: 2.25E-02 iu: 0.00E+00 rsn:   0
  1 2r: 9.33E-06 2x: 1.72E+09 2u: 8.96E+02 ir: 3.22E-06 iu: 2.99E+02 rsn:   0
  2 2r: 9.27E-06 2x: 1.72E+09 2u: 2.94E-02 ir: 3.22E-06 iu: 9.79E-03 rsn: stol

 Step    584 Time=  5.50138E-01 Dt=  8.14268E-06 [hour] conv_reason: 4
  newton =   2 [    1152] linear =     4 [      2330] cuts =  0 [   0]
  --> SNES Linear/Non-Linear Iterations = 4 / 2
  --> SNES Residual: 0.926790E-05 0.176615E-09 0.321865E-05
  --> max change: dpmx=   2.9883E+02

== GEOMECHANICS ================================================================

 Step    584 Time=  5.50138E-01 Dt=  8.14268E-06 [hour] conv_reason: 2
  linear =   140 [     83171] cuts =  0 [   0]

== RICHARDS FLOW ===============================================================
  0 2r: 2.32E-02 2x: 0.00E+00 2u: 0.00E+00 ir: 2.25E-02 iu: 0.00E+00 rsn:   0
  1 2r: 9.98E-06 2x: 1.72E+09 2u: 8.96E+02 ir: 3.81E-06 iu: 2.99E+02 rsn:   0
  2 2r: 9.22E-06 2x: 1.72E+09 2u: 2.94E-02 ir: 3.22E-06 iu: 9.81E-03 rsn: stol

 Step    585 Time=  5.50146E-01 Dt=  8.15719E-06 [hour] conv_reason: 4
  newton =   2 [    1154] linear =     4 [      2334] cuts =  0 [   0]
  --> SNES Linear/Non-Linear Iterations = 4 / 2
  --> SNES Residual: 0.921815E-05 0.175667E-09 0.321865E-05
  --> max change: dpmx=   2.9883E+02

== GEOMECHANICS ================================================================

 Step    585 Time=  5.50146E-01 Dt=  8.15719E-06 [hour] conv_reason: 2
  linear =   139 [     83310] cuts =  0 [   0]

== RICHARDS FLOW ===============================================================
  0 2r: 2.32E-02 2x: 0.00E+00 2u: 0.00E+00 ir: 2.25E-02 iu: 0.00E+00 rsn:   0
  1 2r: 9.43E-06 2x: 1.72E+09 2u: 8.96E+02 ir: 3.81E-06 iu: 2.99E+02 rsn:   0
  2 2r: 8.62E-06 2x: 1.72E+09 2u: 2.95E-02 ir: 3.22E-06 iu: 9.83E-03 rsn: stol

 Step    586 Time=  5.50154E-01 Dt=  8.17176E-06 [hour] conv_reason: 4
  newton =   2 [    1156] linear =     4 [      2338] cuts =  0 [   0]
  --> SNES Linear/Non-Linear Iterations = 4 / 2
  --> SNES Residual: 0.862336E-05 0.164333E-09 0.321865E-05
  --> max change: dpmx=   2.9883E+02

== GEOMECHANICS ================================================================

 Step    586 Time=  5.50154E-01 Dt=  8.17176E-06 [hour] conv_reason: 2
  linear =   143 [     83453] cuts =  0 [   0]

== RICHARDS FLOW ===============================================================
  0 2r: 2.32E-02 2x: 0.00E+00 2u: 0.00E+00 ir: 2.25E-02 iu: 0.00E+00 rsn:   0
  1 2r: 1.18E-05 2x: 1.72E+09 2u: 8.96E+02 ir: 7.63E-06 iu: 2.99E+02 rsn:   0
  2 2r: 9.81E-06 2x: 1.72E+09 2u: 2.95E-02 ir: 3.81E-06 iu: 9.85E-03 rsn: stol

 Step    587 Time=  5.50163E-01 Dt=  8.18638E-06 [hour] conv_reason: 4
  newton =   2 [    1158] linear =     4 [      2342] cuts =  0 [   0]
  --> SNES Linear/Non-Linear Iterations = 4 / 2
  --> SNES Residual: 0.980795E-05 0.186907E-09 0.381470E-05
  --> max change: dpmx=   2.9883E+02

== GEOMECHANICS ================================================================

 Step    587 Time=  5.50163E-01 Dt=  8.18638E-06 [hour] conv_reason: 2
  linear =   152 [     83605] cuts =  0 [   0]

== RICHARDS FLOW ===============================================================
  0 2r: 2.32E-02 2x: 0.00E+00 2u: 0.00E+00 ir: 2.25E-02 iu: 0.00E+00 rsn:   0
  1 2r: 9.31E-06 2x: 1.72E+09 2u: 8.96E+02 ir: 3.81E-06 iu: 2.99E+02 rsn:   0
  2 2r: 9.32E-06 2x: 1.72E+09 2u: 2.96E-02 ir: 3.81E-06 iu: 9.87E-03 rsn: stol

 Step    588 Time=  5.50171E-01 Dt=  8.20105E-06 [hour] conv_reason: 4
  newton =   2 [    1160] linear =     4 [      2346] cuts =  0 [   0]
  --> SNES Linear/Non-Linear Iterations = 4 / 2
  --> SNES Residual: 0.931572E-05 0.177527E-09 0.381470E-05
  --> max change: dpmx=   2.9883E+02

== GEOMECHANICS ================================================================

 Step    588 Time=  5.50171E-01 Dt=  8.20105E-06 [hour] conv_reason: 2
  linear =   138 [     83743] cuts =  0 [   0]

== RICHARDS FLOW ===============================================================
  0 2r: 2.32E-02 2x: 0.00E+00 2u: 0.00E+00 ir: 2.25E-02 iu: 0.00E+00 rsn:   0
  1 2r: 9.94E-06 2x: 1.72E+09 2u: 8.96E+02 ir: 3.81E-06 iu: 2.99E+02 rsn:   0
  2 2r: 1.19E-05 2x: 1.72E+09 2u: 2.96E-02 ir: 7.63E-06 iu: 9.88E-03 rsn: stol

 Step    589 Time=  5.50179E-01 Dt=  8.21577E-06 [hour] conv_reason: 4
  newton =   2 [    1162] linear =     4 [      2350] cuts =  0 [   0]
  --> SNES Linear/Non-Linear Iterations = 4 / 2
  --> SNES Residual: 0.119429E-04 0.227592E-09 0.762939E-05
  --> max change: dpmx=   2.9882E+02

== GEOMECHANICS ================================================================

 Step    589 Time=  5.50179E-01 Dt=  8.21577E-06 [hour] conv_reason: 2
  linear =   139 [     83882] cuts =  0 [   0]

== RICHARDS FLOW ===============================================================
  0 2r: 2.32E-02 2x: 0.00E+00 2u: 0.00E+00 ir: 2.25E-02 iu: 0.00E+00 rsn:   0
  1 2r: 8.06E-06 2x: 1.72E+09 2u: 8.96E+02 ir: 3.22E-06 iu: 2.99E+02 rsn:   0
  2 2r: 8.08E-06 2x: 1.72E+09 2u: 2.97E-02 ir: 3.22E-06 iu: 9.90E-03 rsn: stol

 Step    590 Time=  5.50187E-01 Dt=  8.23055E-06 [hour] conv_reason: 4
  newton =   2 [    1164] linear =     4 [      2354] cuts =  0 [   0]
  --> SNES Linear/Non-Linear Iterations = 4 / 2
  --> SNES Residual: 0.808321E-05 0.154039E-09 0.321865E-05
  --> max change: dpmx=   2.9882E+02

== GEOMECHANICS ================================================================

 Step    590 Time=  5.50187E-01 Dt=  8.23055E-06 [hour] conv_reason: 2
  linear =   151 [     84033] cuts =  0 [   0]

== RICHARDS FLOW ===============================================================
  0 2r: 2.32E-02 2x: 0.00E+00 2u: 0.00E+00 ir: 2.25E-02 iu: 0.00E+00 rsn:   0
  1 2r: 9.84E-06 2x: 1.72E+09 2u: 8.96E+02 ir: 3.22E-06 iu: 2.99E+02 rsn:   0
  2 2r: 1.03E-05 2x: 1.72E+09 2u: 2.97E-02 ir: 3.22E-06 iu: 9.92E-03 rsn: stol

 Step    591 Time=  5.50196E-01 Dt=  8.24538E-06 [hour] conv_reason: 4
  newton =   2 [    1166] linear =     4 [      2358] cuts =  0 [   0]
  --> SNES Linear/Non-Linear Iterations = 4 / 2
  --> SNES Residual: 0.103344E-04 0.196939E-09 0.321865E-05
  --> max change: dpmx=   2.9882E+02

== GEOMECHANICS ================================================================

 Step    591 Time=  5.50196E-01 Dt=  8.24538E-06 [hour] conv_reason: 2
  linear =   165 [     84198] cuts =  0 [   0]

== RICHARDS FLOW ===============================================================
  0 2r: 2.32E-02 2x: 0.00E+00 2u: 0.00E+00 ir: 2.25E-02 iu: 0.00E+00 rsn:   0
  1 2r: 8.19E-06 2x: 1.72E+09 2u: 8.96E+02 ir: 3.22E-06 iu: 2.99E+02 rsn:   0
  2 2r: 8.12E-06 2x: 1.72E+09 2u: 2.98E-02 ir: 3.22E-06 iu: 9.94E-03 rsn: stol

 Step    592 Time=  5.50204E-01 Dt=  8.26026E-06 [hour] conv_reason: 4
  newton =   2 [    1168] linear =     4 [      2362] cuts =  0 [   0]
  --> SNES Linear/Non-Linear Iterations = 4 / 2
  --> SNES Residual: 0.811713E-05 0.154686E-09 0.321865E-05
  --> max change: dpmx=   2.9882E+02

== GEOMECHANICS ================================================================

 Step    592 Time=  5.50204E-01 Dt=  8.26026E-06 [hour] conv_reason: 2
  linear =   147 [     84345] cuts =  0 [   0]

== RICHARDS FLOW ===============================================================
  0 2r: 2.32E-02 2x: 0.00E+00 2u: 0.00E+00 ir: 2.25E-02 iu: 0.00E+00 rsn:   0
  1 2r: 8.45E-06 2x: 1.72E+09 2u: 8.96E+02 ir: 3.22E-06 iu: 2.99E+02 rsn:   0
  2 2r: 8.42E-06 2x: 1.72E+09 2u: 2.98E-02 ir: 3.22E-06 iu: 9.95E-03 rsn: stol

 Step    593 Time=  5.50212E-01 Dt=  8.27520E-06 [hour] conv_reason: 4
  newton =   2 [    1170] linear =     4 [      2366] cuts =  0 [   0]
  --> SNES Linear/Non-Linear Iterations = 4 / 2
  --> SNES Residual: 0.842473E-05 0.160547E-09 0.321865E-05
  --> max change: dpmx=   2.9882E+02

== GEOMECHANICS ================================================================

 Step    593 Time=  5.50212E-01 Dt=  8.27520E-06 [hour] conv_reason: 2
  linear =   142 [     84487] cuts =  0 [   0]

== RICHARDS FLOW ===============================================================
  0 2r: 2.32E-02 2x: 0.00E+00 2u: 0.00E+00 ir: 2.26E-02 iu: 0.00E+00 rsn:   0
  1 2r: 1.15E-05 2x: 1.72E+09 2u: 8.96E+02 ir: 7.63E-06 iu: 2.99E+02 rsn:   0
  2 2r: 1.16E-05 2x: 1.72E+09 2u: 2.99E-02 ir: 7.63E-06 iu: 9.97E-03 rsn: stol

 Step    594 Time=  5.50220E-01 Dt=  8.29019E-06 [hour] conv_reason: 4
  newton =   2 [    1172] linear =     4 [      2370] cuts =  0 [   0]
  --> SNES Linear/Non-Linear Iterations = 4 / 2
  --> SNES Residual: 0.115945E-04 0.220953E-09 0.762939E-05
  --> max change: dpmx=   2.9882E+02

== GEOMECHANICS ================================================================

 Step    594 Time=  5.50220E-01 Dt=  8.29019E-06 [hour] conv_reason: 2
  linear =   146 [     84633] cuts =  0 [   0]

== RICHARDS FLOW ===============================================================
  0 2r: 2.32E-02 2x: 0.00E+00 2u: 0.00E+00 ir: 2.26E-02 iu: 0.00E+00 rsn:   0
  1 2r: 9.38E-06 2x: 1.72E+09 2u: 8.96E+02 ir: 3.81E-06 iu: 2.99E+02 rsn:   0
  2 2r: 8.54E-06 2x: 1.72E+09 2u: 3.00E-02 ir: 3.22E-06 iu: 9.99E-03 rsn: stol

 Step    595 Time=  5.50229E-01 Dt=  8.30524E-06 [hour] conv_reason: 4
  newton =   2 [    1174] linear =     4 [      2374] cuts =  0 [   0]
  --> SNES Linear/Non-Linear Iterations = 4 / 2
  --> SNES Residual: 0.853578E-05 0.162664E-09 0.321865E-05
  --> max change: dpmx=   2.9881E+02

== GEOMECHANICS ================================================================

 Step    595 Time=  5.50229E-01 Dt=  8.30524E-06 [hour] conv_reason: 2
  linear =   139 [     84772] cuts =  0 [   0]

== RICHARDS FLOW ===============================================================
  0 2r: 2.32E-02 2x: 0.00E+00 2u: 0.00E+00 ir: 2.26E-02 iu: 0.00E+00 rsn:   0
  1 2r: 8.23E-06 2x: 1.72E+09 2u: 8.96E+02 ir: 3.81E-06 iu: 2.99E+02 rsn:   0
  2 2r: 7.31E-06 2x: 1.72E+09 2u: 3.00E-02 ir: 3.22E-06 iu: 1.00E-02 rsn: stol

 Step    596 Time=  5.50237E-01 Dt=  8.32034E-06 [hour] conv_reason: 4
  newton =   2 [    1176] linear =     4 [      2378] cuts =  0 [   0]
  --> SNES Linear/Non-Linear Iterations = 4 / 2
  --> SNES Residual: 0.730744E-05 0.139256E-09 0.321865E-05
  --> max change: dpmx=   2.9881E+02

== GEOMECHANICS ================================================================

 Step    596 Time=  5.50237E-01 Dt=  8.32034E-06 [hour] conv_reason: 2
  linear =   139 [     84911] cuts =  0 [   0]

== RICHARDS FLOW ===============================================================
  0 2r: 2.32E-02 2x: 0.00E+00 2u: 0.00E+00 ir: 2.26E-02 iu: 0.00E+00 rsn:   0
  1 2r: 8.11E-06 2x: 1.72E+09 2u: 8.96E+02 ir: 3.22E-06 iu: 2.99E+02 rsn:   0
  2 2r: 8.03E-06 2x: 1.72E+09 2u: 3.01E-02 ir: 3.22E-06 iu: 1.00E-02 rsn: stol

 Step    597 Time=  5.50245E-01 Dt=  8.33549E-06 [hour] conv_reason: 4
  newton =   2 [    1178] linear =     4 [      2382] cuts =  0 [   0]
  --> SNES Linear/Non-Linear Iterations = 4 / 2
  --> SNES Residual: 0.803179E-05 0.153059E-09 0.321865E-05
  --> max change: dpmx=   2.9881E+02

== GEOMECHANICS ================================================================

 Step    597 Time=  5.50245E-01 Dt=  8.33549E-06 [hour] conv_reason: 2
  linear =   137 [     85048] cuts =  0 [   0]

== RICHARDS FLOW ===============================================================
  0 2r: 2.32E-02 2x: 0.00E+00 2u: 0.00E+00 ir: 2.26E-02 iu: 0.00E+00 rsn:   0
  1 2r: 8.39E-06 2x: 1.72E+09 2u: 8.96E+02 ir: 3.22E-06 iu: 2.99E+02 rsn:   0
  2 2r: 8.42E-06 2x: 1.72E+09 2u: 3.01E-02 ir: 3.22E-06 iu: 1.00E-02 rsn: stol

 Step    598 Time=  5.50254E-01 Dt=  8.35070E-06 [hour] conv_reason: 4
  newton =   2 [    1180] linear =     4 [      2386] cuts =  0 [   0]
  --> SNES Linear/Non-Linear Iterations = 4 / 2
  --> SNES Residual: 0.841933E-05 0.160445E-09 0.321865E-05
  --> max change: dpmx=   2.9881E+02

== GEOMECHANICS ================================================================

 Step    598 Time=  5.50254E-01 Dt=  8.35070E-06 [hour] conv_reason: 2
  linear =   141 [     85189] cuts =  0 [   0]

== RICHARDS FLOW ===============================================================
  0 2r: 2.33E-02 2x: 0.00E+00 2u: 0.00E+00 ir: 2.26E-02 iu: 0.00E+00 rsn:   0
  1 2r: 1.11E-05 2x: 1.72E+09 2u: 8.96E+02 ir: 7.63E-06 iu: 2.99E+02 rsn:   0
  2 2r: 1.11E-05 2x: 1.72E+09 2u: 3.02E-02 ir: 7.63E-06 iu: 1.01E-02 rsn: stol

 Step    599 Time=  5.50262E-01 Dt=  8.36596E-06 [hour] conv_reason: 4
  newton =   2 [    1182] linear =     4 [      2390] cuts =  0 [   0]
  --> SNES Linear/Non-Linear Iterations = 4 / 2
  --> SNES Residual: 0.110920E-04 0.211378E-09 0.762939E-05
  --> max change: dpmx=   2.9881E+02

== GEOMECHANICS ================================================================

 Step    599 Time=  5.50262E-01 Dt=  8.36596E-06 [hour] conv_reason: 2
  linear =   145 [     85334] cuts =  0 [   0]

== RICHARDS FLOW ===============================================================
  0 2r: 2.33E-02 2x: 0.00E+00 2u: 0.00E+00 ir: 2.26E-02 iu: 0.00E+00 rsn:   0
  1 2r: 1.13E-05 2x: 1.72E+09 2u: 8.96E+02 ir: 7.63E-06 iu: 2.99E+02 rsn:   0
  2 2r: 1.17E-05 2x: 1.72E+09 2u: 3.02E-02 ir: 7.63E-06 iu: 1.01E-02 rsn: stol

 Step    600 Time=  5.50270E-01 Dt=  8.38128E-06 [hour] conv_reason: 4
  newton =   2 [    1184] linear =     4 [      2394] cuts =  0 [   0]
  --> SNES Linear/Non-Linear Iterations = 4 / 2
  --> SNES Residual: 0.116751E-04 0.222489E-09 0.762939E-05
  --> max change: dpmx=   2.9880E+02

== GEOMECHANICS ================================================================

 Step    600 Time=  5.50270E-01 Dt=  8.38128E-06 [hour] conv_reason: 2
  linear =   141 [     85475] cuts =  0 [   0]

== RICHARDS FLOW ===============================================================
  0 2r: 2.33E-02 2x: 0.00E+00 2u: 0.00E+00 ir: 2.26E-02 iu: 0.00E+00 rsn:   0
  1 2r: 8.22E-06 2x: 1.72E+09 2u: 8.96E+02 ir: 3.81E-06 iu: 2.99E+02 rsn:   0
  2 2r: 8.15E-06 2x: 1.72E+09 2u: 3.03E-02 ir: 3.81E-06 iu: 1.01E-02 rsn: stol

 Step    601 Time=  5.50279E-01 Dt=  8.39666E-06 [hour] conv_reason: 4
  newton =   2 [    1186] linear =     4 [      2398] cuts =  0 [   0]
  --> SNES Linear/Non-Linear Iterations = 4 / 2
  --> SNES Residual: 0.815060E-05 0.155324E-09 0.381470E-05
  --> max change: dpmx=   2.9880E+02

== GEOMECHANICS ================================================================

 Step    601 Time=  5.50279E-01 Dt=  8.39666E-06 [hour] conv_reason: 2
  linear =   151 [     85626] cuts =  0 [   0]

== RICHARDS FLOW ===============================================================
  0 2r: 2.33E-02 2x: 0.00E+00 2u: 0.00E+00 ir: 2.26E-02 iu: 0.00E+00 rsn:   0
  1 2r: 9.01E-06 2x: 1.72E+09 2u: 8.96E+02 ir: 3.81E-06 iu: 2.99E+02 rsn:   0
  2 2r: 8.96E-06 2x: 1.72E+09 2u: 3.03E-02 ir: 3.81E-06 iu: 1.01E-02 rsn: stol

 Step    602 Time=  5.50287E-01 Dt=  8.41209E-06 [hour] conv_reason: 4
  newton =   2 [    1188] linear =     4 [      2402] cuts =  0 [   0]
  --> SNES Linear/Non-Linear Iterations = 4 / 2
  --> SNES Residual: 0.895723E-05 0.170695E-09 0.381470E-05
  --> max change: dpmx=   2.9880E+02

== GEOMECHANICS ================================================================

 Step    602 Time=  5.50287E-01 Dt=  8.41209E-06 [hour] conv_reason: 2
  linear =   135 [     85761] cuts =  0 [   0]

== RICHARDS FLOW ===============================================================
  0 2r: 2.33E-02 2x: 0.00E+00 2u: 0.00E+00 ir: 2.26E-02 iu: 0.00E+00 rsn:   0
  1 2r: 7.06E-06 2x: 1.72E+09 2u: 8.96E+02 ir: 3.22E-06 iu: 2.99E+02 rsn:   0
  2 2r: 7.03E-06 2x: 1.72E+09 2u: 3.04E-02 ir: 3.22E-06 iu: 1.01E-02 rsn: stol

 Step    603 Time=  5.50296E-01 Dt=  8.42758E-06 [hour] conv_reason: 4
  newton =   2 [    1190] linear =     4 [      2406] cuts =  0 [   0]
  --> SNES Linear/Non-Linear Iterations = 4 / 2
  --> SNES Residual: 0.703233E-05 0.134013E-09 0.321865E-05
  --> max change: dpmx=   2.9880E+02

== GEOMECHANICS ================================================================

 Step    603 Time=  5.50296E-01 Dt=  8.42758E-06 [hour] conv_reason: 2
  linear =   145 [     85906] cuts =  0 [   0]

== RICHARDS FLOW ===============================================================
  0 2r: 2.33E-02 2x: 0.00E+00 2u: 0.00E+00 ir: 2.26E-02 iu: 0.00E+00 rsn:   0
  1 2r: 8.78E-06 2x: 1.72E+09 2u: 8.96E+02 ir: 3.81E-06 iu: 2.99E+02 rsn:   0
  2 2r: 8.76E-06 2x: 1.72E+09 2u: 3.05E-02 ir: 3.81E-06 iu: 1.02E-02 rsn: stol

 Step    604 Time=  5.50304E-01 Dt=  8.44313E-06 [hour] conv_reason: 4
  newton =   2 [    1192] linear =     4 [      2410] cuts =  0 [   0]
  --> SNES Linear/Non-Linear Iterations = 4 / 2
  --> SNES Residual: 0.876066E-05 0.166949E-09 0.381470E-05
  --> max change: dpmx=   2.9880E+02

== GEOMECHANICS ================================================================

 Step    604 Time=  5.50304E-01 Dt=  8.44313E-06 [hour] conv_reason: 2
  linear =   147 [     86053] cuts =  0 [   0]

== RICHARDS FLOW ===============================================================
  0 2r: 2.33E-02 2x: 0.00E+00 2u: 0.00E+00 ir: 2.26E-02 iu: 0.00E+00 rsn:   0
  1 2r: 7.31E-06 2x: 1.72E+09 2u: 8.96E+02 ir: 3.22E-06 iu: 2.99E+02 rsn:   0
  2 2r: 7.26E-06 2x: 1.72E+09 2u: 3.05E-02 ir: 3.22E-06 iu: 1.02E-02 rsn: stol

 Step    605 Time=  5.50313E-01 Dt=  8.45873E-06 [hour] conv_reason: 4
  newton =   2 [    1194] linear =     4 [      2414] cuts =  0 [   0]
  --> SNES Linear/Non-Linear Iterations = 4 / 2
  --> SNES Residual: 0.726032E-05 0.138358E-09 0.321865E-05
  --> max change: dpmx=   2.9879E+02

== GEOMECHANICS ================================================================

 Step    605 Time=  5.50313E-01 Dt=  8.45873E-06 [hour] conv_reason: 2
  linear =   156 [     86209] cuts =  0 [   0]

== RICHARDS FLOW ===============================================================
  0 2r: 2.33E-02 2x: 0.00E+00 2u: 0.00E+00 ir: 2.26E-02 iu: 0.00E+00 rsn:   0
  1 2r: 7.84E-06 2x: 1.72E+09 2u: 8.96E+02 ir: 3.81E-06 iu: 2.99E+02 rsn:   0
  2 2r: 7.78E-06 2x: 1.72E+09 2u: 3.06E-02 ir: 3.81E-06 iu: 1.02E-02 rsn: stol

 Step    606 Time=  5.50321E-01 Dt=  8.47439E-06 [hour] conv_reason: 4
  newton =   2 [    1196] linear =     4 [      2418] cuts =  0 [   0]
  --> SNES Linear/Non-Linear Iterations = 4 / 2
  --> SNES Residual: 0.778281E-05 0.148315E-09 0.381470E-05
  --> max change: dpmx=   2.9879E+02

== GEOMECHANICS ================================================================

 Step    606 Time=  5.50321E-01 Dt=  8.47439E-06 [hour] conv_reason: 2
  linear =   143 [     86352] cuts =  0 [   0]

== RICHARDS FLOW ===============================================================
  0 2r: 2.33E-02 2x: 0.00E+00 2u: 0.00E+00 ir: 2.26E-02 iu: 0.00E+00 rsn:   0
  1 2r: 8.97E-06 2x: 1.72E+09 2u: 8.96E+02 ir: 3.22E-06 iu: 2.99E+02 rsn:   0
  2 2r: 9.65E-06 2x: 1.72E+09 2u: 3.06E-02 ir: 3.22E-06 iu: 1.02E-02 rsn: stol

 Step    607 Time=  5.50330E-01 Dt=  8.49011E-06 [hour] conv_reason: 4
  newton =   2 [    1198] linear =     4 [      2422] cuts =  0 [   0]
  --> SNES Linear/Non-Linear Iterations = 4 / 2
  --> SNES Residual: 0.965085E-05 0.183913E-09 0.321865E-05
  --> max change: dpmx=   2.9879E+02

== GEOMECHANICS ================================================================

 Step    607 Time=  5.50330E-01 Dt=  8.49011E-06 [hour] conv_reason: 2
  linear =   147 [     86499] cuts =  0 [   0]

== RICHARDS FLOW ===============================================================
  0 2r: 2.33E-02 2x: 0.00E+00 2u: 0.00E+00 ir: 2.26E-02 iu: 0.00E+00 rsn:   0
  1 2r: 6.66E-06 2x: 1.72E+09 2u: 8.96E+02 ir: 3.22E-06 iu: 2.99E+02 rsn:   0
  2 2r: 6.58E-06 2x: 1.72E+09 2u: 3.07E-02 ir: 3.22E-06 iu: 1.02E-02 rsn: stol

 Step    608 Time=  5.50338E-01 Dt=  8.50589E-06 [hour] conv_reason: 4
  newton =   2 [    1200] linear =     4 [      2426] cuts =  0 [   0]
  --> SNES Linear/Non-Linear Iterations = 4 / 2
  --> SNES Residual: 0.658310E-05 0.125452E-09 0.321865E-05
  --> max change: dpmx=   2.9879E+02

== GEOMECHANICS ================================================================

 Step    608 Time=  5.50338E-01 Dt=  8.50589E-06 [hour] conv_reason: 2
  linear =   137 [     86636] cuts =  0 [   0]

== RICHARDS FLOW ===============================================================
  0 2r: 2.33E-02 2x: 0.00E+00 2u: 0.00E+00 ir: 2.26E-02 iu: 0.00E+00 rsn:   0
  1 2r: 8.58E-06 2x: 1.72E+09 2u: 8.96E+02 ir: 3.81E-06 iu: 2.99E+02 rsn:   0
  2 2r: 8.55E-06 2x: 1.72E+09 2u: 3.07E-02 ir: 3.81E-06 iu: 1.03E-02 rsn: stol

 Step    609 Time=  5.50347E-01 Dt=  8.52173E-06 [hour] conv_reason: 4
  newton =   2 [    1202] linear =     4 [      2430] cuts =  0 [   0]
  --> SNES Linear/Non-Linear Iterations = 4 / 2
  --> SNES Residual: 0.854542E-05 0.162848E-09 0.381470E-05
  --> max change: dpmx=   2.9879E+02

== GEOMECHANICS ================================================================

 Step    609 Time=  5.50347E-01 Dt=  8.52173E-06 [hour] conv_reason: 2
  linear =   148 [     86784] cuts =  0 [   0]

== RICHARDS FLOW ===============================================================
  0 2r: 2.33E-02 2x: 0.00E+00 2u: 0.00E+00 ir: 2.26E-02 iu: 0.00E+00 rsn:   0
  1 2r: 8.59E-06 2x: 1.72E+09 2u: 8.96E+02 ir: 3.81E-06 iu: 2.99E+02 rsn:   0
  2 2r: 7.30E-06 2x: 1.72E+09 2u: 3.08E-02 ir: 3.22E-06 iu: 1.03E-02 rsn: stol

 Step    610 Time=  5.50355E-01 Dt=  8.53762E-06 [hour] conv_reason: 4
  newton =   2 [    1204] linear =     4 [      2434] cuts =  0 [   0]
  --> SNES Linear/Non-Linear Iterations = 4 / 2
  --> SNES Residual: 0.729704E-05 0.139057E-09 0.321865E-05
  --> max change: dpmx=   2.9878E+02

== GEOMECHANICS ================================================================

 Step    610 Time=  5.50355E-01 Dt=  8.53762E-06 [hour] conv_reason: 2
  linear =   140 [     86924] cuts =  0 [   0]

== RICHARDS FLOW ===============================================================
  0 2r: 2.33E-02 2x: 0.00E+00 2u: 0.00E+00 ir: 2.26E-02 iu: 0.00E+00 rsn:   0
  1 2r: 8.73E-06 2x: 1.72E+09 2u: 8.96E+02 ir: 3.81E-06 iu: 2.99E+02 rsn:   0
  2 2r: 8.69E-06 2x: 1.72E+09 2u: 3.09E-02 ir: 3.81E-06 iu: 1.03E-02 rsn: stol

 Step    611 Time=  5.50364E-01 Dt=  8.55357E-06 [hour] conv_reason: 4
  newton =   2 [    1206] linear =     4 [      2438] cuts =  0 [   0]
  --> SNES Linear/Non-Linear Iterations = 4 / 2
  --> SNES Residual: 0.869147E-05 0.165631E-09 0.381470E-05
  --> max change: dpmx=   2.9878E+02

== GEOMECHANICS ================================================================

 Step    611 Time=  5.50364E-01 Dt=  8.55357E-06 [hour] conv_reason: 2
  linear =   140 [     87064] cuts =  0 [   0]

== RICHARDS FLOW ===============================================================
  0 2r: 2.33E-02 2x: 0.00E+00 2u: 0.00E+00 ir: 2.26E-02 iu: 0.00E+00 rsn:   0
  1 2r: 7.15E-06 2x: 1.72E+09 2u: 8.96E+02 ir: 3.22E-06 iu: 2.99E+02 rsn:   0
  2 2r: 7.15E-06 2x: 1.72E+09 2u: 3.09E-02 ir: 3.22E-06 iu: 1.03E-02 rsn: stol

 Step    612 Time=  5.50372E-01 Dt=  8.56959E-06 [hour] conv_reason: 4
  newton =   2 [    1208] linear =     4 [      2442] cuts =  0 [   0]
  --> SNES Linear/Non-Linear Iterations = 4 / 2
  --> SNES Residual: 0.714712E-05 0.136200E-09 0.321865E-05
  --> max change: dpmx=   2.9878E+02

== GEOMECHANICS ================================================================

 Step    612 Time=  5.50372E-01 Dt=  8.56959E-06 [hour] conv_reason: 2
  linear =   149 [     87213] cuts =  0 [   0]

== RICHARDS FLOW ===============================================================
  0 2r: 2.33E-02 2x: 0.00E+00 2u: 0.00E+00 ir: 2.26E-02 iu: 0.00E+00 rsn:   0
  1 2r: 9.06E-06 2x: 1.72E+09 2u: 8.96E+02 ir: 3.81E-06 iu: 2.99E+02 rsn:   0
  2 2r: 9.57E-06 2x: 1.72E+09 2u: 3.10E-02 ir: 3.81E-06 iu: 1.03E-02 rsn: stol

 Step    613 Time=  5.50381E-01 Dt=  8.58566E-06 [hour] conv_reason: 4
  newton =   2 [    1210] linear =     4 [      2446] cuts =  0 [   0]
  --> SNES Linear/Non-Linear Iterations = 4 / 2
  --> SNES Residual: 0.956608E-05 0.182298E-09 0.381470E-05
  --> max change: dpmx=   2.9878E+02

== GEOMECHANICS ================================================================

 Step    613 Time=  5.50381E-01 Dt=  8.58566E-06 [hour] conv_reason: 2
  linear =   146 [     87359] cuts =  0 [   0]

== RICHARDS FLOW ===============================================================
  0 2r: 2.33E-02 2x: 0.00E+00 2u: 0.00E+00 ir: 2.26E-02 iu: 0.00E+00 rsn:   0
  1 2r: 7.04E-06 2x: 1.72E+09 2u: 8.96E+02 ir: 3.22E-06 iu: 2.99E+02 rsn:   0
  2 2r: 7.05E-06 2x: 1.72E+09 2u: 3.10E-02 ir: 3.22E-06 iu: 1.03E-02 rsn: stol

 Step    614 Time=  5.50389E-01 Dt=  8.60179E-06 [hour] conv_reason: 4
  newton =   2 [    1212] linear =     4 [      2450] cuts =  0 [   0]
  --> SNES Linear/Non-Linear Iterations = 4 / 2
  --> SNES Residual: 0.704657E-05 0.134284E-09 0.321865E-05
  --> max change: dpmx=   2.9877E+02

== GEOMECHANICS ================================================================

 Step    614 Time=  5.50389E-01 Dt=  8.60179E-06 [hour] conv_reason: 2
  linear =   139 [     87498] cuts =  0 [   0]

== RICHARDS FLOW ===============================================================
  0 2r: 2.33E-02 2x: 0.00E+00 2u: 0.00E+00 ir: 2.26E-02 iu: 0.00E+00 rsn:   0
  1 2r: 8.97E-06 2x: 1.72E+09 2u: 8.96E+02 ir: 3.81E-06 iu: 2.99E+02 rsn:   0
  2 2r: 1.09E-05 2x: 1.72E+09 2u: 3.11E-02 ir: 7.63E-06 iu: 1.04E-02 rsn: stol

 Step    615 Time=  5.50398E-01 Dt=  8.61799E-06 [hour] conv_reason: 4
  newton =   2 [    1214] linear =     4 [      2454] cuts =  0 [   0]
  --> SNES Linear/Non-Linear Iterations = 4 / 2
  --> SNES Residual: 0.108562E-04 0.206883E-09 0.762939E-05
  --> max change: dpmx=   2.9877E+02

== GEOMECHANICS ================================================================

 Step    615 Time=  5.50398E-01 Dt=  8.61799E-06 [hour] conv_reason: 2
  linear =   149 [     87647] cuts =  0 [   0]

== RICHARDS FLOW ===============================================================
  0 2r: 2.33E-02 2x: 0.00E+00 2u: 0.00E+00 ir: 2.26E-02 iu: 0.00E+00 rsn:   0
  1 2r: 9.87E-06 2x: 1.72E+09 2u: 8.96E+02 ir: 7.63E-06 iu: 2.99E+02 rsn:   0
  2 2r: 9.83E-06 2x: 1.72E+09 2u: 3.11E-02 ir: 7.63E-06 iu: 1.04E-02 rsn: stol

 Step    616 Time=  5.50407E-01 Dt=  8.63424E-06 [hour] conv_reason: 4
  newton =   2 [    1216] linear =     4 [      2458] cuts =  0 [   0]
  --> SNES Linear/Non-Linear Iterations = 4 / 2
  --> SNES Residual: 0.982958E-05 0.187319E-09 0.762939E-05
  --> max change: dpmx=   2.9877E+02

== GEOMECHANICS ================================================================

 Step    616 Time=  5.50407E-01 Dt=  8.63424E-06 [hour] conv_reason: 2
  linear =   140 [     87787] cuts =  0 [   0]

== RICHARDS FLOW ===============================================================
  0 2r: 2.33E-02 2x: 0.00E+00 2u: 0.00E+00 ir: 2.26E-02 iu: 0.00E+00 rsn:   0
  1 2r: 9.89E-06 2x: 1.72E+09 2u: 8.96E+02 ir: 7.63E-06 iu: 2.99E+02 rsn:   0
  2 2r: 9.86E-06 2x: 1.72E+09 2u: 3.12E-02 ir: 7.63E-06 iu: 1.04E-02 rsn: stol

 Step    617 Time=  5.50415E-01 Dt=  8.65056E-06 [hour] conv_reason: 4
  newton =   2 [    1218] linear =     4 [      2462] cuts =  0 [   0]
  --> SNES Linear/Non-Linear Iterations = 4 / 2
  --> SNES Residual: 0.986266E-05 0.187950E-09 0.762939E-05
  --> max change: dpmx=   2.9877E+02

== GEOMECHANICS ================================================================

 Step    617 Time=  5.50415E-01 Dt=  8.65056E-06 [hour] conv_reason: 2
  linear =   139 [     87926] cuts =  0 [   0]

== RICHARDS FLOW ===============================================================
  0 2r: 2.33E-02 2x: 0.00E+00 2u: 0.00E+00 ir: 2.26E-02 iu: 0.00E+00 rsn:   0
  1 2r: 1.09E-05 2x: 1.72E+09 2u: 8.96E+02 ir: 7.63E-06 iu: 2.99E+02 rsn:   0
  2 2r: 1.09E-05 2x: 1.72E+09 2u: 3.13E-02 ir: 7.63E-06 iu: 1.04E-02 rsn: stol

 Step    618 Time=  5.50424E-01 Dt=  8.66694E-06 [hour] conv_reason: 4
  newton =   2 [    1220] linear =     4 [      2466] cuts =  0 [   0]
  --> SNES Linear/Non-Linear Iterations = 4 / 2
  --> SNES Residual: 0.108594E-04 0.206945E-09 0.762939E-05
  --> max change: dpmx=   2.9877E+02

== GEOMECHANICS ================================================================

 Step    618 Time=  5.50424E-01 Dt=  8.66694E-06 [hour] conv_reason: 2
  linear =   143 [     88069] cuts =  0 [   0]

== RICHARDS FLOW ===============================================================
  0 2r: 2.33E-02 2x: 0.00E+00 2u: 0.00E+00 ir: 2.26E-02 iu: 0.00E+00 rsn:   0
  1 2r: 9.70E-06 2x: 1.72E+09 2u: 8.96E+02 ir: 7.63E-06 iu: 2.99E+02 rsn:   0
  2 2r: 9.70E-06 2x: 1.72E+09 2u: 3.13E-02 ir: 7.63E-06 iu: 1.04E-02 rsn: stol

 Step    619 Time=  5.50433E-01 Dt=  8.68337E-06 [hour] conv_reason: 4
  newton =   2 [    1222] linear =     4 [      2470] cuts =  0 [   0]
  --> SNES Linear/Non-Linear Iterations = 4 / 2
  --> SNES Residual: 0.969761E-05 0.184804E-09 0.762939E-05
  --> max change: dpmx=   2.9876E+02

== GEOMECHANICS ================================================================

 Step    619 Time=  5.50433E-01 Dt=  8.68337E-06 [hour] conv_reason: 2
  linear =   145 [     88214] cuts =  0 [   0]

== RICHARDS FLOW ===============================================================
  0 2r: 2.33E-02 2x: 0.00E+00 2u: 0.00E+00 ir: 2.26E-02 iu: 0.00E+00 rsn:   0
  1 2r: 1.07E-05 2x: 1.72E+09 2u: 8.96E+02 ir: 7.63E-06 iu: 2.99E+02 rsn:   0
  2 2r: 1.07E-05 2x: 1.72E+09 2u: 3.14E-02 ir: 7.63E-06 iu: 1.05E-02 rsn: stol

 Step    620 Time=  5.50441E-01 Dt=  8.69988E-06 [hour] conv_reason: 4
  newton =   2 [    1224] linear =     4 [      2474] cuts =  0 [   0]
  --> SNES Linear/Non-Linear Iterations = 4 / 2
  --> SNES Residual: 0.107017E-04 0.203939E-09 0.762939E-05
  --> max change: dpmx=   2.9876E+02

== GEOMECHANICS ================================================================

 Step    620 Time=  5.50441E-01 Dt=  8.69988E-06 [hour] conv_reason: 2
  linear =   142 [     88356] cuts =  0 [   0]

== RICHARDS FLOW ===============================================================
  0 2r: 2.33E-02 2x: 0.00E+00 2u: 0.00E+00 ir: 2.26E-02 iu: 0.00E+00 rsn:   0
  1 2r: 9.76E-06 2x: 1.72E+09 2u: 8.96E+02 ir: 7.63E-06 iu: 2.99E+02 rsn:   0
  2 2r: 9.72E-06 2x: 1.72E+09 2u: 3.14E-02 ir: 7.63E-06 iu: 1.05E-02 rsn: stol

 Step    621 Time=  5.50450E-01 Dt=  8.71644E-06 [hour] conv_reason: 4
  newton =   2 [    1226] linear =     4 [      2478] cuts =  0 [   0]
  --> SNES Linear/Non-Linear Iterations = 4 / 2
  --> SNES Residual: 0.972486E-05 0.185324E-09 0.762939E-05
  --> max change: dpmx=   2.9876E+02

== GEOMECHANICS ================================================================

 Step    621 Time=  5.50450E-01 Dt=  8.71644E-06 [hour] conv_reason: 2
  linear =   138 [     88494] cuts =  0 [   0]

== RICHARDS FLOW ===============================================================
  0 2r: 2.33E-02 2x: 0.00E+00 2u: 0.00E+00 ir: 2.26E-02 iu: 0.00E+00 rsn:   0
  1 2r: 1.07E-05 2x: 1.72E+09 2u: 8.96E+02 ir: 7.63E-06 iu: 2.99E+02 rsn:   0
  2 2r: 1.07E-05 2x: 1.72E+09 2u: 3.15E-02 ir: 7.63E-06 iu: 1.05E-02 rsn: stol

 Step    622 Time=  5.50459E-01 Dt=  8.73307E-06 [hour] conv_reason: 4
  newton =   2 [    1228] linear =     4 [      2482] cuts =  0 [   0]
  --> SNES Linear/Non-Linear Iterations = 4 / 2
  --> SNES Residual: 0.106909E-04 0.203734E-09 0.762939E-05
  --> max change: dpmx=   2.9876E+02

== GEOMECHANICS ================================================================

 Step    622 Time=  5.50459E-01 Dt=  8.73307E-06 [hour] conv_reason: 2
  linear =   147 [     88641] cuts =  0 [   0]

== RICHARDS FLOW ===============================================================
  0 2r: 2.33E-02 2x: 0.00E+00 2u: 0.00E+00 ir: 2.26E-02 iu: 0.00E+00 rsn:   0
  1 2r: 9.47E-06 2x: 1.72E+09 2u: 8.96E+02 ir: 7.63E-06 iu: 2.99E+02 rsn:   0
  2 2r: 9.44E-06 2x: 1.72E+09 2u: 3.16E-02 ir: 7.63E-06 iu: 1.05E-02 rsn: stol

 Step    623 Time=  5.50468E-01 Dt=  8.74976E-06 [hour] conv_reason: 4
  newton =   2 [    1230] linear =     4 [      2486] cuts =  0 [   0]
  --> SNES Linear/Non-Linear Iterations = 4 / 2
  --> SNES Residual: 0.943958E-05 0.179887E-09 0.762939E-05
  --> max change: dpmx=   2.9876E+02

== GEOMECHANICS ================================================================

 Step    623 Time=  5.50468E-01 Dt=  8.74976E-06 [hour] conv_reason: 2
  linear =   140 [     88781] cuts =  0 [   0]

== RICHARDS FLOW ===============================================================
  0 2r: 2.33E-02 2x: 0.00E+00 2u: 0.00E+00 ir: 2.26E-02 iu: 0.00E+00 rsn:   0
  1 2r: 1.01E-05 2x: 1.72E+09 2u: 8.96E+02 ir: 7.63E-06 iu: 2.99E+02 rsn:   0
  2 2r: 1.01E-05 2x: 1.72E+09 2u: 3.16E-02 ir: 7.63E-06 iu: 1.05E-02 rsn: stol

 Step    624 Time=  5.50476E-01 Dt=  8.76651E-06 [hour] conv_reason: 4
  newton =   2 [    1232] linear =     4 [      2490] cuts =  0 [   0]
  --> SNES Linear/Non-Linear Iterations = 4 / 2
  --> SNES Residual: 0.100514E-04 0.191546E-09 0.762939E-05
  --> max change: dpmx=   2.9875E+02

== GEOMECHANICS ================================================================

 Step    624 Time=  5.50476E-01 Dt=  8.76651E-06 [hour] conv_reason: 2
  linear =   140 [     88921] cuts =  0 [   0]

== RICHARDS FLOW ===============================================================
  0 2r: 2.33E-02 2x: 0.00E+00 2u: 0.00E+00 ir: 2.26E-02 iu: 0.00E+00 rsn:   0
  1 2r: 7.75E-06 2x: 1.72E+09 2u: 8.96E+02 ir: 3.81E-06 iu: 2.99E+02 rsn:   0
  2 2r: 7.72E-06 2x: 1.72E+09 2u: 3.17E-02 ir: 3.81E-06 iu: 1.06E-02 rsn: stol

 Step    625 Time=  5.50485E-01 Dt=  8.78333E-06 [hour] conv_reason: 4
  newton =   2 [    1234] linear =     4 [      2494] cuts =  0 [   0]
  --> SNES Linear/Non-Linear Iterations = 4 / 2
  --> SNES Residual: 0.771536E-05 0.147029E-09 0.381470E-05
  --> max change: dpmx=   2.9875E+02

== GEOMECHANICS ================================================================

 Step    625 Time=  5.50485E-01 Dt=  8.78333E-06 [hour] conv_reason: 2
  linear =   143 [     89064] cuts =  0 [   0]

== RICHARDS FLOW ===============================================================
  0 2r: 2.33E-02 2x: 0.00E+00 2u: 0.00E+00 ir: 2.26E-02 iu: 0.00E+00 rsn:   0
  1 2r: 6.44E-06 2x: 1.72E+09 2u: 8.96E+02 ir: 3.22E-06 iu: 2.99E+02 rsn:   0
  2 2r: 6.38E-06 2x: 1.72E+09 2u: 3.17E-02 ir: 3.22E-06 iu: 1.06E-02 rsn: stol

 Step    626 Time=  5.50494E-01 Dt=  8.80021E-06 [hour] conv_reason: 4
  newton =   2 [    1236] linear =     4 [      2498] cuts =  0 [   0]
  --> SNES Linear/Non-Linear Iterations = 4 / 2
  --> SNES Residual: 0.637741E-05 0.121532E-09 0.321865E-05
  --> max change: dpmx=   2.9875E+02

== GEOMECHANICS ================================================================

 Step    626 Time=  5.50494E-01 Dt=  8.80021E-06 [hour] conv_reason: 2
  linear =   141 [     89205] cuts =  0 [   0]

== RICHARDS FLOW ===============================================================
  0 2r: 2.33E-02 2x: 0.00E+00 2u: 0.00E+00 ir: 2.26E-02 iu: 0.00E+00 rsn:   0
  1 2r: 7.00E-06 2x: 1.72E+09 2u: 8.96E+02 ir: 3.22E-06 iu: 2.99E+02 rsn:   0
  2 2r: 6.96E-06 2x: 1.72E+09 2u: 3.18E-02 ir: 3.22E-06 iu: 1.06E-02 rsn: stol

 Step    627 Time=  5.50503E-01 Dt=  8.81716E-06 [hour] conv_reason: 4
  newton =   2 [    1238] linear =     4 [      2502] cuts =  0 [   0]
  --> SNES Linear/Non-Linear Iterations = 4 / 2
  --> SNES Residual: 0.696196E-05 0.132672E-09 0.321865E-05
  --> max change: dpmx=   2.9875E+02

== GEOMECHANICS ================================================================

 Step    627 Time=  5.50503E-01 Dt=  8.81716E-06 [hour] conv_reason: 2
  linear =   141 [     89346] cuts =  0 [   0]

== RICHARDS FLOW ===============================================================
  0 2r: 2.33E-02 2x: 0.00E+00 2u: 0.00E+00 ir: 2.26E-02 iu: 0.00E+00 rsn:   0
  1 2r: 6.16E-06 2x: 1.72E+09 2u: 8.96E+02 ir: 3.22E-06 iu: 2.99E+02 rsn:   0
  2 2r: 6.16E-06 2x: 1.72E+09 2u: 3.19E-02 ir: 3.22E-06 iu: 1.06E-02 rsn: stol

 Step    628 Time=  5.50512E-01 Dt=  8.83417E-06 [hour] conv_reason: 4
  newton =   2 [    1240] linear =     4 [      2506] cuts =  0 [   0]
  --> SNES Linear/Non-Linear Iterations = 4 / 2
  --> SNES Residual: 0.616339E-05 0.117454E-09 0.321865E-05
  --> max change: dpmx=   2.9874E+02

== GEOMECHANICS ================================================================

 Step    628 Time=  5.50512E-01 Dt=  8.83417E-06 [hour] conv_reason: 2
  linear =   141 [     89487] cuts =  0 [   0]

== RICHARDS FLOW ===============================================================
  0 2r: 2.33E-02 2x: 0.00E+00 2u: 0.00E+00 ir: 2.26E-02 iu: 0.00E+00 rsn:   0
  1 2r: 7.09E-06 2x: 1.72E+09 2u: 8.96E+02 ir: 3.22E-06 iu: 2.99E+02 rsn:   0
  2 2r: 7.07E-06 2x: 1.72E+09 2u: 3.19E-02 ir: 3.22E-06 iu: 1.06E-02 rsn: stol

 Step    629 Time=  5.50520E-01 Dt=  8.85125E-06 [hour] conv_reason: 4
  newton =   2 [    1242] linear =     4 [      2510] cuts =  0 [   0]
  --> SNES Linear/Non-Linear Iterations = 4 / 2
  --> SNES Residual: 0.707002E-05 0.134731E-09 0.321865E-05
  --> max change: dpmx=   2.9874E+02

== GEOMECHANICS ================================================================

 Step    629 Time=  5.50520E-01 Dt=  8.85125E-06 [hour] conv_reason: 2
  linear =   143 [     89630] cuts =  0 [   0]

== RICHARDS FLOW ===============================================================
  0 2r: 2.33E-02 2x: 0.00E+00 2u: 0.00E+00 ir: 2.26E-02 iu: 0.00E+00 rsn:   0
  1 2r: 6.22E-06 2x: 1.72E+09 2u: 8.96E+02 ir: 3.81E-06 iu: 2.99E+02 rsn:   0
  2 2r: 9.10E-06 2x: 1.72E+09 2u: 3.20E-02 ir: 7.63E-06 iu: 1.07E-02 rsn: stol

 Step    630 Time=  5.50529E-01 Dt=  8.86839E-06 [hour] conv_reason: 4
  newton =   2 [    1244] linear =     4 [      2514] cuts =  0 [   0]
  --> SNES Linear/Non-Linear Iterations = 4 / 2
  --> SNES Residual: 0.910131E-05 0.173441E-09 0.762939E-05
  --> max change: dpmx=   2.9874E+02

== GEOMECHANICS ================================================================

 Step    630 Time=  5.50529E-01 Dt=  8.86839E-06 [hour] conv_reason: 2
  linear =   137 [     89767] cuts =  0 [   0]

== RICHARDS FLOW ===============================================================
  0 2r: 2.33E-02 2x: 0.00E+00 2u: 0.00E+00 ir: 2.26E-02 iu: 0.00E+00 rsn:   0
  1 2r: 8.06E-06 2x: 1.72E+09 2u: 8.96E+02 ir: 3.81E-06 iu: 2.99E+02 rsn:   0
  2 2r: 8.04E-06 2x: 1.72E+09 2u: 3.21E-02 ir: 3.81E-06 iu: 1.07E-02 rsn: stol

 Step    631 Time=  5.50538E-01 Dt=  8.88560E-06 [hour] conv_reason: 4
  newton =   2 [    1246] linear =     4 [      2518] cuts =  0 [   0]
  --> SNES Linear/Non-Linear Iterations = 4 / 2
  --> SNES Residual: 0.803937E-05 0.153204E-09 0.381470E-05
  --> max change: dpmx=   2.9874E+02

== GEOMECHANICS ================================================================

 Step    631 Time=  5.50538E-01 Dt=  8.88560E-06 [hour] conv_reason: 2
  linear =   139 [     89906] cuts =  0 [   0]

== RICHARDS FLOW ===============================================================
  0 2r: 2.33E-02 2x: 0.00E+00 2u: 0.00E+00 ir: 2.26E-02 iu: 0.00E+00 rsn:   0
  1 2r: 9.76E-06 2x: 1.72E+09 2u: 8.96E+02 ir: 7.63E-06 iu: 2.99E+02 rsn:   0
  2 2r: 6.12E-06 2x: 1.72E+09 2u: 3.21E-02 ir: 3.22E-06 iu: 1.07E-02 rsn: stol

 Step    632 Time=  5.50547E-01 Dt=  8.90288E-06 [hour] conv_reason: 4
  newton =   2 [    1248] linear =     4 [      2522] cuts =  0 [   0]
  --> SNES Linear/Non-Linear Iterations = 4 / 2
  --> SNES Residual: 0.611742E-05 0.116578E-09 0.321865E-05
  --> max change: dpmx=   2.9874E+02

== GEOMECHANICS ================================================================

 Step    632 Time=  5.50547E-01 Dt=  8.90288E-06 [hour] conv_reason: 2
  linear =   139 [     90045] cuts =  0 [   0]

== RICHARDS FLOW ===============================================================
  0 2r: 2.33E-02 2x: 0.00E+00 2u: 0.00E+00 ir: 2.26E-02 iu: 0.00E+00 rsn:   0
  1 2r: 6.55E-06 2x: 1.72E+09 2u: 8.96E+02 ir: 3.22E-06 iu: 2.99E+02 rsn:   0
  2 2r: 6.47E-06 2x: 1.72E+09 2u: 3.22E-02 ir: 3.22E-06 iu: 1.07E-02 rsn: stol

 Step    633 Time=  5.50556E-01 Dt=  8.92022E-06 [hour] conv_reason: 4
  newton =   2 [    1250] linear =     4 [      2526] cuts =  0 [   0]
  --> SNES Linear/Non-Linear Iterations = 4 / 2
  --> SNES Residual: 0.647317E-05 0.123357E-09 0.321865E-05
  --> max change: dpmx=   2.9873E+02

== GEOMECHANICS ================================================================

 Step    633 Time=  5.50556E-01 Dt=  8.92022E-06 [hour] conv_reason: 2
  linear =   143 [     90188] cuts =  0 [   0]

== RICHARDS FLOW ===============================================================
  0 2r: 2.33E-02 2x: 0.00E+00 2u: 0.00E+00 ir: 2.26E-02 iu: 0.00E+00 rsn:   0
  1 2r: 6.15E-06 2x: 1.72E+09 2u: 8.96E+02 ir: 3.81E-06 iu: 2.99E+02 rsn:   0
  2 2r: 6.14E-06 2x: 1.72E+09 2u: 3.22E-02 ir: 3.81E-06 iu: 1.08E-02 rsn: stol

 Step    634 Time=  5.50565E-01 Dt=  8.93764E-06 [hour] conv_reason: 4
  newton =   2 [    1252] linear =     4 [      2530] cuts =  0 [   0]
  --> SNES Linear/Non-Linear Iterations = 4 / 2
  --> SNES Residual: 0.613949E-05 0.116998E-09 0.381470E-05
  --> max change: dpmx=   2.9873E+02

== GEOMECHANICS ================================================================

 Step    634 Time=  5.50565E-01 Dt=  8.93764E-06 [hour] conv_reason: 2
  linear =   145 [     90333] cuts =  0 [   0]

== RICHARDS FLOW ===============================================================
  0 2r: 2.33E-02 2x: 0.00E+00 2u: 0.00E+00 ir: 2.26E-02 iu: 0.00E+00 rsn:   0
  1 2r: 6.52E-06 2x: 1.72E+09 2u: 8.96E+02 ir: 3.81E-06 iu: 2.99E+02 rsn:   0
  2 2r: 6.51E-06 2x: 1.72E+09 2u: 3.23E-02 ir: 3.81E-06 iu: 1.08E-02 rsn: stol

 Step    635 Time=  5.50574E-01 Dt=  8.95511E-06 [hour] conv_reason: 4
  newton =   2 [    1254] linear =     4 [      2534] cuts =  0 [   0]
  --> SNES Linear/Non-Linear Iterations = 4 / 2
  --> SNES Residual: 0.651044E-05 0.124067E-09 0.381470E-05
  --> max change: dpmx=   2.9873E+02

== GEOMECHANICS ================================================================

 Step    635 Time=  5.50574E-01 Dt=  8.95511E-06 [hour] conv_reason: 2
  linear =   139 [     90472] cuts =  0 [   0]

== RICHARDS FLOW ===============================================================
  0 2r: 2.33E-02 2x: 0.00E+00 2u: 0.00E+00 ir: 2.26E-02 iu: 0.00E+00 rsn:   0
  1 2r: 7.95E-06 2x: 1.72E+09 2u: 8.96E+02 ir: 3.81E-06 iu: 2.99E+02 rsn:   0
  2 2r: 6.98E-06 2x: 1.72E+09 2u: 3.24E-02 ir: 3.22E-06 iu: 1.08E-02 rsn: stol

 Step    636 Time=  5.50583E-01 Dt=  8.97266E-06 [hour] conv_reason: 4
  newton =   2 [    1256] linear =     4 [      2538] cuts =  0 [   0]
  --> SNES Linear/Non-Linear Iterations = 4 / 2
  --> SNES Residual: 0.698403E-05 0.133093E-09 0.321865E-05
  --> max change: dpmx=   2.9873E+02

== GEOMECHANICS ================================================================

 Step    636 Time=  5.50583E-01 Dt=  8.97266E-06 [hour] conv_reason: 2
  linear =   140 [     90612] cuts =  0 [   0]

== RICHARDS FLOW ===============================================================
  0 2r: 2.33E-02 2x: 0.00E+00 2u: 0.00E+00 ir: 2.26E-02 iu: 0.00E+00 rsn:   0
  1 2r: 5.75E-06 2x: 1.72E+09 2u: 8.96E+02 ir: 3.22E-06 iu: 2.99E+02 rsn:   0
  2 2r: 5.76E-06 2x: 1.72E+09 2u: 3.24E-02 ir: 3.22E-06 iu: 1.08E-02 rsn: stol

 Step    637 Time=  5.50592E-01 Dt=  8.99028E-06 [hour] conv_reason: 4
  newton =   2 [    1258] linear =     4 [      2542] cuts =  0 [   0]
  --> SNES Linear/Non-Linear Iterations = 4 / 2
  --> SNES Residual: 0.576015E-05 0.109769E-09 0.321865E-05
  --> max change: dpmx=   2.9872E+02

== GEOMECHANICS ================================================================

 Step    637 Time=  5.50592E-01 Dt=  8.99028E-06 [hour] conv_reason: 2
  linear =   143 [     90755] cuts =  0 [   0]

== RICHARDS FLOW ===============================================================
  0 2r: 2.33E-02 2x: 0.00E+00 2u: 0.00E+00 ir: 2.26E-02 iu: 0.00E+00 rsn:   0
  1 2r: 7.70E-06 2x: 1.72E+09 2u: 8.96E+02 ir: 3.81E-06 iu: 2.99E+02 rsn:   0
  2 2r: 6.72E-06 2x: 1.72E+09 2u: 3.25E-02 ir: 3.22E-06 iu: 1.08E-02 rsn: stol

 Step    638 Time=  5.50601E-01 Dt=  9.00796E-06 [hour] conv_reason: 4
  newton =   2 [    1260] linear =     4 [      2546] cuts =  0 [   0]
  --> SNES Linear/Non-Linear Iterations = 4 / 2
  --> SNES Residual: 0.672207E-05 0.128101E-09 0.321865E-05
  --> max change: dpmx=   2.9872E+02

== GEOMECHANICS ================================================================

 Step    638 Time=  5.50601E-01 Dt=  9.00796E-06 [hour] conv_reason: 2
  linear =   136 [     90891] cuts =  0 [   0]

== RICHARDS FLOW ===============================================================
  0 2r: 2.33E-02 2x: 0.00E+00 2u: 0.00E+00 ir: 2.26E-02 iu: 0.00E+00 rsn:   0
  1 2r: 6.26E-06 2x: 1.72E+09 2u: 8.96E+02 ir: 3.81E-06 iu: 2.99E+02 rsn:   0
  2 2r: 4.87E-06 2x: 1.72E+09 2u: 3.26E-02 ir: 3.22E-06 iu: 1.09E-02 rsn: stol

 Step    639 Time=  5.50610E-01 Dt=  9.02572E-06 [hour] conv_reason: 4
  newton =   2 [    1262] linear =     4 [      2550] cuts =  0 [   0]
  --> SNES Linear/Non-Linear Iterations = 4 / 2
  --> SNES Residual: 0.487102E-05 0.928255E-10 0.321865E-05
  --> max change: dpmx=   2.9872E+02

== GEOMECHANICS ================================================================

 Step    639 Time=  5.50610E-01 Dt=  9.02572E-06 [hour] conv_reason: 2
  linear =   135 [     91026] cuts =  0 [   0]

== RICHARDS FLOW ===============================================================
  0 2r: 2.33E-02 2x: 0.00E+00 2u: 0.00E+00 ir: 2.26E-02 iu: 0.00E+00 rsn:   0
  1 2r: 6.82E-06 2x: 1.72E+09 2u: 8.96E+02 ir: 3.22E-06 iu: 2.99E+02 rsn:   0
  2 2r: 6.80E-06 2x: 1.72E+09 2u: 3.26E-02 ir: 3.22E-06 iu: 1.09E-02 rsn: stol

 Step    640 Time=  5.50619E-01 Dt=  9.04354E-06 [hour] conv_reason: 4
  newton =   2 [    1264] linear =     4 [      2554] cuts =  0 [   0]
  --> SNES Linear/Non-Linear Iterations = 4 / 2
  --> SNES Residual: 0.680062E-05 0.129597E-09 0.321865E-05
  --> max change: dpmx=   2.9872E+02

== GEOMECHANICS ================================================================

 Step    640 Time=  5.50619E-01 Dt=  9.04354E-06 [hour] conv_reason: 2
  linear =   140 [     91166] cuts =  0 [   0]

== RICHARDS FLOW ===============================================================
  0 2r: 2.33E-02 2x: 0.00E+00 2u: 0.00E+00 ir: 2.26E-02 iu: 0.00E+00 rsn:   0
  1 2r: 5.03E-06 2x: 1.72E+09 2u: 8.96E+02 ir: 3.22E-06 iu: 2.99E+02 rsn:   0
  2 2r: 5.07E-06 2x: 1.72E+09 2u: 3.27E-02 ir: 3.22E-06 iu: 1.09E-02 rsn: stol

 Step    641 Time=  5.50628E-01 Dt=  9.06144E-06 [hour] conv_reason: 4
  newton =   2 [    1266] linear =     4 [      2558] cuts =  0 [   0]
  --> SNES Linear/Non-Linear Iterations = 4 / 2
  --> SNES Residual: 0.506709E-05 0.965619E-10 0.321865E-05
  --> max change: dpmx=   2.9872E+02

== GEOMECHANICS ================================================================

 Step    641 Time=  5.50628E-01 Dt=  9.06144E-06 [hour] conv_reason: 2
  linear =   142 [     91308] cuts =  0 [   0]

== RICHARDS FLOW ===============================================================
  0 2r: 2.33E-02 2x: 0.00E+00 2u: 0.00E+00 ir: 2.26E-02 iu: 0.00E+00 rsn:   0
  1 2r: 6.42E-06 2x: 1.72E+09 2u: 8.96E+02 ir: 3.81E-06 iu: 2.99E+02 rsn:   0
  2 2r: 6.37E-06 2x: 1.72E+09 2u: 3.28E-02 ir: 3.81E-06 iu: 1.09E-02 rsn: stol

 Step    642 Time=  5.50637E-01 Dt=  9.07940E-06 [hour] conv_reason: 4
  newton =   2 [    1268] linear =     4 [      2562] cuts =  0 [   0]
  --> SNES Linear/Non-Linear Iterations = 4 / 2
  --> SNES Residual: 0.637315E-05 0.121451E-09 0.381470E-05
  --> max change: dpmx=   2.9871E+02

== GEOMECHANICS ================================================================

 Step    642 Time=  5.50637E-01 Dt=  9.07940E-06 [hour] conv_reason: 2
  linear =   153 [     91461] cuts =  0 [   0]

== RICHARDS FLOW ===============================================================
  0 2r: 2.33E-02 2x: 0.00E+00 2u: 0.00E+00 ir: 2.27E-02 iu: 0.00E+00 rsn:   0
  1 2r: 7.00E-06 2x: 1.72E+09 2u: 8.96E+02 ir: 3.81E-06 iu: 2.99E+02 rsn:   0
  2 2r: 5.85E-06 2x: 1.72E+09 2u: 3.28E-02 ir: 3.22E-06 iu: 1.09E-02 rsn: stol

 Step    643 Time=  5.50646E-01 Dt=  9.09744E-06 [hour] conv_reason: 4
  newton =   2 [    1270] linear =     4 [      2566] cuts =  0 [   0]
  --> SNES Linear/Non-Linear Iterations = 4 / 2
  --> SNES Residual: 0.585147E-05 0.111510E-09 0.321865E-05
  --> max change: dpmx=   2.9871E+02

== GEOMECHANICS ================================================================

 Step    643 Time=  5.50646E-01 Dt=  9.09744E-06 [hour] conv_reason: 2
  linear =   145 [     91606] cuts =  0 [   0]

== RICHARDS FLOW ===============================================================
  0 2r: 2.33E-02 2x: 0.00E+00 2u: 0.00E+00 ir: 2.27E-02 iu: 0.00E+00 rsn:   0
  1 2r: 6.73E-06 2x: 1.72E+09 2u: 8.96E+02 ir: 3.22E-06 iu: 2.99E+02 rsn:   0
  2 2r: 6.81E-06 2x: 1.72E+09 2u: 3.29E-02 ir: 3.22E-06 iu: 1.10E-02 rsn: stol

 Step    644 Time=  5.50655E-01 Dt=  9.11555E-06 [hour] conv_reason: 4
  newton =   2 [    1272] linear =     4 [      2570] cuts =  0 [   0]
  --> SNES Linear/Non-Linear Iterations = 4 / 2
  --> SNES Residual: 0.681244E-05 0.129823E-09 0.321865E-05
  --> max change: dpmx=   2.9871E+02

== GEOMECHANICS ================================================================

 Step    644 Time=  5.50655E-01 Dt=  9.11555E-06 [hour] conv_reason: 2
  linear =   138 [     91744] cuts =  0 [   0]

== RICHARDS FLOW ===============================================================
  0 2r: 2.33E-02 2x: 0.00E+00 2u: 0.00E+00 ir: 2.27E-02 iu: 0.00E+00 rsn:   0
  1 2r: 5.85E-06 2x: 1.72E+09 2u: 8.96E+02 ir: 3.81E-06 iu: 2.99E+02 rsn:   0
  2 2r: 5.83E-06 2x: 1.72E+09 2u: 3.30E-02 ir: 3.81E-06 iu: 1.10E-02 rsn: stol

 Step    645 Time=  5.50664E-01 Dt=  9.13372E-06 [hour] conv_reason: 4
  newton =   2 [    1274] linear =     4 [      2574] cuts =  0 [   0]
  --> SNES Linear/Non-Linear Iterations = 4 / 2
  --> SNES Residual: 0.583276E-05 0.111153E-09 0.381470E-05
  --> max change: dpmx=   2.9871E+02

== GEOMECHANICS ================================================================

 Step    645 Time=  5.50664E-01 Dt=  9.13372E-06 [hour] conv_reason: 2
  linear =   139 [     91883] cuts =  0 [   0]

== RICHARDS FLOW ===============================================================
  0 2r: 2.33E-02 2x: 0.00E+00 2u: 0.00E+00 ir: 2.27E-02 iu: 0.00E+00 rsn:   0
  1 2r: 6.71E-06 2x: 1.72E+09 2u: 8.96E+02 ir: 3.22E-06 iu: 2.99E+02 rsn:   0
  2 2r: 6.70E-06 2x: 1.72E+09 2u: 3.30E-02 ir: 3.22E-06 iu: 1.10E-02 rsn: stol

 Step    646 Time=  5.50674E-01 Dt=  9.15198E-06 [hour] conv_reason: 4
  newton =   2 [    1276] linear =     4 [      2578] cuts =  0 [   0]
  --> SNES Linear/Non-Linear Iterations = 4 / 2
  --> SNES Residual: 0.670244E-05 0.127726E-09 0.321865E-05
  --> max change: dpmx=   2.9870E+02

== GEOMECHANICS ================================================================

 Step    646 Time=  5.50674E-01 Dt=  9.15198E-06 [hour] conv_reason: 2
  linear =   143 [     92026] cuts =  0 [   0]

== RICHARDS FLOW ===============================================================
  0 2r: 2.33E-02 2x: 0.00E+00 2u: 0.00E+00 ir: 2.27E-02 iu: 0.00E+00 rsn:   0
  1 2r: 6.01E-06 2x: 1.72E+09 2u: 8.96E+02 ir: 3.81E-06 iu: 2.99E+02 rsn:   0
  2 2r: 6.01E-06 2x: 1.72E+09 2u: 3.31E-02 ir: 3.81E-06 iu: 1.10E-02 rsn: stol

 Step    647 Time=  5.50683E-01 Dt=  9.17030E-06 [hour] conv_reason: 4
  newton =   2 [    1278] linear =     4 [      2582] cuts =  0 [   0]
  --> SNES Linear/Non-Linear Iterations = 4 / 2
  --> SNES Residual: 0.600832E-05 0.114499E-09 0.381470E-05
  --> max change: dpmx=   2.9870E+02

== GEOMECHANICS ================================================================

 Step    647 Time=  5.50683E-01 Dt=  9.17030E-06 [hour] conv_reason: 2
  linear =   140 [     92166] cuts =  0 [   0]

== RICHARDS FLOW ===============================================================
  0 2r: 2.34E-02 2x: 0.00E+00 2u: 0.00E+00 ir: 2.27E-02 iu: 0.00E+00 rsn:   0
  1 2r: 1.05E-05 2x: 1.72E+09 2u: 8.96E+02 ir: 7.63E-06 iu: 2.99E+02 rsn:   0
  2 2r: 1.05E-05 2x: 1.72E+09 2u: 3.32E-02 ir: 7.63E-06 iu: 1.11E-02 rsn: stol

 Step    648 Time=  5.50692E-01 Dt=  9.18870E-06 [hour] conv_reason: 4
  newton =   2 [    1280] linear =     4 [      2586] cuts =  0 [   0]
  --> SNES Linear/Non-Linear Iterations = 4 / 2
  --> SNES Residual: 0.105322E-04 0.200708E-09 0.762939E-05
  --> max change: dpmx=   2.9870E+02

== GEOMECHANICS ================================================================

 Step    648 Time=  5.50692E-01 Dt=  9.18870E-06 [hour] conv_reason: 2
  linear =   157 [     92323] cuts =  0 [   0]

== RICHARDS FLOW ===============================================================
  0 2r: 2.34E-02 2x: 0.00E+00 2u: 0.00E+00 ir: 2.27E-02 iu: 0.00E+00 rsn:   0
  1 2r: 8.89E-06 2x: 1.72E+09 2u: 8.96E+02 ir: 7.63E-06 iu: 2.99E+02 rsn:   0
  2 2r: 8.91E-06 2x: 1.72E+09 2u: 3.32E-02 ir: 7.63E-06 iu: 1.11E-02 rsn: stol

 Step    649 Time=  5.50701E-01 Dt=  9.20717E-06 [hour] conv_reason: 4
  newton =   2 [    1282] linear =     4 [      2590] cuts =  0 [   0]
  --> SNES Linear/Non-Linear Iterations = 4 / 2
  --> SNES Residual: 0.891109E-05 0.169816E-09 0.762939E-05
  --> max change: dpmx=   2.9870E+02

== GEOMECHANICS ================================================================

 Step    649 Time=  5.50701E-01 Dt=  9.20717E-06 [hour] conv_reason: 2
  linear =   143 [     92466] cuts =  0 [   0]

== RICHARDS FLOW ===============================================================
  0 2r: 2.34E-02 2x: 0.00E+00 2u: 0.00E+00 ir: 2.27E-02 iu: 0.00E+00 rsn:   0
  1 2r: 9.63E-06 2x: 1.72E+09 2u: 8.96E+02 ir: 7.63E-06 iu: 2.99E+02 rsn:   0
  2 2r: 9.59E-06 2x: 1.72E+09 2u: 3.33E-02 ir: 7.63E-06 iu: 1.11E-02 rsn: stol

 Step    650 Time=  5.50710E-01 Dt=  9.22572E-06 [hour] conv_reason: 4
  newton =   2 [    1284] linear =     4 [      2594] cuts =  0 [   0]
  --> SNES Linear/Non-Linear Iterations = 4 / 2
  --> SNES Residual: 0.958802E-05 0.182716E-09 0.762939E-05
  --> max change: dpmx=   2.9869E+02

== GEOMECHANICS ================================================================

 Step    650 Time=  5.50710E-01 Dt=  9.22572E-06 [hour] conv_reason: 2
  linear =   148 [     92614] cuts =  0 [   0]

== RICHARDS FLOW ===============================================================
  0 2r: 2.34E-02 2x: 0.00E+00 2u: 0.00E+00 ir: 2.27E-02 iu: 0.00E+00 rsn:   0
  1 2r: 9.46E-06 2x: 1.72E+09 2u: 8.96E+02 ir: 7.63E-06 iu: 2.99E+02 rsn:   0
  2 2r: 9.49E-06 2x: 1.72E+09 2u: 3.34E-02 ir: 7.63E-06 iu: 1.11E-02 rsn: stol

 Step    651 Time=  5.50720E-01 Dt=  9.24434E-06 [hour] conv_reason: 4
  newton =   2 [    1286] linear =     4 [      2598] cuts =  0 [   0]
  --> SNES Linear/Non-Linear Iterations = 4 / 2
  --> SNES Residual: 0.948766E-05 0.180804E-09 0.762939E-05
  --> max change: dpmx=   2.9869E+02

== GEOMECHANICS ================================================================

 Step    651 Time=  5.50720E-01 Dt=  9.24434E-06 [hour] conv_reason: 2
  linear =   151 [     92765] cuts =  0 [   0]

== RICHARDS FLOW ===============================================================
  0 2r: 2.34E-02 2x: 0.00E+00 2u: 0.00E+00 ir: 2.27E-02 iu: 0.00E+00 rsn:   0
  1 2r: 6.88E-06 2x: 1.72E+09 2u: 8.96E+02 ir: 3.81E-06 iu: 2.99E+02 rsn:   0
  2 2r: 5.70E-06 2x: 1.72E+09 2u: 3.34E-02 ir: 3.22E-06 iu: 1.11E-02 rsn: stol

 Step    652 Time=  5.50729E-01 Dt=  9.26303E-06 [hour] conv_reason: 4
  newton =   2 [    1288] linear =     4 [      2602] cuts =  0 [   0]
  --> SNES Linear/Non-Linear Iterations = 4 / 2
  --> SNES Residual: 0.569626E-05 0.108552E-09 0.321865E-05
  --> max change: dpmx=   2.9869E+02

== GEOMECHANICS ================================================================

 Step    652 Time=  5.50729E-01 Dt=  9.26303E-06 [hour] conv_reason: 2
  linear =   163 [     92928] cuts =  0 [   0]

== RICHARDS FLOW ===============================================================
  0 2r: 2.34E-02 2x: 0.00E+00 2u: 0.00E+00 ir: 2.27E-02 iu: 0.00E+00 rsn:   0
  1 2r: 6.81E-06 2x: 1.72E+09 2u: 8.96E+02 ir: 3.81E-06 iu: 2.99E+02 rsn:   0
  2 2r: 6.89E-06 2x: 1.72E+09 2u: 3.35E-02 ir: 3.81E-06 iu: 1.12E-02 rsn: stol

 Step    653 Time=  5.50738E-01 Dt=  9.28180E-06 [hour] conv_reason: 4
  newton =   2 [    1290] linear =     4 [      2606] cuts =  0 [   0]
  --> SNES Linear/Non-Linear Iterations = 4 / 2
  --> SNES Residual: 0.689126E-05 0.131325E-09 0.381470E-05
  --> max change: dpmx=   2.9869E+02

== GEOMECHANICS ================================================================

 Step    653 Time=  5.50738E-01 Dt=  9.28180E-06 [hour] conv_reason: 2
  linear =   140 [     93068] cuts =  0 [   0]

== RICHARDS FLOW ===============================================================
  0 2r: 2.34E-02 2x: 0.00E+00 2u: 0.00E+00 ir: 2.27E-02 iu: 0.00E+00 rsn:   0
  1 2r: 6.81E-06 2x: 1.72E+09 2u: 8.96E+02 ir: 3.22E-06 iu: 2.99E+02 rsn:   0
  2 2r: 6.77E-06 2x: 1.72E+09 2u: 3.36E-02 ir: 3.22E-06 iu: 1.12E-02 rsn: stol

 Step    654 Time=  5.50747E-01 Dt=  9.30065E-06 [hour] conv_reason: 4
  newton =   2 [    1292] linear =     4 [      2610] cuts =  0 [   0]
  --> SNES Linear/Non-Linear Iterations = 4 / 2
  --> SNES Residual: 0.677297E-05 0.129070E-09 0.321865E-05
  --> max change: dpmx=   2.9868E+02

== GEOMECHANICS ================================================================

 Step    654 Time=  5.50747E-01 Dt=  9.30065E-06 [hour] conv_reason: 2
  linear =   146 [     93214] cuts =  0 [   0]

== RICHARDS FLOW ===============================================================
  0 2r: 2.34E-02 2x: 0.00E+00 2u: 0.00E+00 ir: 2.27E-02 iu: 0.00E+00 rsn:   0
  1 2r: 4.50E-06 2x: 1.72E+09 2u: 8.96E+02 ir: 3.22E-06 iu: 2.99E+02 rsn:   0
  2 2r: 4.14E-06 2x: 1.72E+09 2u: 3.36E-02 ir: 3.22E-06 iu: 1.12E-02 rsn: stol

 Step    655 Time=  5.50757E-01 Dt=  9.31957E-06 [hour] conv_reason: 4
  newton =   2 [    1294] linear =     4 [      2614] cuts =  0 [   0]
  --> SNES Linear/Non-Linear Iterations = 4 / 2
  --> SNES Residual: 0.413531E-05 0.788053E-10 0.321865E-05
  --> max change: dpmx=   2.9868E+02

== GEOMECHANICS ================================================================

 Step    655 Time=  5.50757E-01 Dt=  9.31957E-06 [hour] conv_reason: 2
  linear =   151 [     93365] cuts =  0 [   0]

== RICHARDS FLOW ===============================================================
  0 2r: 2.34E-02 2x: 0.00E+00 2u: 0.00E+00 ir: 2.27E-02 iu: 0.00E+00 rsn:   0
  1 2r: 5.95E-06 2x: 1.72E+09 2u: 8.96E+02 ir: 3.22E-06 iu: 2.99E+02 rsn:   0
  2 2r: 5.95E-06 2x: 1.72E+09 2u: 3.37E-02 ir: 3.22E-06 iu: 1.12E-02 rsn: stol

 Step    656 Time=  5.50766E-01 Dt=  9.33857E-06 [hour] conv_reason: 4
  newton =   2 [    1296] linear =     4 [      2618] cuts =  0 [   0]
  --> SNES Linear/Non-Linear Iterations = 4 / 2
  --> SNES Residual: 0.595236E-05 0.113432E-09 0.321865E-05
  --> max change: dpmx=   2.9868E+02

== GEOMECHANICS ================================================================

 Step    656 Time=  5.50766E-01 Dt=  9.33857E-06 [hour] conv_reason: 2
  linear =   141 [     93506] cuts =  0 [   0]

== RICHARDS FLOW ===============================================================
  0 2r: 2.34E-02 2x: 0.00E+00 2u: 0.00E+00 ir: 2.27E-02 iu: 0.00E+00 rsn:   0
  1 2r: 4.96E-06 2x: 1.72E+09 2u: 8.96E+02 ir: 3.22E-06 iu: 2.99E+02 rsn:   0
  2 2r: 5.05E-06 2x: 1.72E+09 2u: 3.38E-02 ir: 3.22E-06 iu: 1.13E-02 rsn: stol

 Step    657 Time=  5.50775E-01 Dt=  9.35765E-06 [hour] conv_reason: 4
  newton =   2 [    1298] linear =     4 [      2622] cuts =  0 [   0]
  --> SNES Linear/Non-Linear Iterations = 4 / 2
  --> SNES Residual: 0.504979E-05 0.962323E-10 0.321865E-05
  --> max change: dpmx=   2.9868E+02

== GEOMECHANICS ================================================================

 Step    657 Time=  5.50775E-01 Dt=  9.35765E-06 [hour] conv_reason: 2
  linear =   140 [     93646] cuts =  0 [   0]

== RICHARDS FLOW ===============================================================
  0 2r: 2.34E-02 2x: 0.00E+00 2u: 0.00E+00 ir: 2.27E-02 iu: 0.00E+00 rsn:   0
  1 2r: 6.76E-06 2x: 1.72E+09 2u: 8.96E+02 ir: 3.81E-06 iu: 2.99E+02 rsn:   0
  2 2r: 5.74E-06 2x: 1.72E+09 2u: 3.38E-02 ir: 3.22E-06 iu: 1.13E-02 rsn: stol

 Step    658 Time=  5.50785E-01 Dt=  9.37681E-06 [hour] conv_reason: 4
  newton =   2 [    1300] linear =     4 [      2626] cuts =  0 [   0]
  --> SNES Linear/Non-Linear Iterations = 4 / 2
  --> SNES Residual: 0.573614E-05 0.109312E-09 0.321865E-05
  --> max change: dpmx=   2.9867E+02

== GEOMECHANICS ================================================================

 Step    658 Time=  5.50785E-01 Dt=  9.37681E-06 [hour] conv_reason: 2
  linear =   139 [     93785] cuts =  0 [   0]

== RICHARDS FLOW ===============================================================
  0 2r: 2.34E-02 2x: 0.00E+00 2u: 0.00E+00 ir: 2.27E-02 iu: 0.00E+00 rsn:   0
  1 2r: 5.83E-06 2x: 1.72E+09 2u: 8.96E+02 ir: 3.22E-06 iu: 2.99E+02 rsn:   0
  2 2r: 5.82E-06 2x: 1.72E+09 2u: 3.39E-02 ir: 3.22E-06 iu: 1.13E-02 rsn: stol

 Step    659 Time=  5.50794E-01 Dt=  9.39604E-06 [hour] conv_reason: 4
  newton =   2 [    1302] linear =     4 [      2630] cuts =  0 [   0]
  --> SNES Linear/Non-Linear Iterations = 4 / 2
  --> SNES Residual: 0.582048E-05 0.110919E-09 0.321865E-05
  --> max change: dpmx=   2.9867E+02

== GEOMECHANICS ================================================================

 Step    659 Time=  5.50794E-01 Dt=  9.39604E-06 [hour] conv_reason: 2
  linear =   138 [     93923] cuts =  0 [   0]

== RICHARDS FLOW ===============================================================
  0 2r: 2.34E-02 2x: 0.00E+00 2u: 0.00E+00 ir: 2.27E-02 iu: 0.00E+00 rsn:   0
  1 2r: 6.22E-06 2x: 1.72E+09 2u: 8.96E+02 ir: 3.81E-06 iu: 2.99E+02 rsn:   0
  2 2r: 5.03E-06 2x: 1.72E+09 2u: 3.40E-02 ir: 3.22E-06 iu: 1.13E-02 rsn: stol

 Step    660 Time=  5.50804E-01 Dt=  9.41535E-06 [hour] conv_reason: 4
  newton =   2 [    1304] linear =     4 [      2634] cuts =  0 [   0]
  --> SNES Linear/Non-Linear Iterations = 4 / 2
  --> SNES Residual: 0.502883E-05 0.958329E-10 0.321865E-05
  --> max change: dpmx=   2.9867E+02

== GEOMECHANICS ================================================================

 Step    660 Time=  5.50804E-01 Dt=  9.41535E-06 [hour] conv_reason: 2
  linear =   139 [     94062] cuts =  0 [   0]

== RICHARDS FLOW ===============================================================
  0 2r: 2.34E-02 2x: 0.00E+00 2u: 0.00E+00 ir: 2.27E-02 iu: 0.00E+00 rsn:   0
  1 2r: 4.92E-06 2x: 1.72E+09 2u: 8.96E+02 ir: 3.22E-06 iu: 2.99E+02 rsn:   0
  2 2r: 4.95E-06 2x: 1.72E+09 2u: 3.40E-02 ir: 3.22E-06 iu: 1.14E-02 rsn: stol

 Step    661 Time=  5.50813E-01 Dt=  9.43474E-06 [hour] conv_reason: 4
  newton =   2 [    1306] linear =     4 [      2638] cuts =  0 [   0]
  --> SNES Linear/Non-Linear Iterations = 4 / 2
  --> SNES Residual: 0.494624E-05 0.942590E-10 0.321865E-05
  --> max change: dpmx=   2.9867E+02

== GEOMECHANICS ================================================================

 Step    661 Time=  5.50813E-01 Dt=  9.43474E-06 [hour] conv_reason: 2
  linear =   144 [     94206] cuts =  0 [   0]

== RICHARDS FLOW ===============================================================
  0 2r: 2.34E-02 2x: 0.00E+00 2u: 0.00E+00 ir: 2.27E-02 iu: 0.00E+00 rsn:   0
  1 2r: 6.29E-06 2x: 1.72E+09 2u: 8.96E+02 ir: 3.22E-06 iu: 2.99E+02 rsn:   0
  2 2r: 6.19E-06 2x: 1.72E+09 2u: 3.41E-02 ir: 3.22E-06 iu: 1.14E-02 rsn: stol

 Step    662 Time=  5.50823E-01 Dt=  9.45421E-06 [hour] conv_reason: 4
  newton =   2 [    1308] linear =     4 [      2642] cuts =  0 [   0]
  --> SNES Linear/Non-Linear Iterations = 4 / 2
  --> SNES Residual: 0.618900E-05 0.117942E-09 0.321865E-05
  --> max change: dpmx=   2.9866E+02

== GEOMECHANICS ================================================================

 Step    662 Time=  5.50823E-01 Dt=  9.45421E-06 [hour] conv_reason: 2
  linear =   142 [     94348] cuts =  0 [   0]

== RICHARDS FLOW ===============================================================
  0 2r: 2.34E-02 2x: 0.00E+00 2u: 0.00E+00 ir: 2.27E-02 iu: 0.00E+00 rsn:   0
  1 2r: 6.42E-06 2x: 1.72E+09 2u: 8.96E+02 ir: 3.22E-06 iu: 2.99E+02 rsn:   0
  2 2r: 6.42E-06 2x: 1.72E+09 2u: 3.42E-02 ir: 3.22E-06 iu: 1.14E-02 rsn: stol

 Step    663 Time=  5.50832E-01 Dt=  9.47376E-06 [hour] conv_reason: 4
  newton =   2 [    1310] linear =     4 [      2646] cuts =  0 [   0]
  --> SNES Linear/Non-Linear Iterations = 4 / 2
  --> SNES Residual: 0.642215E-05 0.122385E-09 0.321865E-05
  --> max change: dpmx=   2.9866E+02

== GEOMECHANICS ================================================================

 Step    663 Time=  5.50832E-01 Dt=  9.47376E-06 [hour] conv_reason: 2
  linear =   138 [     94486] cuts =  0 [   0]

== RICHARDS FLOW ===============================================================
  0 2r: 2.34E-02 2x: 0.00E+00 2u: 0.00E+00 ir: 2.27E-02 iu: 0.00E+00 rsn:   0
  1 2r: 6.78E-06 2x: 1.72E+09 2u: 8.96E+02 ir: 3.81E-06 iu: 2.99E+02 rsn:   0
  2 2r: 5.60E-06 2x: 1.72E+09 2u: 3.43E-02 ir: 3.22E-06 iu: 1.14E-02 rsn: stol

 Step    664 Time=  5.50842E-01 Dt=  9.49340E-06 [hour] conv_reason: 4
  newton =   2 [    1312] linear =     4 [      2650] cuts =  0 [   0]
  --> SNES Linear/Non-Linear Iterations = 4 / 2
  --> SNES Residual: 0.559767E-05 0.106673E-09 0.321865E-05
  --> max change: dpmx=   2.9866E+02

== GEOMECHANICS ================================================================

 Step    664 Time=  5.50842E-01 Dt=  9.49340E-06 [hour] conv_reason: 2
  linear =   152 [     94638] cuts =  0 [   0]

== RICHARDS FLOW ===============================================================
  0 2r: 2.34E-02 2x: 0.00E+00 2u: 0.00E+00 ir: 2.27E-02 iu: 0.00E+00 rsn:   0
  1 2r: 6.28E-06 2x: 1.72E+09 2u: 8.96E+02 ir: 3.22E-06 iu: 2.99E+02 rsn:   0
  2 2r: 6.29E-06 2x: 1.72E+09 2u: 3.43E-02 ir: 3.22E-06 iu: 1.14E-02 rsn: stol

 Step    665 Time=  5.50851E-01 Dt=  9.51311E-06 [hour] conv_reason: 4
  newton =   2 [    1314] linear =     4 [      2654] cuts =  0 [   0]
  --> SNES Linear/Non-Linear Iterations = 4 / 2
  --> SNES Residual: 0.629170E-05 0.119899E-09 0.321865E-05
  --> max change: dpmx=   2.9866E+02

== GEOMECHANICS ================================================================

 Step    665 Time=  5.50851E-01 Dt=  9.51311E-06 [hour] conv_reason: 2
  linear =   126 [     94764] cuts =  0 [   0]

== RICHARDS FLOW ===============================================================
  0 2r: 2.34E-02 2x: 0.00E+00 2u: 0.00E+00 ir: 2.27E-02 iu: 0.00E+00 rsn:   0
  1 2r: 9.73E-06 2x: 1.72E+09 2u: 8.96E+02 ir: 7.63E-06 iu: 2.99E+02 rsn:   0
  2 2r: 8.90E-06 2x: 1.72E+09 2u: 3.44E-02 ir: 5.72E-06 iu: 1.15E-02 rsn: stol

 Step    666 Time=  5.50861E-01 Dt=  9.53290E-06 [hour] conv_reason: 4
  newton =   2 [    1316] linear =     4 [      2658] cuts =  0 [   0]
  --> SNES Linear/Non-Linear Iterations = 4 / 2
  --> SNES Residual: 0.889989E-05 0.169603E-09 0.572205E-05
  --> max change: dpmx=   2.9865E+02

== GEOMECHANICS ================================================================

 Step    666 Time=  5.50861E-01 Dt=  9.53290E-06 [hour] conv_reason: 2
  linear =   154 [     94918] cuts =  0 [   0]

== RICHARDS FLOW ===============================================================
  0 2r: 2.34E-02 2x: 0.00E+00 2u: 0.00E+00 ir: 2.27E-02 iu: 0.00E+00 rsn:   0
  1 2r: 8.46E-06 2x: 1.72E+09 2u: 8.96E+02 ir: 5.72E-06 iu: 2.99E+02 rsn:   0
  2 2r: 8.30E-06 2x: 1.72E+09 2u: 3.45E-02 ir: 5.72E-06 iu: 1.15E-02 rsn: stol

 Step    667 Time=  5.50870E-01 Dt=  9.55278E-06 [hour] conv_reason: 4
  newton =   2 [    1318] linear =     4 [      2662] cuts =  0 [   0]
  --> SNES Linear/Non-Linear Iterations = 4 / 2
  --> SNES Residual: 0.829681E-05 0.158110E-09 0.572205E-05
  --> max change: dpmx=   2.9865E+02

== GEOMECHANICS ================================================================

 Step    667 Time=  5.50870E-01 Dt=  9.55278E-06 [hour] conv_reason: 2
  linear =   139 [     95057] cuts =  0 [   0]

== RICHARDS FLOW ===============================================================
  0 2r: 2.34E-02 2x: 0.00E+00 2u: 0.00E+00 ir: 2.27E-02 iu: 0.00E+00 rsn:   0
  1 2r: 7.49E-06 2x: 1.72E+09 2u: 8.96E+02 ir: 5.72E-06 iu: 2.99E+02 rsn:   0
  2 2r: 7.67E-06 2x: 1.72E+09 2u: 3.45E-02 ir: 5.72E-06 iu: 1.15E-02 rsn: stol

 Step    668 Time=  5.50880E-01 Dt=  9.57274E-06 [hour] conv_reason: 4
  newton =   2 [    1320] linear =     4 [      2666] cuts =  0 [   0]
  --> SNES Linear/Non-Linear Iterations = 4 / 2
  --> SNES Residual: 0.766505E-05 0.146071E-09 0.572205E-05
  --> max change: dpmx=   2.9865E+02

== GEOMECHANICS ================================================================

 Step    668 Time=  5.50880E-01 Dt=  9.57274E-06 [hour] conv_reason: 2
  linear =   138 [     95195] cuts =  0 [   0]

== RICHARDS FLOW ===============================================================
  0 2r: 2.34E-02 2x: 0.00E+00 2u: 0.00E+00 ir: 2.27E-02 iu: 0.00E+00 rsn:   0
  1 2r: 7.44E-06 2x: 1.72E+09 2u: 8.96E+02 ir: 3.81E-06 iu: 2.99E+02 rsn:   0
  2 2r: 9.13E-06 2x: 1.72E+09 2u: 3.46E-02 ir: 5.72E-06 iu: 1.15E-02 rsn: stol

 Step    669 Time=  5.50889E-01 Dt=  9.59278E-06 [hour] conv_reason: 4
  newton =   2 [    1322] linear =     4 [      2670] cuts =  0 [   0]
  --> SNES Linear/Non-Linear Iterations = 4 / 2
  --> SNES Residual: 0.912914E-05 0.173971E-09 0.572205E-05
  --> max change: dpmx=   2.9865E+02

== GEOMECHANICS ================================================================

 Step    669 Time=  5.50889E-01 Dt=  9.59278E-06 [hour] conv_reason: 2
  linear =   141 [     95336] cuts =  0 [   0]

== RICHARDS FLOW ===============================================================
  0 2r: 2.34E-02 2x: 0.00E+00 2u: 0.00E+00 ir: 2.27E-02 iu: 0.00E+00 rsn:   0
  1 2r: 9.55E-06 2x: 1.72E+09 2u: 8.96E+02 ir: 7.63E-06 iu: 2.99E+02 rsn:   0
  2 2r: 8.01E-06 2x: 1.72E+09 2u: 3.47E-02 ir: 5.72E-06 iu: 1.16E-02 rsn: stol

 Step    670 Time=  5.50899E-01 Dt=  9.61291E-06 [hour] conv_reason: 4
  newton =   2 [    1324] linear =     4 [      2674] cuts =  0 [   0]
  --> SNES Linear/Non-Linear Iterations = 4 / 2
  --> SNES Residual: 0.800918E-05 0.152628E-09 0.572205E-05
  --> max change: dpmx=   2.9864E+02

== GEOMECHANICS ================================================================

 Step    670 Time=  5.50899E-01 Dt=  9.61291E-06 [hour] conv_reason: 2
  linear =   155 [     95491] cuts =  0 [   0]

== RICHARDS FLOW ===============================================================
  0 2r: 2.34E-02 2x: 0.00E+00 2u: 0.00E+00 ir: 2.27E-02 iu: 0.00E+00 rsn:   0
  1 2r: 7.72E-06 2x: 1.72E+09 2u: 8.96E+02 ir: 5.72E-06 iu: 2.99E+02 rsn:   0
  2 2r: 7.99E-06 2x: 1.72E+09 2u: 3.48E-02 ir: 5.72E-06 iu: 1.16E-02 rsn: stol

 Step    671 Time=  5.50909E-01 Dt=  9.63312E-06 [hour] conv_reason: 4
  newton =   2 [    1326] linear =     4 [      2678] cuts =  0 [   0]
  --> SNES Linear/Non-Linear Iterations = 4 / 2
  --> SNES Residual: 0.799021E-05 0.152267E-09 0.572205E-05
  --> max change: dpmx=   2.9864E+02

== GEOMECHANICS ================================================================

 Step    671 Time=  5.50909E-01 Dt=  9.63312E-06 [hour] conv_reason: 2
  linear =   163 [     95654] cuts =  0 [   0]

== RICHARDS FLOW ===============================================================
  0 2r: 2.34E-02 2x: 0.00E+00 2u: 0.00E+00 ir: 2.27E-02 iu: 0.00E+00 rsn:   0
  1 2r: 7.56E-06 2x: 1.72E+09 2u: 8.96E+02 ir: 3.81E-06 iu: 2.99E+02 rsn:   0
  2 2r: 9.25E-06 2x: 1.72E+09 2u: 3.48E-02 ir: 5.72E-06 iu: 1.16E-02 rsn: stol

 Step    672 Time=  5.50918E-01 Dt=  9.65342E-06 [hour] conv_reason: 4
  newton =   2 [    1328] linear =     4 [      2682] cuts =  0 [   0]
  --> SNES Linear/Non-Linear Iterations = 4 / 2
  --> SNES Residual: 0.924612E-05 0.176200E-09 0.572205E-05
  --> max change: dpmx=   2.9864E+02

== GEOMECHANICS ================================================================

 Step    672 Time=  5.50918E-01 Dt=  9.65342E-06 [hour] conv_reason: 2
  linear =   144 [     95798] cuts =  0 [   0]

== RICHARDS FLOW ===============================================================
  0 2r: 2.34E-02 2x: 0.00E+00 2u: 0.00E+00 ir: 2.27E-02 iu: 0.00E+00 rsn:   0
  1 2r: 1.00E-05 2x: 1.72E+09 2u: 8.96E+02 ir: 7.63E-06 iu: 2.99E+02 rsn:   0
  2 2r: 8.51E-06 2x: 1.72E+09 2u: 3.49E-02 ir: 5.72E-06 iu: 1.16E-02 rsn: stol

 Step    673 Time=  5.50928E-01 Dt=  9.67380E-06 [hour] conv_reason: 4
  newton =   2 [    1330] linear =     4 [      2686] cuts =  0 [   0]
  --> SNES Linear/Non-Linear Iterations = 4 / 2
  --> SNES Residual: 0.850915E-05 0.162156E-09 0.572205E-05
  --> max change: dpmx=   2.9864E+02

== GEOMECHANICS ================================================================

 Step    673 Time=  5.50928E-01 Dt=  9.67380E-06 [hour] conv_reason: 2
  linear =   141 [     95939] cuts =  0 [   0]

== RICHARDS FLOW ===============================================================
  0 2r: 2.34E-02 2x: 0.00E+00 2u: 0.00E+00 ir: 2.27E-02 iu: 0.00E+00 rsn:   0
  1 2r: 7.12E-06 2x: 1.72E+09 2u: 8.95E+02 ir: 3.81E-06 iu: 2.99E+02 rsn:   0
  2 2r: 8.45E-06 2x: 1.72E+09 2u: 3.50E-02 ir: 5.72E-06 iu: 1.17E-02 rsn: stol

 Step    674 Time=  5.50938E-01 Dt=  9.69426E-06 [hour] conv_reason: 4
  newton =   2 [    1332] linear =     4 [      2690] cuts =  0 [   0]
  --> SNES Linear/Non-Linear Iterations = 4 / 2
  --> SNES Residual: 0.845479E-05 0.161120E-09 0.572205E-05
  --> max change: dpmx=   2.9863E+02

== GEOMECHANICS ================================================================

 Step    674 Time=  5.50938E-01 Dt=  9.69426E-06 [hour] conv_reason: 2
  linear =   152 [     96091] cuts =  0 [   0]

== RICHARDS FLOW ===============================================================
  0 2r: 2.34E-02 2x: 0.00E+00 2u: 0.00E+00 ir: 2.27E-02 iu: 0.00E+00 rsn:   0
  1 2r: 9.18E-06 2x: 1.72E+09 2u: 8.95E+02 ir: 7.63E-06 iu: 2.99E+02 rsn:   0
  2 2r: 7.92E-06 2x: 1.72E+09 2u: 3.51E-02 ir: 5.72E-06 iu: 1.17E-02 rsn: stol

 Step    675 Time=  5.50947E-01 Dt=  9.71482E-06 [hour] conv_reason: 4
  newton =   2 [    1334] linear =     4 [      2694] cuts =  0 [   0]
  --> SNES Linear/Non-Linear Iterations = 4 / 2
  --> SNES Residual: 0.791913E-05 0.150913E-09 0.572205E-05
  --> max change: dpmx=   2.9863E+02

== GEOMECHANICS ================================================================

 Step    675 Time=  5.50947E-01 Dt=  9.71482E-06 [hour] conv_reason: 2
  linear =   143 [     96234] cuts =  0 [   0]

== RICHARDS FLOW ===============================================================
  0 2r: 2.34E-02 2x: 0.00E+00 2u: 0.00E+00 ir: 2.27E-02 iu: 0.00E+00 rsn:   0
  1 2r: 8.08E-06 2x: 1.72E+09 2u: 8.95E+02 ir: 3.81E-06 iu: 2.99E+02 rsn:   0
  2 2r: 9.01E-06 2x: 1.72E+09 2u: 3.51E-02 ir: 5.72E-06 iu: 1.17E-02 rsn: stol

 Step    676 Time=  5.50957E-01 Dt=  9.73546E-06 [hour] conv_reason: 4
  newton =   2 [    1336] linear =     4 [      2698] cuts =  0 [   0]
  --> SNES Linear/Non-Linear Iterations = 4 / 2
  --> SNES Residual: 0.900755E-05 0.171654E-09 0.572205E-05
  --> max change: dpmx=   2.9863E+02

== GEOMECHANICS ================================================================

 Step    676 Time=  5.50957E-01 Dt=  9.73546E-06 [hour] conv_reason: 2
  linear =   142 [     96376] cuts =  0 [   0]

== RICHARDS FLOW ===============================================================
  0 2r: 2.34E-02 2x: 0.00E+00 2u: 0.00E+00 ir: 2.27E-02 iu: 0.00E+00 rsn:   0
  1 2r: 9.29E-06 2x: 1.72E+09 2u: 8.95E+02 ir: 7.63E-06 iu: 2.99E+02 rsn:   0
  2 2r: 7.76E-06 2x: 1.72E+09 2u: 3.52E-02 ir: 5.72E-06 iu: 1.17E-02 rsn: stol

 Step    677 Time=  5.50967E-01 Dt=  9.75619E-06 [hour] conv_reason: 4
  newton =   2 [    1338] linear =     4 [      2702] cuts =  0 [   0]
  --> SNES Linear/Non-Linear Iterations = 4 / 2
  --> SNES Residual: 0.775513E-05 0.147787E-09 0.572205E-05
  --> max change: dpmx=   2.9863E+02

== GEOMECHANICS ================================================================

 Step    677 Time=  5.50967E-01 Dt=  9.75619E-06 [hour] conv_reason: 2
  linear =   139 [     96515] cuts =  0 [   0]

== RICHARDS FLOW ===============================================================
  0 2r: 2.34E-02 2x: 0.00E+00 2u: 0.00E+00 ir: 2.27E-02 iu: 0.00E+00 rsn:   0
  1 2r: 8.56E-06 2x: 1.72E+09 2u: 8.95E+02 ir: 5.72E-06 iu: 2.99E+02 rsn:   0
  2 2r: 9.13E-06 2x: 1.72E+09 2u: 3.53E-02 ir: 5.72E-06 iu: 1.18E-02 rsn: stol

 Step    678 Time=  5.50977E-01 Dt=  9.77700E-06 [hour] conv_reason: 4
  newton =   2 [    1340] linear =     4 [      2706] cuts =  0 [   0]
  --> SNES Linear/Non-Linear Iterations = 4 / 2
  --> SNES Residual: 0.913466E-05 0.174076E-09 0.572205E-05
  --> max change: dpmx=   2.9862E+02

== GEOMECHANICS ================================================================

 Step    678 Time=  5.50977E-01 Dt=  9.77700E-06 [hour] conv_reason: 2
  linear =   140 [     96655] cuts =  0 [   0]

== RICHARDS FLOW ===============================================================
  0 2r: 2.34E-02 2x: 0.00E+00 2u: 0.00E+00 ir: 2.27E-02 iu: 0.00E+00 rsn:   0
  1 2r: 9.77E-06 2x: 1.72E+09 2u: 8.95E+02 ir: 5.72E-06 iu: 2.99E+02 rsn:   0
  2 2r: 8.75E-06 2x: 1.72E+09 2u: 3.54E-02 ir: 5.72E-06 iu: 1.18E-02 rsn: stol

 Step    679 Time=  5.50986E-01 Dt=  9.79791E-06 [hour] conv_reason: 4
  newton =   2 [    1342] linear =     4 [      2710] cuts =  0 [   0]
  --> SNES Linear/Non-Linear Iterations = 4 / 2
  --> SNES Residual: 0.874520E-05 0.166655E-09 0.572205E-05
  --> max change: dpmx=   2.9862E+02

== GEOMECHANICS ================================================================
